Date,SM_5,SM_40,SM_50,Ts_C
2016-03-01,0.33880952380952384,0.5112380952380953,0.5264761904761905,0.5023809523809524
2016-03-02,0.3415416666666667,0.5163958333333334,0.52953125,0.5
2016-03-03,0.3442395833333333,0.518,0.5311354166666667,0.5072916666666667
2016-03-04,0.34528125,0.51765625,0.531,0.5927083333333333
2016-03-05,0.3464791666666666,0.51659375,0.531,0.6
2016-03-06,0.34742708333333333,0.5162083333333334,0.5313125000000001,0.653125
2016-03-07,0.34832291666666665,0.5165,0.5324479166666667,0.7
2016-03-08,0.349,0.51684375,0.533,0.7020833333333333
2016-03-09,0.34909375,0.51715625,0.5333541666666667,0.715625
2016-03-10,0.3499791666666666,0.5173958333333334,0.5346458333333334,0.7635416666666667
2016-03-11,0.35216666666666663,0.5261979166666667,0.54,0.7791666666666667
2016-03-12,0.364375,0.544625,0.5473020833333334,0.7114583333333333
2016-03-13,0.366,0.5391250000000001,0.5469895833333334,0.7583333333333333
2016-03-14,0.36685416666666665,0.5360416666666667,0.5469583333333333,0.7885416666666667
2016-03-15,0.3678958333333333,0.5352083333333334,0.547,0.7989583333333333
2016-03-16,0.36878125,0.5346875,0.547,0.8
2016-03-17,0.36933333333333335,0.5344895833333334,0.5474687500000001,0.7989583333333333
2016-03-18,0.370125,0.5349375000000001,0.548,0.796875
2016-03-19,0.3708958333333333,0.535,0.548,0.7989583333333333
2016-03-20,0.3704375,0.535,0.548,0.8
2016-03-21,0.37026041666666665,0.535,0.548,0.8
2016-03-22,0.3702083333333333,0.535,0.5483020833333334,0.8
2016-03-23,0.3698958333333333,0.5350104166666667,0.5495000000000001,0.8
2016-03-24,0.36915625,0.5358229166666667,0.55,0.8
2016-03-25,0.36802083333333335,0.5359895833333334,0.55009375,0.8
2016-03-26,0.3666145833333333,0.5359895833333334,0.5511354166666668,0.8
2016-03-27,0.36551041666666667,0.536,0.5519895833333334,0.8
2016-03-28,0.36415625,0.5359791666666667,0.552,0.8
2016-03-29,0.36304166666666665,0.5358645833333333,0.552,0.8
2016-03-30,0.36222916666666666,0.5350729166666667,0.552,0.7989583333333333
2016-03-31,0.36265625,0.535,0.552,0.8
2016-04-01,0.36301041666666667,0.535,0.552,0.8
2016-04-02,0.36343749999999997,0.5352604166666667,0.5522083333333334,0.8
2016-04-03,0.37033333333333335,0.5446458333333334,0.5544791666666667,0.7989583333333333
2016-04-04,0.42659375,0.5728749999999999,0.5580520833333333,0.709375
2016-04-05,0.46397916666666666,0.5747083333333333,0.5608854166666667,0.640625
2016-04-06,0.44956250000000003,0.5763333333333333,0.5533229166666667,0.7
2016-04-07,0.5062916666666667,0.5757395833333333,0.56040625,0.684375
2016-04-08,0.7440833333333333,0.576125,0.56584375,0.50625
2016-04-09,0.7883854166666667,0.5758749999999999,0.5648645833333332,0.5177083333333333
2016-04-10,0.8262916666666666,0.5751666666666666,0.5649895833333333,0.59375
2016-04-11,0.8258229166666666,0.576,0.565,0.6
2016-04-12,0.8143854166666666,0.5747812499999999,0.5661770833333333,0.584375
2016-04-13,0.7749479166666666,0.57165625,0.5676145833333333,0.5020833333333333
2016-04-14,0.7229270833333333,0.5698229166666666,0.5653020833333333,0.48333333333333334
2016-04-15,0.7421770833333333,0.5688958333333333,0.5675,0.4552083333333333
2016-04-16,0.8642395833333333,0.5701354166666667,0.5689375,0.5
2016-04-17,0.8764583333333333,0.5716458333333333,0.5688333333333333,0.5
2016-04-18,0.8851458333333333,0.57046875,0.5686354166666666,0.5
2016-04-19,0.8858541666666667,0.57,0.567375,0.5
2016-04-20,0.88628125,0.56909375,0.5679791666666666,0.5
2016-04-21,0.8885625,0.5686145833333333,0.5682499999999999,0.5
2016-04-22,0.8219583333333333,0.5674479166666666,0.5693125,0.5
2016-04-23,0.6596041666666667,0.5678645833333332,0.5700833333333333,0.5
2016-04-24,0.7277916666666667,0.5659479166666667,0.5698854166666666,0.5
2016-04-25,0.7883958333333333,0.5652291666666666,0.5692708333333333,0.5
2016-04-26,0.73571875,0.56565625,0.5696249999999999,0.5
2016-04-27,0.7819270833333334,0.565,0.569,0.5
2016-04-28,0.7812395833333333,0.565,0.569,0.5
2016-04-29,0.77127083333333335,0.565,0.569,0.5
2016-04-30,0.7631145833333334,0.5654166666666666,0.569,0.5
2016-05-01,0.7548854166666666,0.5666458333333333,0.569,0.5
2016-05-02,0.7461666666666666,0.5675625,0.569,0.5
2016-05-03,0.7117083333333333,0.5692395833333332,0.5698229166666666,0.5
2016-05-04,0.72990625,0.570375,0.5690625,0.49895833333333334
2016-05-05,0.9022395833333333,0.5716770833333333,0.5620625,0.39166666666666666
2016-05-06,0.9450104166666666,0.5757291666666666,0.5644895833333333,0.36458333333333337
2016-05-07,0.94075,0.5766770833333333,0.5644479166666666,0.39895833333333336
2016-05-08,0.9994791666666666,0.57509375,0.5644791666666666,0.5
2016-05-09,0.9876041666666666,0.5726249999999999,0.5667291666666666,0.5
2016-05-10,0.9448229166666666,0.5723020833333333,0.57109375,0.5041666666666667
2016-05-11,0.9012916666666667,0.5729583333333332,0.5719479166666667,0.503125
2016-05-12,0.922125,0.5734895833333333,0.5704479166666666,0.5
2016-05-13,0.9759375,0.57565625,0.5643125,0.49375
2016-05-14,0.95609375,0.5764791666666667,0.5645520833333333,0.4583333333333333
2016-05-15,0.94509375,0.577375,0.5633125,0.4510416666666667
2016-05-16,0.9496354166666666,0.5764791666666667,0.5628125,0.5270833333333333
2016-05-17,0.9614270833333333,0.577,0.5644895833333333,0.6
2016-05-18,0.9797395833333333,0.5766666666666667,0.56466666666666665,0.6
2016-05-19,0.9349166666666667,0.57765625,0.56421875,0.5541666666666667
2016-05-20,0.8727291666666667,0.5790729166666666,0.5648124999999999,0.525
2016-05-21,0.8058020833333334,0.5794895833333333,0.5665833333333333,0.5364583333333334
2016-05-22,0.8167291666666666,0.57975,0.5671875,0.571875
2016-05-23,0.8023333333333333,0.5798958333333333,0.5667812499999999,0.5989583333333333
2016-05-24,0.8263645833333334,0.5778958333333333,0.5662916666666666,0.6
2016-05-25,0.8476666666666667,0.5791875,0.5665,0.603125
2016-05-26,0.9151979166666667,0.5766874999999999,0.5650729166666666,0.6520833333333333
2016-05-27,0.9400416666666667,0.576,0.564,0.7
2016-05-28,0.94359375,0.576,0.5641979166666666,0.6739583333333333
2016-05-29,0.89221875,0.57771875,0.565125,0.65625
2016-05-30,0.9056145833333333,0.58003125,0.5662499999999999,0.6510416666666666
2016-05-31,0.8633020833333334,0.5798020833333333,0.5669895833333333,0.6656249999999999
2016-06-01,0.83453125,0.5807812499999999,0.5681770833333333,0.6197916666666666
2016-06-02,0.850375,0.5810833333333333,0.5683229166666666,0.6854166666666667
2016-06-03,0.896875,0.5812291666666666,0.5682708333333333,0.740625
2016-06-04,0.9234166666666667,0.5815312499999999,0.5682916666666666,0.8895833333333334
2016-06-05,0.9248958333333334,0.5813958333333333,0.5685312499999999,1.1020833333333333
2016-06-06,0.92078125,0.5817395833333333,0.5688229166666666,1.2833333333333332
2016-06-07,0.9231666666666667,0.5826874999999999,0.5690520833333332,1.384375
2016-06-08,0.8924375,0.5856145833333333,0.5690833333333333,1.4854166666666666
2016-06-09,0.9467291666666666,0.58609375,0.5686041666666666,1.8385416666666667
2016-06-10,0.94621875,0.58503125,0.5690833333333333,2.261458333333333
2016-06-11,0.9147291666666667,0.58503125,0.5690520833333332,2.65625
2016-06-12,0.9557291666666666,0.5847708333333334,0.5693541666666666,3.059375
2016-06-13,0.9036770833333333,0.58384375,0.5692499999999999,3.046875
2016-06-14,0.8588645833333334,0.5849166666666666,0.569,2.675
2016-06-15,0.8500833333333333,0.5855520833333333,0.5685520833333333,2.4895833333333335
2016-06-16,0.8522708333333333,0.5866354166666666,0.5672395833333332,2.0625
2016-06-17,0.8315520833333333,NA,0.5667708333333333,2.5395833333333333
2016-06-18,0.8650810810810811,NA,0.5662567567567567,3.9986486486486488
2016-06-27,1.0014137931034481,NA,0.565051724137931,12.391379310344828
2016-06-28,1.011,NA,0.5715729166666667,10.703125
2016-06-29,1.011,NA,0.57190625,10.384375
2016-06-30,1.0100104166666666,NA,0.5714479166666666,9.622916666666667
2016-07-01,0.9942187499999999,NA,0.5691145833333333,9.370833333333334
2016-07-02,1.0109166666666665,NA,0.5700416666666667,9.777083333333334
2016-07-03,0.9916562499999999,NA,0.5713541666666666,10.007291666666667
2016-07-04,0.9840416666666666,NA,0.5711666666666666,9.623958333333333
2016-07-05,1.011,NA,0.5706979166666666,9.2625
2016-07-06,1.011,NA,0.57090625,9.508333333333333
2016-07-07,0.9764166666666666,NA,0.5725416666666666,9.452083333333333
2016-07-08,0.6071041666666667,NA,0.5736979166666666,9.640625
2016-07-09,0.5906041666666667,NA,0.5719583333333332,10.053125
2016-07-10,0.5562395833333333,NA,0.5721979166666666,10.426041666666666
2016-07-11,0.4886979166666667,NA,0.5673020833333333,9.288541666666667
2016-07-12,0.44021875,NA,0.56253125,NA
2016-07-13,NA,NA,0.5576979166666667,NA
2016-07-14,NA,NA,0.5469791666666667,NA
2016-07-15,NA,NA,0.5379583333333333,NA
2016-07-16,NA,NA,0.5301770833333334,NA
2016-07-17,NA,NA,0.5201250000000001,NA
2016-07-18,NA,NA,0.47550000000000003,NA
2016-07-19,0.4262083333333333,0.5569895833333334,0.45256250000000003,11.908333333333333
2016-07-20,0.4256145833333333,0.558,0.45375,12.217708333333334
2016-07-21,0.43147916666666664,0.5615729166666668,0.457,11.68125
2016-07-22,0.42932291666666667,0.5607083333333334,0.45758333333333334,12.082291666666666
2016-07-23,0.4232083333333333,0.5592812500000001,0.4570104166666667,12.411458333333334
2016-07-24,0.42051041666666666,0.559,0.457,11.44375
2016-07-25,0.41729166666666667,0.5586041666666667,0.457,11.326041666666667
2016-07-26,0.41233333333333333,0.5572812500000001,0.4557083333333333,11.116666666666667
2016-07-27,0.4088125,0.5559375000000001,0.455,11.332291666666666
2016-07-28,0.4037604166666667,0.555,0.4535208333333334,11.4625
2016-07-29,0.39875000000000005,0.5546354166666667,0.4513854166666667,11.647916666666667
2016-07-30,0.39386458333333335,0.55325,0.45066666666666666,11.716666666666667
2016-07-31,0.38807291666666666,0.552625,0.45,11.475
2016-08-01,0.38314583333333335,0.552,0.44890625,11.926041666666666
2016-08-02,0.3796875,0.5520208333333334,0.44783333333333336,11.053125
2016-08-03,0.3769375,0.552,0.4463854166666667,10.983333333333333
2016-08-04,0.36043749999999997,0.5529270833333334,0.446,10.425
2016-08-05,0.36441666666666667,0.5558437500000001,0.4465,9.35
2016-08-06,0.3815104166666667,0.5583125000000001,0.448,9.933333333333334
2016-08-07,0.38471875,0.5579791666666667,0.448,11.084375
2016-08-08,0.3783958333333333,0.5563020833333334,0.44759375,11.44375
2016-08-09,0.3720104166666667,0.5551250000000001,0.44615625000000003,11.164583333333333
2016-08-10,0.3711041666666667,0.5555833333333334,0.446,10.505208333333334
2016-08-11,0.37315625,0.5560833333333334,0.446,10.432291666666666
2016-08-12,0.3736875,0.5560520833333333,0.446,9.766666666666667
2016-08-13,0.3691979166666667,0.555,0.446,9.548958333333333
2016-08-14,0.363625,0.5548645833333333,0.44571875,9.91875
2016-08-15,0.35460416666666666,0.5534687500000001,0.445,9.498958333333333
2016-08-16,0.3505520833333333,0.55253125,0.4442916666666667,9.689583333333333
2016-08-17,0.34631249999999997,0.552,0.443,10.241666666666667
2016-08-18,0.34248958333333335,0.552,0.4422291666666667,9.701041666666667
2016-08-19,0.341125,0.552,0.44073958333333335,9.263541666666667
2016-08-20,0.3403229166666667,0.5518854166666667,0.44,9.713541666666666
2016-08-21,0.3381979166666667,0.5505,0.43967708333333333,9.923958333333333
2016-08-22,0.33515625000000004,0.5498437500000001,0.43752083333333336,9.491666666666667
2016-08-23,0.33446875000000004,0.5499583333333333,0.436,8.570833333333333
2016-08-24,0.33403125,0.5496979166666667,0.43594791666666666,8.796875
2016-08-25,0.33666666666666667,0.5525729166666667,0.4357916666666667,7.820833333333334
2016-08-26,0.34346875,0.5560625,0.438,8.061458333333333
2016-08-27,0.34413541666666664,0.5546979166666667,0.438,8.603125
2016-08-28,0.3422395833333334,0.5532187500000001,0.438,8.09375
2016-08-29,0.34237500000000004,0.5553229166666667,0.4423020833333333,8.075
2016-08-30,0.3496875,0.5596562500000001,0.45167708333333334,8.311458333333333
2016-08-31,0.35512499999999997,0.559,0.45039583333333333,9.140625
2016-09-01,0.3528645833333333,0.5580416666666668,0.44890625,9.879166666666666
2016-09-02,0.35522916666666665,0.5602083333333334,0.4506979166666667,9.685416666666667
2016-09-03,0.3580833333333333,0.5598437500000001,0.4505104166666667,9.317708333333334
2016-09-04,0.36363541666666666,0.55978125,0.45002083333333337,9.519791666666666
2016-09-05,0.3619583333333333,0.55925,0.45,9.204166666666667
2016-09-06,0.3567916666666667,0.5585729166666668,0.448875,9.053125
2016-09-07,0.3517083333333333,0.5563229166666667,0.44715625000000003,9.05625
2016-09-08,0.34677173913043474,0.5551521739130435,0.4455434782608696,8.919565217391304
2016-09-09,0.3421354166666667,0.5549791666666667,0.4446979166666667,8.396875
2016-09-10,0.33848958333333334,0.55371875,0.4430104166666667,7.845833333333333
2016-09-11,0.33457291666666666,0.5524583333333334,0.44159375,8.1125
2016-09-12,0.33135416666666667,0.55196875,0.44015625,8.364583333333334
2016-09-13,0.3308125,0.552,0.43923958333333335,8.505208333333334
2016-09-14,0.33106250000000004,0.552,0.438,7.828125
2016-09-15,0.33085416666666667,0.552,0.43757291666666664,6.495833333333334
2016-09-16,0.3306875,0.5519791666666667,0.43604166666666666,5.713541666666667
2016-09-17,0.32989583333333333,0.5516354166666667,0.436,6.0375
2016-09-18,0.32803125,0.5499583333333333,0.43495833333333334,6.902083333333334
2016-09-19,0.32596875000000003,0.54871875,0.43384375,7.9125
2016-09-20,0.3239166666666667,0.548,0.4327083333333333,7.783333333333333
2016-09-21,0.32165625000000003,0.5470520833333333,0.43034374999999997,7.963541666666667
2016-09-22,0.32075,0.5459791666666667,0.4286875,7.742708333333334
2016-09-23,0.31952083333333337,0.5450104166666667,0.4275,7.653125
2016-09-24,0.3198020833333333,0.545,0.426,5.507291666666666
2016-09-25,0.3196875,0.5485625000000001,0.42621875,5.428125
2016-09-26,0.32025000000000003,0.5508541666666668,0.4276875,5.659375
2016-09-27,0.320125,0.5484270833333333,0.4260833333333333,6.436458333333333
2016-09-28,0.31977083333333334,0.548,0.426,6.826041666666667
2016-09-29,0.31896875,0.5469270833333334,0.426,7.009375
2016-09-30,0.3188854166666667,0.5488333333333334,0.42532291666666666,7.175
2016-10-01,0.32545833333333335,0.552,0.426,6.676041666666666
2016-10-02,0.32664583333333336,0.5507604166666668,0.426,6.770833333333333
2016-10-03,0.3266875,0.5499895833333334,0.426,5.221875
2016-10-04,0.32695833333333335,0.5496875,0.42603125,3.673958333333333
2016-10-05,0.32605208333333335,0.5493020833333334,0.426,2.834375
2016-10-06,0.326,0.5491770833333334,0.426,2.619791666666667
2016-10-07,0.326,0.5492187500000001,0.426,2.5083333333333333
2016-10-08,0.32689583333333333,0.5510625,0.42652083333333335,2.4385416666666666
2016-10-09,0.3331041666666667,0.55840625,0.4366145833333333,2.3229166666666665
2016-10-10,0.34006250000000005,0.5621875000000001,0.4448229166666667,3.128125
2016-10-11,0.35032291666666665,0.56303125,0.4466979166666667,2.7239583333333335
2016-10-12,0.35926041666666664,0.564,0.44828125,2.25625
2016-10-13,0.3637916666666667,0.5643333333333332,0.4493020833333333,2.0864583333333333
2016-10-14,0.36601041666666667,0.5643541666666666,0.45128125,2.3072916666666665
2016-10-15,0.3664895833333333,0.5643333333333332,0.45027083333333334,3.03125
2016-10-16,0.36309375,0.5630416666666667,0.45,3.625
2016-10-17,0.36201041666666667,0.562,0.4497083333333333,3.0239583333333333
2016-10-18,0.36163541666666665,0.562,0.449625,2.4208333333333334
2016-10-19,0.36142708333333334,0.562,0.448,2.2427083333333333
2016-10-20,0.3622708333333333,0.56196875,0.448,2.044791666666667
2016-10-21,0.3648958333333333,0.5618125,0.448,1.8166666666666667
2016-10-22,0.3672083333333333,0.562,0.448,2.2958333333333334
2016-10-23,0.36521875,0.5618125,0.448,2.9479166666666665
2016-10-24,0.36357291666666663,0.5605104166666667,0.448,3.41875
2016-10-25,0.3648125,0.5606562500000001,0.448,3.1322916666666667
2016-10-26,0.36932291666666667,0.5619479166666668,0.448,3.140625
2016-10-27,0.36703125,0.56096875,0.448,3.5239583333333333
2016-10-28,0.36559375,0.56,0.44795833333333335,3.5677083333333335
2016-10-29,0.36807291666666664,0.5609895833333334,0.44798958333333333,3.589583333333333
2016-10-30,0.3734895833333333,0.562,0.4486145833333333,3.4489583333333336
2016-10-31,0.37124999999999997,0.5617395833333334,0.4480104166666667,3.2802083333333334
2016-11-01,0.36940625,0.5609791666666667,0.448,3.19375
2016-11-02,0.36934374999999997,0.5610416666666668,0.448,2.721875
2016-11-03,0.37105208333333334,0.5613645833333334,0.448,2.0729166666666665
2016-11-04,0.37565625,0.5627604166666667,0.4486979166666667,1.5489583333333332
2016-11-05,0.3781041666666667,0.56384375,0.45,1.4
2016-11-06,0.378875,0.5630833333333333,0.45,1.4864583333333332
2016-11-07,0.37663541666666667,0.562,0.45,1.5875
2016-11-08,0.37465625,0.562,0.45,1.4979166666666666
2016-11-09,0.3730833333333333,0.562,0.45,1.546875
2016-11-10,0.37163541666666666,0.5619791666666667,0.45,1.9270833333333333
2016-11-11,0.37041666666666667,0.5613541666666667,0.44985416666666667,1.7729166666666667
2016-11-12,0.3696979166666667,0.5609895833333334,0.44945833333333335,1.5239583333333333
2016-11-13,0.369,0.5600625,0.448875,1.2666666666666666
2016-11-14,0.36883333333333335,0.56,0.44802083333333337,0.9864583333333333
2016-11-15,0.3676770833333333,0.55996875,0.448,0.9854166666666667
2016-11-16,0.36704166666666665,0.5592812500000001,0.44705208333333335,1.1041666666666667
2016-11-17,0.367,0.5590416666666668,0.446,0.9458333333333334
2016-11-18,0.366625,0.5593750000000001,0.446,0.8
2016-11-19,0.36632291666666666,0.55915625,0.446,0.8
2016-11-20,0.36690625,0.559,0.4457291666666667,0.8093750000000001
2016-11-21,0.367,0.559,0.445,0.8645833333333334
2016-11-22,0.367,0.559,0.445,0.9
2016-11-23,0.367,0.559,0.445,0.9
2016-11-24,0.3669895833333333,0.559,0.445,0.9
2016-11-25,0.3669895833333333,0.559,0.44497916666666665,0.89375
2016-11-26,0.367,0.559,0.4444375,0.8093750000000001
2016-11-27,0.367,0.559,0.4434166666666667,0.7510416666666667
2016-11-28,0.36614583333333334,0.559,0.443,0.7
2016-11-29,0.366,0.559,0.443,0.7
2016-11-30,0.366,0.559,0.443,0.7
2016-12-01,0.366,0.559,0.443,0.7
2016-12-02,0.3653125,0.559,0.443,0.6114583333333333
2016-12-03,0.3646979166666667,0.559,0.443,0.6
2016-12-04,0.36414583333333334,0.559,0.443,0.6
2016-12-05,0.364,0.559,0.443,0.6
2016-12-06,0.364,0.559,0.44257291666666665,0.6
2016-12-07,0.364,0.559,0.44242708333333336,0.6
2016-12-08,0.364,0.559,0.4423020833333333,0.5885416666666666
2016-12-09,0.36395833333333333,0.559,0.44204166666666667,0.5020833333333333
2016-12-10,0.3630833333333333,0.559,0.44185416666666666,0.5
2016-12-11,0.363,0.559,0.441625,0.5
2016-12-12,0.363375,0.559,0.441,0.50625
2016-12-13,0.364,0.559,0.441,0.5635416666666666
2016-12-14,0.3643645833333333,0.559,0.441,0.6
2016-12-15,0.36543749999999997,0.559,0.441,0.6
2016-12-16,0.3662708333333333,0.559,0.441,0.6
2016-12-17,0.36724999999999997,0.559,0.441,0.6
2016-12-18,0.3683020833333333,0.559,0.441,0.6
2016-12-19,0.36907291666666664,0.559,0.441,0.6
2016-12-20,0.36996875,0.559,0.441,0.603125
2016-12-21,0.37002083333333335,0.559,0.441,0.6520833333333333
2016-12-22,0.3708854166666667,0.559,0.441,0.6989583333333332
2016-12-23,0.3710104166666667,0.559,0.44094791666666666,0.7
2016-12-24,0.3715833333333333,0.559,0.4408854166666667,0.7
2016-12-25,0.3721770833333333,0.559,0.4405104166666667,0.7
2016-12-26,0.37323958333333335,0.559,0.44090625,0.7
2016-12-27,0.37407291666666664,0.559,0.4403958333333333,0.7
2016-12-28,0.37497916666666664,0.559,0.44015625,0.7
2016-12-29,0.3758125,0.559,0.4402083333333333,0.7
2016-12-30,0.37653125,0.559,0.44003125,0.7
2016-12-31,0.377,0.559,0.44,0.7
2017-01-01,0.37705208333333334,0.559,0.44,0.7
2017-01-02,0.37772916666666667,0.559,0.44004166666666666,0.7
2017-01-03,0.378,0.559,0.4400104166666667,0.7
2017-01-04,0.37835416666666666,0.559,0.44,0.7
2017-01-05,0.3798854166666667,0.559,0.44,0.7
2017-01-06,0.38004166666666667,0.5590520833333333,0.44,0.7
2017-01-07,0.38095833333333334,0.5590937500000001,0.44,0.7
2017-01-08,0.3811979166666667,0.5594062500000001,0.44,0.7
2017-01-09,0.38275000000000003,0.5598333333333334,0.44,0.7
2017-01-10,0.38448958333333333,0.5598541666666668,0.44,0.7
2017-01-11,0.38608333333333333,0.5598229166666667,0.44,0.7
2017-01-12,0.387625,0.5598645833333333,0.44,0.7
2017-01-13,0.3886041666666667,0.5599270833333334,0.44,0.7
2017-01-14,0.389,0.5599270833333334,0.44,0.7
2017-01-15,0.38977083333333334,0.5599791666666667,0.44,0.7
2017-01-16,0.39003125,0.56,0.44,0.7
2017-01-17,0.39095833333333335,0.56,0.44,0.7
2017-01-18,0.39127083333333335,0.56,0.44,0.7
2017-01-19,0.392,0.56,0.44,0.7
2017-01-20,0.39264583333333336,0.56,0.44,0.7
2017-01-21,0.3932083333333333,0.56,0.44,0.7
2017-01-22,0.394,0.56,0.44,0.7
2017-01-23,0.3946145833333333,0.56,0.44,0.7
2017-01-24,0.3957916666666667,0.56,0.44,0.7
2017-01-25,0.39626041666666667,0.56,0.44,0.7
2017-01-26,0.3975,0.56,0.44,0.7
2017-01-27,0.39827083333333335,0.56,0.44,0.7
2017-01-28,0.3985104166666667,0.56,0.44,0.7
2017-01-29,0.39916666666666667,0.56,0.44,0.7
2017-01-30,0.3999479166666667,0.56,0.44,0.7
2017-01-31,0.4001041666666667,0.56,0.44,0.7
2017-02-01,0.40070833333333333,0.56,0.44,0.7
2017-02-02,0.40103125,0.56,0.44,0.7
2017-02-03,0.40168750000000003,0.56,0.44,0.7
2017-02-04,0.40203125,0.56,0.44,0.7
2017-02-05,0.4022604166666667,0.56,0.44,0.7
2017-02-06,0.40303125,0.56,0.44,0.7
2017-02-07,0.4039479166666667,0.56,0.44,0.7
2017-02-08,0.4047291666666667,0.56,0.4401145833333333,0.7
2017-02-09,0.40556250000000005,0.56,0.4400625,0.7
2017-02-10,0.40651041666666665,0.56,0.44003125,0.7
2017-02-11,0.40743749999999995,0.56,0.4401145833333333,0.7
2017-02-12,0.40821874999999996,0.56,0.4401145833333333,0.7
2017-02-13,0.4088958333333333,0.56,0.44007291666666665,0.7
2017-02-14,0.409,0.56,0.44009375,0.7
2017-02-15,0.40954166666666664,0.56,0.44009375,0.7
2017-02-16,0.4100833333333333,0.56,0.44005208333333334,0.7
2017-02-17,0.41093749999999996,0.56,0.440125,0.7
2017-02-18,0.41128125,0.56,0.4401145833333333,0.7
2017-02-19,0.41210416666666666,0.56,0.4400833333333333,0.7
2017-02-20,0.413,0.56,0.4401145833333333,0.7
2017-02-21,0.4134895833333333,0.56,0.4402083333333333,0.7
2017-02-22,0.41452083333333334,0.56,0.440125,0.7
2017-02-23,0.4153020833333333,0.56,0.4401041666666667,0.7
2017-02-24,0.41660416666666666,0.56,0.44013541666666667,0.7
2017-02-25,0.41733333333333333,0.56,0.4400625,0.7
2017-02-26,0.41865625,0.56,0.44021875,0.7
2017-02-27,0.41969791666666667,0.56,0.44027083333333333,0.7
2017-02-28,0.42101041666666666,0.5600833333333334,0.44077083333333333,0.7
2017-03-01,0.42215625,0.56015625,0.44077083333333333,0.7
2017-03-02,0.4233854166666667,0.5603854166666667,0.4407916666666667,0.7
2017-03-03,0.4245,0.56034375,0.44083333333333335,0.7
2017-03-04,0.42541666666666667,0.5602916666666667,0.44078125,0.7
2017-03-05,0.426375,0.5603958333333334,0.44086458333333334,0.7
2017-03-06,0.427,0.5603750000000001,0.44077083333333333,0.6989583333333332
2017-03-07,0.4278958333333333,0.5603020833333334,0.441,0.6968749999999999
2017-03-08,0.429,0.5600312500000001,0.441,0.6802083333333333
2017-03-09,0.4298020833333333,0.56,0.441,0.671875
2017-03-10,0.43047916666666663,0.56,0.441,0.646875
2017-03-11,0.431375,0.56,0.441,0.634375
2017-03-12,0.432,0.56,0.441,0.621875
2017-03-13,0.4326875,0.56,0.441,0.615625
2017-03-14,0.43326041666666665,0.56,0.441,0.6052083333333333
2017-03-15,0.434,0.56,0.441,0.6041666666666666
2017-03-16,0.434,0.56,0.441,0.6010416666666667
2017-03-17,0.4346145833333333,0.5603125000000001,0.4421979166666667,0.6041666666666666
2017-03-18,0.43522916666666667,0.5610520833333333,0.44483333333333336,0.6
2017-03-19,0.4360833333333333,0.5620416666666668,0.45405208333333336,0.6010416666666667
2017-03-20,0.4369895833333333,0.5639791666666666,0.45784375,0.6020833333333333
2017-03-21,0.4376875,0.564,0.4592291666666667,0.6010416666666667
2017-03-22,0.4388958333333333,0.5647395833333333,0.46,0.6010416666666667
2017-03-23,0.4401145833333333,0.565,0.46,0.6010416666666667
2017-03-24,0.4418229166666667,0.565,0.46078125000000003,0.6010416666666667
2017-03-25,0.4437916666666667,0.565,0.46186458333333336,0.6
2017-03-26,0.44604166666666667,0.565,0.4619479166666667,0.6
2017-03-27,0.4478854166666667,0.565,0.462,0.6
2017-03-28,0.449625,0.565,0.462,0.6
2017-03-29,0.45125000000000004,0.5648229166666666,0.46207291666666667,0.6
2017-03-30,0.45252083333333337,0.5643333333333332,0.46228125000000003,0.6
2017-03-31,0.45375,0.564,0.46258333333333335,0.6
2017-04-01,0.4551145833333333,0.564,0.463,0.6
2017-04-02,0.4561145833333333,0.564,0.463,0.6
2017-04-03,0.45755208333333336,0.564,0.463,0.6
2017-04-04,0.45859375,0.5643854166666666,0.463,0.6
2017-04-05,0.4591145833333333,0.565,0.463,0.6
2017-04-06,0.46023958333333337,0.565,0.463,0.6
2017-04-07,0.461625,0.565,0.46456250000000004,0.6
2017-04-08,0.4628125,0.565,0.46684375,0.6
2017-04-09,0.4647916666666667,0.565,0.467,0.6
2017-04-10,0.4669270833333334,0.565,0.467,0.6
2017-04-11,0.46815625,0.565,0.467,0.6
2017-04-12,0.46721874999999996,0.5649895833333333,0.4673333333333334,0.6
2017-04-13,0.4469166666666667,0.565,0.46336458333333336,0.6
2017-04-14,0.5823020833333333,0.5651041666666666,0.46320833333333333,0.5989583333333333
2017-04-15,0.7963020833333334,0.565,0.4647916666666667,0.5041666666666667
2017-04-16,0.8011770833333334,0.565,0.465,0.5
2017-04-17,0.8082291666666667,0.565,0.465,0.5
2017-04-18,0.8169375,0.565,0.465,0.5
2017-04-19,0.82740625,0.565,0.4652291666666667,0.5
2017-04-20,0.8315833333333333,0.565,0.466,0.5
2017-04-21,0.8353229166666666,0.565,0.46564583333333337,0.5
2017-04-22,0.8389791666666666,0.565,0.4667395833333334,0.5
2017-04-23,0.8429166666666666,0.565,0.46697916666666667,0.5
2017-04-24,0.8518125,0.565,0.4669375,0.5
2017-04-25,NA,0.565,0.4669479166666667,NA
2017-04-26,NA,0.565,0.467,NA
2017-04-27,0.8541041666666667,0.565,0.467,0.5
2017-04-28,0.856125,0.5651145833333333,0.467,0.5
2017-04-29,0.8598854166666666,0.5660104166666666,0.467,0.5
2017-04-30,0.8625104166666666,0.5664583333333333,0.467,0.5
2017-05-01,0.8644791666666667,0.5669583333333332,0.4671354166666667,0.5
2017-05-02,0.86721875,0.5669687499999999,0.46797916666666667,0.5
2017-05-03,0.8710416666666667,0.567,0.468,0.5
2017-05-04,0.8779166666666667,0.5664895833333333,0.468,0.5
2017-05-05,0.8922604166666667,0.5651875,0.46818750000000003,0.5
2017-05-06,0.8879583333333333,0.5654999999999999,0.46882291666666664,0.5
2017-05-07,0.88171875,0.565,0.4689583333333333,0.5
2017-05-08,0.8786041666666666,0.5657083333333333,0.46953124999999996,0.49583333333333335
2017-05-09,0.87784375,0.5666666666666667,0.47,0.49895833333333334
2017-05-10,0.8828958333333333,0.56690625,0.47,0.5
2017-05-11,0.9109583333333333,0.5669583333333332,0.47,0.5125
2017-05-12,0.9233541666666667,0.5668854166666666,0.47,0.5
2017-05-13,0.9265625000000001,0.5669270833333333,0.47,0.5
2017-05-14,0.9425729166666666,0.567,0.47,0.5
2017-05-15,0.9718125,0.567,0.47,0.5010416666666667
2017-05-16,0.9794270833333333,0.567,0.4698645833333333,0.5010416666666667
2017-05-17,0.9829270833333333,0.567,0.4699583333333333,0.5208333333333334
2017-05-18,0.9848645833333333,0.567,0.4699583333333333,0.528125
2017-05-19,0.9835937499999999,0.567,0.46878125,0.5
2017-05-20,0.9755625,0.567,0.4684583333333333,0.5
2017-05-21,0.9626354166666666,0.567,0.46904166666666663,0.5
2017-05-22,0.9491458333333332,0.567,0.4690625,0.5
2017-05-23,0.9411145833333333,0.567,0.47,0.478125
2017-05-24,0.9361041666666667,0.567,0.46924999999999994,0.421875
2017-05-25,0.9340520833333333,0.567,0.4695833333333333,0.4916666666666667
2017-05-26,0.9346145833333334,0.567,0.47,0.4010416666666667
2017-05-27,0.92709375,0.567,0.47,0.42500000000000004
2017-05-28,0.9227708333333334,0.567,0.47002083333333333,0.5
2017-05-29,0.9316041666666667,0.567,0.47002083333333333,0.5
2017-05-30,0.9375833333333333,0.567,0.4707083333333333,0.5
2017-05-31,0.9428749999999999,0.5671979166666666,0.47081249999999997,0.5
2017-06-01,0.9587291666666666,0.5686145833333333,0.47132291666666665,0.5
2017-06-02,0.9843645833333333,0.56875,0.4738958333333333,0.5
2017-06-03,0.9918645833333333,0.569,0.47729166666666667,0.509375
2017-06-04,0.9930208333333334,0.5690624999999999,0.48062499999999997,0.53125
2017-06-05,0.99846875,0.5706249999999999,0.47659375,0.5354166666666667
2017-06-06,0.9998541666666666,0.5754895833333333,0.47594791666666664,0.5864583333333333
2017-06-07,1.0001041666666666,0.5763645833333333,0.47229166666666667,0.5572916666666666
2017-06-08,1.0021041666666666,0.5753958333333333,0.47951041666666666,0.5291666666666667
2017-06-09,1.0028958333333333,0.5759270833333333,0.4833125,0.55
2017-06-10,1.00328125,NA,0.48522916666666666,0.5625
2017-06-11,1.0043020833333334,NA,0.48165625,0.6
2017-06-12,1.004125,NA,0.47529166666666667,0.5947916666666666
2017-06-13,1.0054479166666666,NA,0.4735625,0.6
2017-06-14,1.0049895833333333,NA,0.4730729166666666,0.6
2017-06-15,1.0056770833333333,NA,0.4723958333333333,0.5822916666666667
2017-06-16,1.0062395833333333,NA,0.47319791666666666,0.559375
2017-06-17,1.0073020833333333,NA,0.4778958333333333,0.6010416666666667
2017-06-18,1.0072708333333333,NA,0.48394791666666664,0.6385416666666667
2017-06-19,1.0076145833333332,NA,0.4823854166666667,0.6729166666666666
2017-06-20,1.0078645833333333,NA,0.4815833333333333,0.7177083333333333
2017-06-21,1.0081041666666666,NA,0.47840625,0.8635416666666667
2017-06-22,1.0100104166666666,NA,0.4771458333333333,1.1031250000000001
2017-06-23,1.0098229166666666,NA,0.4784583333333333,1.2177083333333334
2017-06-24,1.0093333333333332,0.5850416666666667,0.48063541666666665,1.3364583333333333
2017-06-25,1.0092916666666667,0.5717291666666666,0.4786458333333333,1.6802083333333333
2017-06-26,1.0109479166666666,0.5695208333333333,0.47562499999999996,4.013541666666667
2017-06-27,1.011,0.5691041666666666,0.475,7.201041666666667
2017-06-28,1.011,0.569,0.475,7.248958333333333
2017-06-29,1.011,0.569,0.475,7.186458333333333
2017-06-30,1.011,0.5690520833333332,0.475,7.717708333333333
2017-07-01,1.011,0.5695729166666667,0.475,8.50625
2017-07-02,1.011,0.57,0.47503124999999996,9.160416666666666
2017-07-03,1.011,NA,NA,9.039583333333333
2017-07-04,1.011,NA,NA,9.022916666666667
2017-07-05,1.011,NA,NA,9.438541666666667
2017-07-06,1.011,NA,NA,9.903125
2017-07-07,1.0045104166666665,NA,NA,9.7375
2017-07-08,0.8510520833333334,NA,NA,9.2
2017-07-09,0.53128125,NA,NA,9.58125
2017-07-10,0.52559375,NA,NA,10.73125
2017-07-11,0.5270833333333333,NA,NA,11.228125
2017-07-12,0.5297083333333333,NA,NA,10.611458333333333
2017-07-13,0.5079479166666667,NA,NA,11.136458333333334
2017-07-14,0.497,NA,NA,12.1125
2017-07-15,0.48741666666666666,NA,NA,12.575
2017-07-16,0.4816875,NA,NA,12.057291666666666
2017-07-17,0.47588541666666667,NA,NA,12.066666666666666
2017-07-18,0.47019791666666666,NA,NA,12.053125
2017-07-19,0.469875,NA,NA,12.1125
2017-07-20,0.4774791666666666,NA,NA,12.388541666666667
2017-07-21,0.47929166666666667,NA,NA,12.49375
2017-07-22,0.4855,NA,NA,12.34468085106383
2017-07-23,0.48044791666666664,0.572,0.477,12.584375
2017-07-24,0.47059375,0.572,0.475375,12.846875
2017-07-25,0.4677395833333334,0.57140625,0.4749583333333333,12.697916666666666
2017-07-26,0.5172708333333333,0.571375,0.47669791666666667,12.9125
2017-07-27,0.5042708333333333,0.5708645833333332,0.4790520833333333,13.472916666666666
2017-07-28,0.48666666666666664,0.572,0.48122916666666665,13.439583333333333
2017-07-29,0.4818645833333333,0.57209375,0.48085416666666664,12.703125
2017-07-30,0.4781145833333333,0.5716041666666666,0.48064583333333333,11.714583333333334
2017-07-31,0.48010416666666667,0.572,0.4816770833333333,12
2017-08-01,0.47710416666666666,0.572,0.47996875,12.534375
2017-08-02,0.47030208333333334,0.572,0.47885416666666664,12.19375
2017-08-03,0.46608333333333335,0.5719895833333333,0.4780833333333333,11.744791666666666
2017-08-04,0.46496875000000004,0.5709583333333332,0.4778958333333333,11.559375
2017-08-05,0.46364583333333337,0.57,0.47884374999999996,11.460416666666667
2017-08-06,0.465125,0.57,0.47951041666666666,11.140625
2017-08-07,0.66484375,0.5695937499999999,0.47944791666666664,9.497916666666667
2017-08-08,0.99209375,0.569,0.4799791666666666,8.263541666666667
2017-08-09,1.0076979166666666,0.569,0.48004166666666664,8.417708333333334
2017-08-10,1.0109895833333333,0.569,0.4806875,8.980208333333334
2017-08-11,1.011,0.569,0.48044791666666664,10.394791666666666
2017-08-12,1.0099791666666667,0.569,0.48,9.520833333333334
2017-08-13,1.011,0.569,0.48,9.684375
2017-08-14,1.011,0.5688020833333333,0.48,10.069791666666667
2017-08-15,0.8811979166666666,0.5691770833333333,0.4806145833333333,10.134375
2017-08-16,0.5478437500000001,0.5671979166666666,0.48413541666666665,9.882291666666667
2017-08-17,0.513375,0.57,0.487,10.226041666666667
2017-08-18,0.49895833333333334,0.5699791666666666,0.4866979166666667,10.845833333333333
2017-08-19,0.48964583333333334,0.5696874999999999,0.48555208333333333,11.354166666666666
2017-08-20,0.48283333333333334,0.5690520833333332,0.485,10.998958333333333
2017-08-21,0.47865625,0.569,0.4849895833333333,10.340625
2017-08-22,0.47491666666666665,0.569,0.48444791666666664,10.572916666666666
2017-08-23,0.47219791666666666,0.569,0.4840520833333333,11.060416666666667
2017-08-24,0.4703958333333333,0.569,0.4838645833333333,10.1625
2017-08-25,0.46829166666666666,0.569,0.48346875,10.579166666666667
2017-08-26,0.46366666666666667,0.569,0.48304166666666665,10.9625
2017-08-27,0.46003125,0.5689583333333332,0.4829895833333333,10.975
2017-08-28,0.4566979166666667,0.5680833333333333,0.48296875,11.008333333333333
2017-08-29,0.4528229166666667,0.5674583333333333,0.4829895833333333,10.908333333333333
2017-08-30,0.4498020833333333,0.5662395833333332,0.48132291666666666,10.572916666666666
2017-08-31,0.44705208333333335,0.565,0.477,10.909375
2017-09-01,0.44546875,0.565,0.477,11.032291666666667
2017-09-02,0.44190625,0.565,0.47651041666666666,11.138541666666667
2017-09-03,0.4368854166666667,0.5648020833333333,0.4753958333333333,11.533333333333333
2017-09-04,0.43153125,0.5645416666666666,0.47441666666666665,10.844791666666667
2017-09-05,0.42771875,0.5640208333333333,0.474,10.610416666666667
2017-09-06,0.42322916666666666,0.564,0.474,10.202083333333333
2017-09-07,0.41663541666666665,0.5636874999999999,0.46992708333333333,10.059375
2017-09-08,0.41109375,0.5627187499999999,0.4619270833333334,9.578125
2017-09-09,0.4072395833333333,0.56234375,0.4567083333333333,9.730208333333334
2017-09-10,0.4064479166666667,0.5633958333333333,0.45817708333333335,9.740625
2017-09-11,0.4146145833333333,0.565,0.4601354166666667,9.982291666666667
2017-09-12,0.41482291666666665,0.5649583333333332,0.4600416666666667,10.078125
2017-09-13,0.41984374999999996,0.565,0.46155208333333336,9.652083333333334
2017-09-14,0.41603124999999996,0.5649791666666666,0.4622291666666667,9.717708333333333
2017-09-15,0.4134583333333333,0.56465625,0.46195833333333336,9.001041666666667
2017-09-16,0.425875,0.5649895833333333,0.46255208333333336,7.59375
2017-09-17,0.426,0.565,0.46296875000000004,7.01875
2017-09-18,0.4196770833333333,0.565,0.462125,7.660416666666666
2017-09-19,0.41192708333333333,0.5643958333333333,0.461625,7.633333333333334
2017-09-20,0.40458333333333335,0.564,0.4594375,8.108333333333333
2017-09-21,0.39827083333333335,0.5637291666666666,0.4570104166666667,8.164583333333333
2017-09-22,0.39337500000000003,0.5628229166666666,0.457,7.333333333333333
2017-09-23,0.39215625000000004,0.5624791666666666,0.45690625,6.521875
2017-09-24,0.39726041666666667,0.564,0.45616666666666666,4.946875
2017-09-25,0.41560416666666666,0.5647395833333333,0.4588125,3.9656249999999997
2017-09-26,0.42802083333333335,0.5656979166666666,0.4658125,4.46875
2017-09-27,0.43765625,0.568,0.47,4.55
2017-09-28,0.43625,0.5676874999999999,0.4716145833333333,3.76875
2017-09-29,0.4444166666666667,0.5689479166666667,0.47443749999999996,4.471875
2017-09-30,0.44690625,0.569,0.47433333333333333,5.026041666666667
2017-10-01,0.4456979166666667,0.569,0.47640625,3.6041666666666665
2017-10-02,0.4471041666666667,0.569,0.477,2.8875
2017-10-03,0.4468958333333333,0.5692499999999999,0.47760416666666666,2.5708333333333333
2017-10-04,0.5720729166666667,0.5691562499999999,0.4769895833333333,2.2666666666666666
2017-10-05,0.89178125,0.5682499999999999,0.474,2.0677083333333335
2017-10-06,0.9143958333333334,0.5685833333333333,0.474,2.090625
2017-10-07,0.9153125000000001,0.569,0.474,2.135416666666667
2017-10-08,0.9277291666666667,0.569,0.474,2.0791666666666666
2017-10-09,0.9361770833333334,0.569,0.474,2.004166666666667
2017-10-10,0.93090625,0.5692083333333333,0.474,1.9979166666666666
2017-10-11,0.9375520833333334,0.5695208333333333,0.474,1.9114583333333333
2017-10-12,0.9610833333333333,0.5693854166666666,0.474,1.859375
2017-10-13,0.9858854166666666,0.569,0.474,1.703125
2017-10-14,0.9199479166666666,0.56875,0.4740520833333333,1.4614583333333333
2017-10-15,0.54271875,0.5674791666666666,0.4762083333333333,1.10625
2017-10-16,0.5911666666666666,0.5669375,0.4766666666666666,1.0885416666666667
2017-10-17,0.5699062500000001,0.5669270833333333,0.47590625,1.7489583333333334
2017-10-18,0.539,0.5659895833333333,0.47583333333333333,2.30625
2017-10-19,0.5291458333333333,0.56578125,0.4766458333333333,2.5635416666666666
2017-10-20,0.5361354166666668,0.5658124999999999,0.47475,3.2
2017-10-21,0.5319166666666667,0.5663854166666666,0.4760520833333333,2.1729166666666666
2017-10-22,0.5244479166666667,0.5674583333333333,0.4788958333333333,1.6385416666666668
2017-10-23,0.521,0.566375,0.4795833333333333,2.225
2017-10-24,0.5006770833333334,0.569,0.4836770833333333,1.9677083333333334
2017-10-25,0.49615625,0.569,0.48392708333333334,2.160416666666667
2017-10-26,0.49452083333333335,0.569,0.4828020833333333,1.5166666666666666
2017-10-27,0.4920104166666667,0.569,0.48264583333333333,1.1864583333333334
2017-10-28,0.49035416666666665,0.569,0.48291666666666666,1.0458333333333334
2017-10-29,0.48632291666666666,0.569,0.4829583333333333,1.0739583333333333
2017-10-30,0.48591666666666666,0.569,0.48233333333333334,1.0166666666666666
2017-10-31,0.484875,0.569,0.482,0.9135416666666667
2017-11-01,0.48292708333333334,0.569,0.482,0.8729166666666667
2017-11-02,0.48235416666666664,0.569,0.483,0.86875
2017-11-03,0.48252083333333334,0.569,0.4837083333333333,1.1864583333333334
2017-11-04,0.48214583333333333,0.569,0.48341666666666666,0.9572916666666667
2017-11-05,0.482,0.569,0.48302083333333334,0.90625
2017-11-06,0.4819791666666666,0.569,0.48372916666666665,0.915625
2017-11-07,0.48114583333333333,0.569,0.484,0.9427083333333334
2017-11-08,0.4808020833333333,0.569,0.484,0.9833333333333334
2017-11-09,0.48,0.569,0.484,1
2017-11-10,0.4793645833333333,0.569,0.484,1
2017-11-11,0.479,0.569,0.484,1
2017-11-12,0.47894791666666664,0.569,0.484,1
2017-11-13,0.47809375,0.569,0.484,1.00625
2017-11-14,0.47769791666666667,0.569,0.484,1.04375
2017-11-15,0.4770833333333333,0.569,0.484,1.0447916666666668
2017-11-16,0.4770625,0.569,0.484,1.003125
2017-11-17,0.4765833333333333,0.569,0.484,1.059375
2017-11-18,0.476,0.569,0.4848125,1.0760416666666668
2017-11-19,0.47602083333333334,0.569,0.485,1.0666666666666667
2017-11-20,0.47619791666666667,0.569,0.485,1.0083333333333333
2017-11-21,0.47604166666666664,0.569,0.4853854166666667,1
2017-11-22,0.476,0.569,0.48657291666666663,1
2017-11-23,0.4758645833333333,0.569,0.487,1
2017-11-24,0.47503124999999996,0.569,0.487,1
2017-11-25,0.47471874999999997,0.569,0.487,1
2017-11-26,0.47403124999999996,0.569,0.48733333333333334,1
2017-11-27,0.4740520833333333,0.569,0.48865625,1
2017-11-28,0.47402083333333334,0.569,0.489,1
2017-11-29,0.474375,0.569,0.489,1
2017-11-30,0.47492708333333333,0.569,0.489375,1
2017-12-01,0.475,0.569,0.49003125,0.990625
2017-12-02,0.4748020833333333,0.569,0.4909895833333333,0.9833333333333334
2017-12-03,0.4746666666666666,0.569,0.491,0.9822916666666667
2017-12-04,0.47431249999999997,0.569,0.491,0.9760416666666667
2017-12-05,0.47413541666666664,0.569,0.491,0.9385416666666667
2017-12-06,0.47488541666666667,0.569,0.491,0.9
2017-12-07,0.47443749999999996,0.569,0.491,0.8760416666666667
2017-12-08,0.474,0.569,0.491,0.8
2017-12-09,0.4732395833333333,0.569,0.491,0.8
2017-12-10,0.473,0.569,0.49154166666666665,0.8
2017-12-11,0.47271874999999997,0.569,0.4918645833333333,0.7864583333333334
2017-12-12,0.472,0.569,0.49190625,0.734375
2017-12-13,0.472,0.569,0.492,0.7145833333333333
2017-12-14,0.47119791666666666,0.569,0.49144791666666665,0.7041666666666666
2017-12-15,0.471,0.569,0.4910833333333333,0.7020833333333333
2017-12-16,0.471,0.569,0.4916770833333333,0.7010416666666667
2017-12-17,0.47052083333333333,0.5695625,0.49102083333333335,0.7
2017-12-18,0.47,0.5690104166666666,0.491,0.7
2017-12-19,0.47,0.569,0.491,0.7
2017-12-20,0.47,0.569,0.491,0.7
2017-12-21,0.46996875,0.569,0.491,0.7
2017-12-22,0.4697395833333333,0.569,0.491,0.7
2017-12-23,0.46979166666666666,0.569,0.491,0.7
2017-12-24,0.4699583333333333,0.569,0.491,0.7
2017-12-25,0.47,0.569,0.491,0.7
2017-12-26,0.47,0.569,0.491,0.6989583333333332
2017-12-27,0.47,0.569,0.491,0.7
2017-12-28,0.4699791666666666,0.569,0.491,0.6958333333333333
2017-12-29,0.47,0.569,0.491,0.6968749999999999
2017-12-30,0.47,0.569,0.491,0.69375
2017-12-31,0.46996875,0.569,0.491,0.6895833333333333
2018-01-01,0.4699791666666666,0.569,0.491,0.6916666666666667
2018-01-02,0.4698958333333333,0.569,0.491,0.6770833333333333
2018-01-03,0.4698645833333333,0.569,0.491,0.6875
2018-01-04,0.4698645833333333,0.569,0.491,0.6895833333333333
2018-01-05,0.46965625,0.569,0.491,0.6802083333333333
2018-01-06,0.46921874999999996,0.569,0.491,0.6854166666666667
2018-01-07,0.46910416666666666,0.569,0.491,0.6833333333333333
2018-01-08,0.46931249999999997,0.569,0.491,0.678125
2018-01-09,0.46929166666666666,0.569,0.491,0.6854166666666667
2018-01-10,0.4695729166666666,0.569,0.491,0.6802083333333333
2018-01-11,0.46969791666666666,0.569,0.491,0.6770833333333333
2018-01-12,0.4699895833333333,0.569,0.491,0.6760416666666667
2018-01-13,0.47,0.569,0.491,0.671875
2018-01-14,0.47,0.569,0.491,0.6708333333333333
2018-01-15,0.4701770833333333,0.569,0.491,0.6822916666666666
2018-01-16,0.4705,0.569,0.491,0.6802083333333333
2018-01-17,0.47071874999999996,0.569,0.491,0.6854166666666667
2018-01-18,0.4709895833333333,0.569,0.491,0.684375
2018-01-19,0.471,0.569,0.491,0.6906249999999999
2018-01-20,0.471,0.569,0.491,0.6812499999999999
2018-01-21,0.471,0.569,0.491,0.6864583333333333
2018-01-22,0.471,0.569,0.491,0.6864583333333333
2018-01-23,0.471,0.569,0.491,0.6947916666666666
2018-01-24,0.471,0.569,0.491,0.6916666666666667
2018-01-25,0.471,0.569,0.491,0.6968749999999999
2018-01-26,0.471,0.569,0.491,0.6927083333333333
2018-01-27,0.471,0.569,0.491,0.6958333333333333
2018-01-28,0.47112499999999996,0.569,0.491,0.6947916666666666
2018-01-29,0.47188541666666667,0.569,0.491,0.69375
2018-01-30,0.472,0.569,0.491,0.6916666666666667
2018-01-31,0.472,0.569,0.491,0.6958333333333333
2018-02-01,0.47191666666666665,0.569,0.491,0.6927083333333333
2018-02-02,0.47191666666666665,0.569,0.491,0.6968749999999999
2018-02-03,0.472,0.569,0.491,0.6947916666666666
2018-02-04,0.472,0.569,0.491,0.6979166666666666
2018-02-05,0.4720625,0.569,0.491,0.6906249999999999
2018-02-06,0.4726458333333333,0.569,0.491,0.6927083333333333
2018-02-07,0.473,0.569,0.491,0.6854166666666667
2018-02-08,0.473,0.569,0.491,0.6864583333333333
2018-02-09,0.473,0.569,0.491,0.69375
2018-02-10,0.4730833333333333,0.569,0.491,0.6875
2018-02-11,0.4733020833333333,0.569,0.491,0.6875
2018-02-12,0.4739791666666666,0.569,0.491,0.6864583333333333
2018-02-13,0.474,0.569,0.491,0.6854166666666667
2018-02-14,0.474,0.569,0.491,0.6833333333333333
2018-02-15,0.474,0.569,0.491,0.6791666666666666
2018-02-16,0.47401041666666666,0.5689895833333333,0.491,0.678125
2018-02-17,0.47421874999999997,0.569,0.491,0.6822916666666666
2018-02-18,0.4749895833333333,0.5689895833333333,0.491,0.6812499999999999
2018-02-19,0.475,0.5689895833333333,0.491,0.6833333333333333
2018-02-20,0.475,0.5686249999999999,0.491,0.6708333333333333
2018-02-21,0.475,0.5684166666666666,0.491,0.6677083333333333
2018-02-22,0.475,0.5680520833333332,0.491,0.6593749999999999
2018-02-23,0.475,0.568,0.491,0.6479166666666666
2018-02-24,0.47501041666666666,0.568,0.491,0.6499999999999999
2018-02-25,0.47503124999999996,0.568,0.491,0.6479166666666666
2018-02-26,0.47534374999999995,0.568,0.491,0.6437499999999999
2018-02-27,0.4757395833333333,0.568,0.491,0.6302083333333333
2018-02-28,0.475875,0.5677604166666667,0.491,0.6208333333333333
2018-03-01,0.4759583333333333,0.5679479166666667,0.491,0.6239583333333333
2018-03-02,0.476,0.5678645833333332,0.491,0.61875
2018-03-03,0.476,0.5674999999999999,0.491,0.615625
2018-03-04,0.476,0.5675416666666666,0.491,0.609375
2018-03-05,0.476,0.5671979166666666,0.491,0.6072916666666667
2018-03-06,0.476,0.5670729166666666,0.491,0.603125
2018-03-07,0.476,0.567,0.491,0.60625
2018-03-08,0.47602083333333334,0.567,0.491,0.6010416666666667
2018-03-09,0.4760625,0.567,0.491,0.6041666666666666
2018-03-10,0.47610416666666666,0.567,0.491,0.6041666666666666
2018-03-11,0.4766145833333333,0.567,0.491,0.6052083333333333
2018-03-12,0.47692708333333333,0.567,0.491,0.603125
2018-03-13,0.477,0.567,0.491,0.6010416666666667
2018-03-14,0.477,0.567,0.491,0.6
2018-03-15,0.477,0.567,0.491,0.6
2018-03-16,0.477,0.567,0.491,0.6020833333333333
2018-03-17,0.47702083333333334,0.567,0.491,0.6
2018-03-18,0.4773020833333333,0.567,0.491,0.6
2018-03-19,0.4773020833333333,0.567,0.491,0.6
2018-03-20,0.47779166666666667,0.567,0.491,0.6
2018-03-21,0.4778645833333333,0.567,0.491,0.6
2018-03-22,0.47794791666666664,0.567,0.491,0.6
2018-03-23,0.478,0.567,0.4918645833333333,0.6
2018-03-24,0.47804166666666664,0.567,0.4919895833333333,0.6
2018-03-25,0.47816666666666663,0.567,0.4919895833333333,0.6
2018-03-26,0.47829166666666667,0.567,0.49197916666666663,0.6
2018-03-27,0.47834374999999996,0.567,0.49197916666666663,0.6
2018-03-28,0.47873958333333333,0.567,0.492,0.6
2018-03-29,0.4789583333333333,0.567,0.492,0.6
2018-03-30,0.479,0.567,0.492,0.6
2018-03-31,0.479,0.567,0.492,0.6
2018-04-01,0.479,0.567,0.492,0.6
2018-04-02,0.479,0.567,0.492,0.6
2018-04-03,0.479,0.567,0.492,0.6
2018-04-04,0.479,0.567,0.492,0.6
2018-04-05,0.479,0.567,0.492,0.6
2018-04-06,0.479,0.567,0.49228125,0.6
2018-04-07,0.479,0.567,0.49232291666666667,0.6
2018-04-08,0.47953124999999996,0.567,0.49316666666666664,0.5989583333333333
2018-04-09,0.48,0.567,0.49292708333333335,0.6
2018-04-10,0.48,0.567,0.49314583333333334,0.6
2018-04-11,0.48009375,0.567,0.494,0.6
2018-04-12,0.48096875,0.567,0.494,0.5989583333333333
2018-04-13,0.48166666666666663,0.567,0.494,0.5989583333333333
2018-04-14,0.482,0.567,0.494,0.5989583333333333
2018-04-15,0.482,0.567,0.494,0.5989583333333333
2018-04-16,0.482,0.56721875,0.494,0.5979166666666667
2018-04-17,0.48276041666666664,0.5689687499999999,0.49502083333333335,0.5958333333333333
2018-04-18,0.483,0.5681666666666666,0.4947708333333333,0.5958333333333333
2018-04-19,0.48323958333333333,0.5683541666666666,0.4952708333333333,0.59375
2018-04-20,0.4845625,0.569,0.496,0.590625
2018-04-21,0.485,0.569,0.496,0.5947916666666666
2018-04-22,0.4852083333333333,0.5690208333333333,0.4962083333333333,0.5864583333333333
2018-04-23,0.4888958333333333,0.5692499999999999,0.49546875,0.584375
2018-04-24,0.4993854166666667,0.569,0.491,0.5822916666666667
2018-04-25,0.5052395833333333,0.5689166666666666,0.4913125,0.578125
2018-04-26,0.7015,0.5668645833333332,0.491,0.5458333333333333
2018-04-27,0.8140729166666667,0.5661354166666667,0.491,0.5
2018-04-28,0.8362291666666666,0.5660104166666666,0.491,0.5
2018-04-29,0.85321875,0.5662291666666666,0.491,0.48020833333333335
2018-04-30,0.86546875,0.5663437499999999,0.491,0.4447916666666667
2018-05-01,0.8735208333333333,0.5661666666666666,0.491,0.42708333333333337
2018-05-02,0.87809375,0.5667916666666666,0.491,0.4291666666666667
2018-05-03,0.88021875,0.5669791666666666,0.491,0.42708333333333337
2018-05-04,0.8931145833333334,0.5669375,0.491,0.4041666666666667
2018-05-05,0.912875,0.5668749999999999,0.491,0.40208333333333335
2018-05-06,0.9243229166666667,0.5668124999999999,0.491,0.40208333333333335
2018-05-07,0.9315416666666667,0.5669270833333333,0.491,0.40208333333333335
2018-05-08,0.9402395833333334,0.567,0.491,0.40208333333333335
2018-05-09,0.9521562499999999,0.567,0.491,0.403125
2018-05-10,0.96046875,0.567,0.491,0.40729166666666666
2018-05-11,0.9651875,0.567,0.491,0.41458333333333336
2018-05-12,0.9701666666666666,0.567,0.491,0.4354166666666667
2018-05-13,0.9715833333333334,0.567,0.491,0.44375000000000003
2018-05-14,0.9753020833333333,0.567,0.491,0.4635416666666667
2018-05-15,0.9783125,0.567,0.491,0.49583333333333335
2018-05-16,0.9799895833333333,0.567,0.491,0.49270833333333336
2018-05-17,0.9815520833333333,0.567,0.491,0.48541666666666666
2018-05-18,0.9844479166666666,0.5674895833333333,0.491,0.4875
2018-05-19,0.9905833333333334,0.5690208333333333,0.491,0.5
2018-05-20,0.9946458333333333,0.571,0.491,0.496875
2018-05-21,0.99428125,0.573375,0.491,0.4666666666666667
2018-05-22,0.9919166666666667,0.57571875,0.491,0.43333333333333335
2018-05-23,0.9908125,0.57546875,0.491,0.4604166666666667
2018-05-24,0.9896770833333334,0.5711354166666667,0.491,0.496875
2018-05-25,0.9933333333333333,0.5754374999999999,0.491,0.5
2018-05-26,0.9963333333333333,0.577,0.491,0.5
2018-05-27,1.0001354166666667,0.5781458333333332,0.491,0.5
2018-05-28,1.00571875,0.5760520833333332,0.491,0.5
2018-05-29,1.0096875,0.57290625,0.491,0.5
2018-05-30,1.0106354166666667,0.5766770833333333,0.491,0.5
2018-05-31,1.0108437499999998,0.576,0.491,0.5
2018-06-01,1.01096875,0.5760520833333332,0.491,0.5
2018-06-02,1.011,0.5744166666666666,0.491,0.5
2018-06-03,1.011,0.572125,0.491,0.5
2018-06-04,1.011,0.5743437499999999,0.491,0.5645833333333333
2018-06-05,1.011,0.5738229166666666,0.491,0.7489583333333333
2018-06-06,1.011,0.5747916666666666,0.491,0.86875
2018-06-07,1.011,0.5723125,0.491,2.392708333333333
2018-06-08,1.011,0.569,0.491,6.4125
2018-06-09,1.011,0.569,0.491,8.754166666666666
2018-06-10,1.011,0.569,0.491,9.047916666666666
2018-06-11,1.011,0.569,0.491,8.685416666666667
2018-06-12,1.011,0.569,0.491,9.21875
2018-06-13,1.011,0.569,0.491,10.405208333333333
2018-06-14,1.011,0.569,0.491,10.519791666666666
2018-06-15,1.011,0.5692291666666666,0.491,11.254166666666666
2018-06-16,0.8334895833333333,0.5695937499999999,0.491,10.782291666666667
2018-06-17,0.9116145833333333,0.5690624999999999,0.491,10.5125
2018-06-18,1.0098125,0.569,0.49097916666666663,10.779166666666667
2018-06-19,1.011,0.569,0.49082291666666666,11.5875
2018-06-20,0.78021875,0.569375,0.49091666666666667,10.708333333333334
2018-06-21,0.55246875,0.5683541666666666,0.49490625,10.836458333333333
2018-06-22,0.5251354166666667,0.5695416666666666,0.49594791666666665,11.491666666666667
2018-06-23,0.5083541666666667,0.5690416666666667,0.496,10.845833333333333
2018-06-24,0.5075833333333334,0.5695937499999999,0.49492708333333335,9.648958333333333
2018-06-25,0.500875,0.5693125,0.49559375,10.017708333333333
2018-06-26,0.48972916666666666,0.569,0.49432291666666667,11.23125
2018-06-27,0.4812083333333333,0.569,0.494,12.346875
2018-06-28,0.47529166666666667,0.569,0.49292708333333335,12.970833333333333
2018-06-29,0.47071874999999996,0.569,0.491125,12.472916666666666
2018-06-30,0.46715625,0.569,0.491,10.566666666666666
2018-07-01,0.4656354166666667,0.569,0.4909895833333333,10.576041666666667
2018-07-02,0.45959375,0.569,0.48982291666666666,11.760416666666666
2018-07-03,0.45433333333333337,0.5685937499999999,0.489,11.985416666666666
2018-07-04,0.44878125,0.5673020833333333,0.4883958333333333,11.991666666666667
2018-07-05,0.4413229166666667,0.5672499999999999,0.4858125,11.352083333333333
2018-07-06,0.43786458333333333,0.567,0.4835520833333333,10.884375
2018-07-07,0.43522916666666667,0.5667083333333333,0.48,10.721875
2018-07-08,0.43259375,0.5662499999999999,0.48164583333333333,11.165625
2018-07-09,0.44305208333333335,0.5672083333333333,0.48443749999999997,12.88125
2018-07-10,0.43586458333333333,0.5669895833333333,0.48354166666666665,13.589583333333334
2018-07-11,0.42832291666666666,0.5659479166666667,0.4806770833333333,13.971875
2018-07-12,0.5416145833333333,0.5656666666666667,0.48333333333333334,11.554166666666667
2018-07-13,0.46447916666666667,0.56703125,0.4867083333333333,11.354166666666666
2018-07-14,0.45616666666666666,0.567,0.48457291666666663,12.094791666666667
2018-07-15,0.4515104166666667,0.567,0.484,11.402083333333334
2018-07-16,0.450125,0.5670416666666667,0.484,11.097916666666666
2018-07-17,0.44592708333333336,0.567,0.484,11.825
2018-07-18,0.4404166666666667,0.5669270833333333,0.484,12.232291666666667
2018-07-19,0.43240625,0.5659062499999999,0.48207291666666663,12.622916666666667
2018-07-20,0.42346875,0.565,0.4795833333333333,13.348958333333334
2018-07-21,0.41629166666666667,0.5646458333333333,0.4788854166666667,13.25625
2018-07-22,0.41143749999999996,0.564,0.47722916666666665,12.473958333333334
2018-07-23,0.41101041666666666,0.56403125,0.47843749999999996,12.116666666666667
2018-07-24,0.4300104166666667,0.565,0.4794895833333333,12.782291666666667
2018-07-25,0.4231770833333333,0.5647083333333333,0.4784583333333333,12.436458333333333
2018-07-26,0.41733333333333333,0.564,0.4770729166666666,12.378125
2018-07-27,0.41222413793103446,0.564,0.4769913793103448,11.863793103448275
2018-07-28,0.40546875,0.5635416666666666,0.4761770833333333,11.755208333333334
2018-07-29,0.39973958333333337,0.5621145833333334,0.46671875,11.89375
2018-07-30,0.3925,0.562,0.4651666666666667,12.219791666666667
2018-07-31,0.390025641025641,0.5624358974358975,0.4646666666666667,9.364102564102565
