Date,Stage_cm,Discharge_Ls,Q_mm
2017-10-01,21.546875,4.4453163680254075,0.025398784152507983
2017-10-02,22.282291666666666,5.130710479022346,0.02931485573063595
2017-10-03,22.513541666666665,5.335666576754204,0.03048589402264037
2017-10-04,22.41875,5.244449296775044,0.029964714467944548
2017-10-05,22.494791666666668,5.319277770227382,0.030392254847150857
2017-10-06,22.495833333333334,5.318356349553687,0.030386990212900485
2017-10-07,22.241666666666667,5.076454760765794,0.029004859959142735
2017-10-08,22.151041666666668,4.990003799743004,0.02851091327076112
2017-10-09,23.26875,6.125710249831993,0.034999891916668927
2017-10-10,23.404166666666665,6.269299003594033,0.03582030141322623
2017-10-11,23.589583333333334,6.477910593575617,0.03701222574593853
2017-10-12,23.882291666666667,6.81918657310928,0.03896214206752119
2017-10-13,24.322916666666668,7.355862136076553,0.0420284945282317
2017-10-14,24.344791666666666,7.3835051018940305,0.042186435530402744
2017-10-15,24.053125,7.026666300101308,0.0401475993816049
2017-10-16,23.777083333333334,6.696090685200517,0.038258820722488374
2017-10-17,23.627083333333335,6.521685470068135,0.03726233812204149
2017-10-18,23.508333333333333,6.386219560765274,0.036488339354449846
2017-10-19,23.54375,6.426393014222729,0.03671787462000845
2017-10-20,23.483333333333334,6.357879396479032,0.03632641483525694
2017-10-21,23.379166666666666,6.241299313205373,0.03566032222757504
2017-10-22,23.430208333333333,6.298079613442141,0.03598474246461406
2017-10-23,23.475,6.34817740279833,0.03627098147057729
2017-10-24,23.42395833333333,6.291250253188121,0.0359457221941471
2017-10-25,23.346875,6.20608829593,0.03545914036479467
2017-10-26,23.239583333333332,6.087954921838574,0.03478417286611732
2017-10-27,23.364583333333332,6.225122052868693,0.03556789174356592
2017-10-28,23.290625,6.143865279821902,0.03510362259629226
2017-10-29,23.226041666666667,6.07343220099237,0.03470119576807924
2017-10-30,23.242708333333333,6.091464953237537,0.03480422780090488
2017-10-31,23.272916666666667,6.12448058654216,0.03499286610570452
2017-11-01,23.191666666666666,6.036378900042694,0.03448948782312217
2017-11-02,23.115625,5.954280217781625,0.034020408338711824
2017-11-03,23.170833333333334,6.013586631409129,0.03435926179117226
2017-11-04,23.105208333333334,5.943103046470969,0.03395654639097804
2017-11-05,23.328125,6.18587437066969,0.035343645969782775
2017-11-06,23.383680555555557,6.246726722122999,0.03569133230114319
2017-11-07,23.7375,6.648224081620185,0.03798532983189725
2017-11-08,23.620833333333334,6.513602886649878,0.037216157428781586
2017-11-09,23.504166666666666,6.381438199519847,0.03646102054242979
2017-11-10,23.459375,6.330763353634105,0.036171484463092145
2017-11-11,23.432291666666668,6.30049697609774,0.035998554321234555
2017-11-12,23.316666666666666,6.172419618994161,0.03526677082629684
2017-11-13,23.285416666666666,6.1381107170153,0.03507074329445714
2017-11-14,23.246875,6.0962959805177706,0.034831830385055704
2017-11-15,23.225,6.072153374927316,0.03469388906041081
2017-11-16,23.159375,6.0017986425670165,0.03429190987301712
2017-11-17,23.334375,6.193478995489448,0.03538709579615445
2017-11-18,23.495833333333334,6.371520936013384,0.03640435721088471
2017-11-19,23.265625,6.1174984803443975,0.034952973105169746
2017-11-20,23.005208333333332,5.837685199662258,0.033354230399212995
2017-11-21,23.116666666666667,5.95629437690441,0.03403191644940027
2017-11-22,23.157291666666666,5.998986556899167,0.03427584272481372
2017-11-23,23.161458333333332,6.004149868439812,0.0343053438501501
2017-11-24,23.047916666666666,5.882321918351557,0.03360926700165155
2017-11-25,23.126041666666666,5.9657626433000415,0.034086014388573026
2017-11-26,23.078125,5.91478265390216,0.03379473483957906
2017-11-27,22.905208333333334,5.732855326142786,0.03275527385488082
2017-11-28,22.880208333333332,5.706317106144807,0.03260364493452574
2017-11-29,22.825,5.6502535424465155,0.0322833198473316
2017-11-30,22.822916666666668,5.647244750030943,0.03226612879436796
2017-12-01,22.738541666666666,5.561543598963447,0.03177646622428824
2017-12-02,22.753125,5.575852555276098,0.03185822195610674
2017-12-03,22.58125,5.403823970109168,0.030875318481756942
2017-12-04,22.589583333333334,5.4112895296622145,0.030917973744052647
2017-12-05,22.035416666666666,4.881839688728097,0.027892906208659522
2017-12-06,21.641666666666666,4.528048202355479,0.025871481218076777
2017-12-07,21.294791666666665,4.241526361908703,0.024234408447996406
2017-12-08,21.115625,4.08676299256861,0.023350151606153224
2017-12-09,21.178125,4.137529095761845,0.023640209093747002
2017-12-10,21.294791666666665,4.232894536112175,0.02418508960045047
2017-12-11,21.228125,4.178004187520226,0.023871467801567767
2017-12-12,21.309375,4.245036945738549,0.02425446653915609
2017-12-13,21.265625,4.208944380730918,0.024048247860383766
2017-12-14,21.40625,4.326458268079485,0.02471967585618561
2017-12-15,21.415625,4.3352490937563,0.024769903166325723
2017-12-16,21.576041666666665,4.47064635185074,0.025543509687993755
2017-12-17,21.78125,4.650121080959692,0.02656895749149687
2017-12-18,21.925,4.780148117563226,0.02731188068599391
2017-12-19,21.935416666666665,4.788481915576376,0.027359496720350675
2017-12-20,21.930208333333333,4.783703239992137,0.02733219325313922
2017-12-21,21.869791666666668,4.737186928946899,0.02706641740143449
2017-12-22,21.766666666666666,4.653681856523545,0.02658930235842521
2017-12-23,22.123958333333334,4.962153145859233,0.028351785620907413
2017-12-24,21.936458333333334,4.7926625256763975,0.027383383077308306
2017-12-25,21.965625,4.816498038869993,0.027519569797138398
2017-12-26,21.763541666666665,4.6344713737331995,0.026479541237851872
2017-12-27,21.582291666666666,4.475854806132003,0.02557326874114226
2017-12-28,21.195833333333333,4.151969716637844,0.023722717104941858
2017-12-29,21.316666666666666,4.251270442658047,0.024290082281583893
2017-12-30,21.454166666666666,4.366937122513937,0.024950956062453154
2017-12-31,21.345833333333335,4.275210202962031,0.02442686462827967
2018-01-01,21.557291666666668,4.455079700855989,0.025454567984893168
2018-01-02,21.694791666666667,4.576161243860187,0.026146380157753717
2018-01-03,21.713541666666668,4.59055962578668,0.02622864683225338
2018-01-04,21.443749999999998,4.357467377469978,0.02489684967486715
2018-01-05,21.469791666666666,4.380146344544916,0.0250264283464059
2018-01-06,21.26770833333333,4.210399005145575,0.024056559010473468
2018-01-07,21.267708333333335,4.21049424956044,0.024057103199488287
2018-01-08,21.359375,4.286516956743449,0.024491466959134095
2018-01-09,21.23125,4.180886411408667,0.02388793569189573
2018-01-10,21.045833333333334,4.030848969930374,0.02303068093758576
2018-01-11,20.852083333333333,3.8783863810264614,0.022159569847550305
2018-01-12,20.935416666666665,3.9432593106571985,0.02253022817659154
2018-01-13,21.01875,4.009176684122508,0.02290685404569461
2018-01-14,21.085416666666667,4.062282215524603,0.023210278103223538
2018-01-15,20.907291666666666,3.9294695816897196,0.022451439105000182
2018-01-16,20.68125,3.7744159832973425,0.021565524008840903
2018-01-17,21.08125,4.060045366014695,0.023197497627509268
2018-01-18,20.522916666666667,3.6319304021111987,0.020751417605206227
2018-01-19,19.991666666666667,3.291795233912952,0.018808019429570492
2018-01-20,20.515625,3.6265242362107357,0.02072052890585827
2018-01-21,21.079166666666666,4.060575120587612,0.023200524436163
2018-01-22,20.989583333333332,3.9861877155154017,0.022775504147689474
2018-01-23,20.879166666666666,3.8994129682581082,0.02227970747249008
2018-01-24,20.807291666666668,3.844522748392388,0.02196608640909828
2018-01-25,20.797916666666666,3.836476574528776,0.0219201137456709
2018-01-26,20.79375,3.8332809722500722,0.021901855334841507
2018-01-27,20.879166666666666,3.9001060207412634,0.022283667300985674
2018-01-28,20.878125,3.8984981060417434,0.02227448031067774
2018-01-29,20.954166666666666,3.958008450467161,0.022614498943271485
2018-01-30,20.998958333333334,3.9932639528115774,0.02281593497618804
2018-01-31,21.041666666666668,4.027258829019869,0.023010168288650604
2018-02-01,21.215625,4.16777432130068,0.023813018381434667
2018-02-02,21.2,4.155012217213088,0.02374010075303276
2018-02-03,21.196875,4.152287883626919,0.023724534985607917
2018-02-04,21.19375,4.1498532537936095,0.02371062447114549
2018-02-05,21.217708333333334,4.169379302851592,0.023822188612888515
2018-02-06,21.238541666666666,4.186584601674128,0.02392049290326844
2018-02-07,21.204166666666666,4.158295138347488,0.02375885806935834
2018-02-08,21.15625,4.1193971711997905,0.02353661042942387
2018-02-09,20.996875,3.994449861820166,0.022822710792449467
2018-02-10,20.792708333333334,3.84420380128012,0.021964264071116027
2018-02-11,21.022916666666667,4.017343162774941,0.022953514083227853
2018-02-12,21.1125,4.0839710074918445,0.023334199304798065
2018-02-13,21.269791666666666,4.212496100922898,0.02406854098848936
2018-02-14,21.215625,4.168106413033015,0.02381491582259073
2018-02-15,21.177083333333332,4.136315473235005,0.023633274933374623
2018-02-16,20.902083333333334,3.930902693253784,0.022459627339147914
2018-02-17,20.94375,3.9512816605158823,0.022576064719052772
2018-02-18,20.880208333333332,3.9004074833568447,0.022285389739451083
2018-02-19,20.689583333333335,3.762632070699109,0.0214981953807353
2018-02-20,21.41979166666667,4.341199305246808,0.02480390032756181
2018-02-21,21.273958333333333,4.2158377039179324,0.02408763358981797
2018-02-22,20.90416666666667,3.9196009368798754,0.022395053561508636
2018-02-23,20.351041666666667,3.5061145136014904,0.020032555249716887
2018-02-24,19.820833333333333,3.1407547140766963,0.017945033481214314
2018-02-25,19.786458333333332,3.117811422011726,0.01781394456095261
2018-02-26,19.858333333333334,3.164749625552151,0.01808213093994801
2018-02-27,19.983333333333334,3.249052513433629,0.01856380438576529
2018-02-28,20.053125,3.2959243763227866,0.0188316117204492
2018-03-01,20.095833333333335,3.3254676665620053,0.019000410426732086
2018-03-02,20.2,3.3979703312526524,0.019414662052151803
2018-03-03,20.307291666666668,3.473677056671401,0.019847220416644117
2018-03-04,20.444791666666667,3.572682996475312,0.0204129013011326
2018-03-05,20.11875,3.349066834978103,0.019135246765736098
2018-03-06,20.197916666666668,3.400726901828525,0.019430412009019068
2018-03-07,20.086458333333333,3.3210998460133037,0.018975454423120892
2018-03-08,20.020833333333332,3.2754488154214454,0.018714622442593667
2018-03-09,20.061458333333334,3.3016000286088354,0.01886404015869826
2018-03-10,20.133333333333333,3.351140277023587,0.019147093595659113
2018-03-11,NA,NA,NA
2018-03-12,20.344791666666666,3.501381595367774,0.02000551322195609
2018-03-13,20.34583333333333,3.501029501772066,0.020003501498042992
2018-03-14,20.3125,3.4771381441823817,0.019866995705362975
2018-03-15,20.595833333333335,3.6936787374332365,0.021104223234947667
2018-03-16,20.809375,3.8458074605746244,0.021973426747718367
2018-03-17,20.798958333333335,3.83752959966792,0.021926130315921933
2018-03-18,21.027083333333334,4.017013496258932,0.02295163049880118
2018-03-19,21.184375,4.142146490449876,0.023666591065539106
2018-03-20,21.1375,4.104253887258138,0.023450087678656188
2018-03-21,21.111458333333335,4.083294496585086,0.023330333988344738
2018-03-22,21.152083333333334,4.115997865863608,0.023517188139680175
2018-03-23,21.17395833333333,4.1337361277971105,0.02361853757103456
2018-03-24,21.420833333333334,4.3382780641947445,0.024787209508552285
2018-03-25,21.933333333333334,4.793635949435117,0.027388944836672494
2018-03-26,22.842708333333334,5.668852165103328,0.03238958504046658
2018-03-27,23.077083333333334,5.913245663659605,0.033785953083640165
2018-03-28,23.225,6.073725175983304,0.03470286971160559
2018-03-29,23.260416666666668,6.110693635055482,0.03491409290354282
2018-03-30,23.247916666666665,6.097162861232636,0.03483678339949608
2018-03-31,23.29375,6.147273192930635,0.035123094067452745
2018-04-01,23.429166666666667,6.297314854992508,0.035980372936512364
2018-04-02,23.5625,6.448445939604835,0.03684387633627331
2018-04-03,23.628125,6.522781235813309,0.03726859889525519
2018-04-04,23.66875,6.569140001401671,0.037533474594367365
2018-04-05,23.733333333333334,6.643773856697756,0.037959903002201194
2018-04-06,23.773958333333333,6.690649955724541,0.03822773454050447
2018-04-07,23.820833333333333,6.745897021914381,0.03854339448302467
2018-04-08,23.925,6.868930330922319,0.03924635827690409
2018-04-09,23.965625,6.91749183267314,0.03952381954152014
2018-04-10,24,6.95882077044282,0.039759956788626996
2018-04-11,24.010416666666668,6.971360656377075,0.03983160475016065
2018-04-12,24.089583333333334,7.0672401874341455,0.04037942256836555
2018-04-13,24.048958333333335,7.0178259440516975,0.040097089074453224
2018-04-14,24.026041666666668,6.9901866033444575,0.03993916878473205
2018-04-15,24.086458333333333,7.063350247173096,0.04035719698420528
2018-04-16,23.817708333333332,6.830827294082383,0.039028652555166576
2018-04-17,23.91875,6.863042623285154,0.03921271823802969
2018-04-18,23.65833333333333,6.558512363303583,0.03747275246263206
2018-04-19,23.722916666666666,6.631916606719691,0.03789215535323714
2018-04-20,23.853125,6.78410871999696,0.03876172105223832
2018-04-21,24.116666666666667,7.100463893255346,0.04056924971744513
2018-04-22,24.155208333333334,7.147651662520826,0.04083886201654561
2018-04-23,24.260416666666668,7.277534903783758,0.041580963621190375
2018-04-24,24.269791666666666,7.289081303839554,0.0416469351963217
2018-04-25,24.151041666666668,7.142677692368476,0.040810442713211145
2018-04-26,24.107291666666665,7.089671220006863,0.04050758463996303
2018-04-27,23.970833333333335,6.926487426553047,0.039575216816396405
2018-04-28,24.032291666666666,6.997920285613555,0.03998335599445907
2018-04-29,23.87708333333333,6.81831352351231,0.03895715380652194
2018-04-30,23.952083333333334,6.901721851681871,0.03943371609102843
2018-05-01,24.257291666666667,7.28224811319817,0.04160789304053234
2018-05-02,25.203125,8.54953501494955,0.04884867048179722
2018-05-03,28.936458333333334,15.314178744413459,0.08749917625661778
2018-05-04,30.2125,18.048898635656222,0.10312428693149608
2018-05-05,32.395833333333336,24.002300518248354,0.13713967680941802
2018-05-06,33.704166666666666,28.1337990801929,0.16074542981183895
2018-05-07,33.561458333333334,27.660467410711817,0.15804099937080912
2018-05-08,32.952083333333334,25.680447454032585,0.14672794641037543
2018-05-09,32.30520833333333,23.6899789878529,0.13535519478835129
2018-05-10,31.629166666666666,21.730533545322736,0.12415969648559591
2018-05-11,31.194791666666667,20.53122140891689,0.11730730003904423
2018-05-12,31.682291666666668,21.939988409433788,0.12535643895403187
2018-05-13,32.130208333333336,23.1728774405041,0.13240068053138873
2018-05-14,31.705208333333335,21.936851375904656,0.1253385151819335
2018-05-15,31.394791666666666,21.074856272716907,0.12041341519943002
2018-05-16,31.097916666666666,20.27629146190473,0.11585073088577873
2018-05-17,30.98125,19.96086690554386,0.11404851939841748
2018-05-18,30.834375,19.574508293319894,0.11184101869769729
2018-05-19,30.857291666666665,19.633722787751182,0.11217934696013054
2018-05-20,30.7625,19.388605633067638,0.11077884423131133
2018-05-21,30.20104166666667,17.99015644955837,0.10278865725256538
2018-05-22,29.925,17.319796307914938,0.0989584838447705
2018-05-23,30.05,17.630878865857877,0.10073588686598953
2018-05-24,29.3125,15.91983606594328,0.09095966327404802
2018-05-25,28.690625,14.576600444806205,0.08328494481022472
2018-05-26,28.25625,13.690075045595687,0.07821968839288097
2018-05-27,27.865625,12.923385855136209,0.07383912879973074
2018-05-28,27.86875,12.917142271550347,0.07380345542607031
2018-05-29,27.521875,12.278214954518743,0.07015287677858585
2018-05-30,27.217708333333334,11.719900190119738,0.06696288645705838
2018-05-31,26.7875,10.992567841975363,0.06280719633553355
2018-06-01,26.342708333333334,10.262982896973666,0.058638635764163304
2018-06-02,25.927083333333332,9.600113381543501,0.05485126083967243
2018-06-03,25.74375,9.315203601807031,0.05322339874857011
2018-06-04,25.3125,8.697520992326771,0.04969420397948875
2018-06-05,25,8.253183510099355,0.04715543488689073
2018-06-06,24.690625,7.8359183283579465,0.04477134623987399
2018-06-07,24.44375,7.521668506000854,0.04297584671920497
2018-06-08,24.125,7.1203881332161725,0.04068308896492992
2018-06-09,23.840625,6.7766748910626164,0.03871924708618088
2018-06-10,23.53333333333333,6.4232689022156775,0.03670002467639002
2018-06-11,23.295833333333334,6.156265091319225,0.035174470227749416
2018-06-12,23.125,5.974600038549448,0.03413650777888032
2018-06-13,22.903125,5.739723377923817,0.03279451519347021
2018-06-14,22.802083333333332,5.631794617152897,0.03217785282982253
2018-06-15,22.5375,5.374395558889436,0.030707176148874294
2018-06-16,22.48229166666667,5.3079300508822636,0.030327418455225408
2018-06-17,25.597916666666666,9.68603472491662,0.05534218150172572
2018-06-18,25.951041666666665,9.661931858840914,0.05520446723299177
2018-06-19,24.753125,7.920702135594077,0.045255767469172196
2018-06-20,24.128125,7.121790108983247,0.04069109930141601
2018-06-21,23.820833333333333,6.749320779331344,0.038562956482312165
2018-06-22,23.5875,6.481863047682571,0.03703480850955403
2018-06-23,23.042708333333334,5.899989256369056,0.033710211201727736
2018-06-24,23.513541666666665,6.395834096740333,0.036543273020299485
2018-06-25,23.139583333333334,5.999694303681602,0.03427988651073883
2018-06-26,22.426041666666666,5.290827060725713,0.030229698716204526
2018-06-27,21.9375,4.8031422239918555,0.027443259939484477
2018-06-28,21.291666666666668,4.253532036953946,0.02430300413924407
2018-06-29,20.83125,3.875337198445002,0.022142148021111783
2018-06-30,21.740625,4.6607064313144955,0.026629438007748574
2018-07-01,21.46666666666667,4.410523584466545,0.025199991912200233
2018-07-02,20.773958333333333,3.8340697537469914,0.02190636212115886
2018-07-03,20.505208333333332,3.621607095717684,0.020692434304779055
2018-07-04,20.535416666666666,3.6427766760500337,0.020813388935888775
2018-07-05,20.308333333333334,3.5070207247358334,0.020037732982659207
2018-07-06,19.007291666666667,2.6481857496327392,0.015130688725434053
2018-07-07,18.773958333333333,2.507756179509891,0.014328329557966287
2018-07-08,18.48125,2.352404454376515,0.013440711083213036
2018-07-09,18.507291666666667,2.36759064886603,0.01352747900792399
2018-07-10,18.034375,2.1236373732488163,0.012133626224966453
2018-07-11,17.694791666666667,1.960502131343893,0.011201535805797745
2018-07-12,19.3125,2.9895316736117565,0.017081004681985992
2018-07-13,19.785416666666666,3.1317244798118202,0.01789343828484316
2018-07-14,18.908333333333335,2.5922980166337357,0.014811368265494503
2018-07-15,20.195833333333333,3.609396624236511,0.020622668487483935
2018-07-16,20.464583333333334,3.607326839205969,0.02061084255230169
2018-07-17,19.519791666666666,2.95213911289219,0.01686735834053388
2018-07-18,18.8125,2.5358396213158185,0.014488787266177753
2018-07-19,18.211458333333333,2.2121741801745505,0.012639490614019571
2018-07-20,17.688541666666666,1.9557800704509183,0.011174555812598986
2018-07-21,17.452083333333334,1.8473034377809716,0.010554763125043045
2018-07-22,18.153125,2.198019766157461,0.01255861787591455
2018-07-23,19.55,2.9711178202419632,0.016975795187669833
2018-07-24,19.842708333333334,3.1608551622614582,0.0180598795129806
2018-07-25,19.615625,3.0163045381139026,0.017233974268476053
2018-07-26,23.301041666666666,6.2144367582465065,0.035506840185196085
2018-07-27,22.2625,5.0989400862868095,0.02913333223922948
2018-07-28,21.604166666666668,4.49725559202602,0.02569554438962611
2018-07-29,21.020833333333332,4.0194374037841625,0.02296547975022495
2018-07-30,20.330208333333335,3.5001541286495828,0.01999849996133555
2018-07-31,19.80625,3.1439136857326306,0.017963082599115138
2018-08-01,19.409375,2.881436162439916,0.016463389572326625
2018-08-02,19.160416666666666,2.731793184172155,0.015608388625195029
2018-08-03,19.252083333333335,2.7829785001535083,0.01590084132929037
2018-08-04,18.827083333333334,2.541722053665279,0.014522397164139198
2018-08-05,18.673958333333335,2.449263042288357,0.013994122846070841
2018-08-06,18.60729166666667,2.416701636667319,0.013808079819072885
2018-08-07,17.790625,2.047668492080118,0.0116995700059333
2018-08-08,17.495833333333334,1.8684892225135492,0.010675810341703413
2018-08-09,17.198958333333334,1.740735950389443,0.009945878540494377
2018-08-10,16.939583333333335,1.6331307017446908,0.009331064597517577
2018-08-11,16.6875,1.5337878968090608,0.008763458998551948
2018-08-12,16.426041666666666,1.4353470537200836,0.008201006853775028
2018-08-13,16.209375,1.3575645124575615,0.007756588096412683
2018-08-14,16.069791666666667,1.3086576649253945,0.00747715366223294
2018-08-15,16.221875,1.362178424560793,0.007782950170089045
2018-08-16,15.980208333333334,1.2793499555080108,0.007309700971834843
2018-08-17,15.745833333333334,1.2022539326122035,0.006869204709604305
2018-08-18,15.6875,1.1833637981534375,0.006761273933027615
2018-08-19,15.959375,1.2716859207112527,0.007265911700290457
2018-08-20,15.983333333333333,1.2806869790410844,0.007317340196877997
2018-08-21,16.015625,1.2920329526461705,0.007382166614333553
2018-08-22,16.307291666666668,1.391470032698445,0.007950310864126339
2018-08-23,16.16875,1.3436210833573776,0.007676920842894195
2018-08-24,15.83125,1.2306001134307871,0.007031163604889631
2018-08-25,15.455208333333333,1.1133796886506815,0.006361412338439794
2018-08-26,14.996875,0.9825609329597992,0.005613965573392496
2018-08-27,14.675,0.8960552249942566,0.005119706082576397
2018-08-28,14.734375,0.9116941881767769,0.0052090609489924165
2018-08-29,14.597916666666666,0.8789911978512683,0.005022208962845004
2018-08-30,14.335416666666667,0.8130360255561339,0.004645367126139082
2018-08-31,14.235416666666666,0.7903091091597938,0.004515514491092739
2018-09-01,14.114583333333334,0.7619639059513156,0.004353561181485913
2018-09-02,13.977083333333333,0.7322724632921292,0.004183915990718034
2018-09-03,13.789583333333333,0.6919081816071061,0.003953290407944423
2018-09-04,13.747916666666667,0.683196667888793,0.0039035162550484542
2018-09-05,13.619791666666666,0.6558015061995709,0.003746991107913273
2018-09-06,13.902083333333334,0.7147373739303142,0.004083727407291403
2018-09-07,14.089583333333334,0.7563613834818446,0.004321550578160759
2018-09-08,14.138541666666667,0.7679028189028596,0.0043874937873273736
2018-09-09,13.995833333333334,0.736000328288993,0.00420521554075368
2018-09-10,13.998958333333334,0.7400427245023843,0.004228312198085281
2018-09-11,13.641666666666667,0.6634337550486414,0.0037905987670913926
2018-09-12,13.330208333333333,0.6010340968428126,0.0034340717353237714
2018-09-13,13.211458333333333,0.5799471619911989,0.0033135893078892445
2018-09-14,12.896875,0.5231274588101618,0.002988943937970213
2018-09-15,12.73125,0.49613355575501805,0.0028347114243829144
2018-09-16,12.566666666666666,0.4690216815402107,0.0026798048701261886
2018-09-17,12.50625,0.4592762424961792,0.0026241232757786693
2018-09-18,12.683333333333334,0.4872895059105834,0.0027841800123447214
2018-09-19,12.763541666666667,0.5003691836425289,0.0028589121312750138
2018-09-20,12.917708333333334,0.5266281352949921,0.0030089454224687087
2018-09-21,13.185416666666667,0.57338477776472,0.003276094433127789
2018-09-22,13.313541666666666,0.597537477763565,0.003414093433240224
2018-09-23,13.305208333333333,0.596527028819393,0.0034083201265719394
2018-09-24,13.1875,0.5732701598446994,0.0032754395515469078
2018-09-25,13.485416666666667,0.6304378867177235,0.0036020733915546636
2018-09-26,13.472916666666666,0.627802959883198,0.003587018459039817
2018-09-27,13.177777777777777,0.573516731027008,0.0032768483620159955
2018-09-28,13.041666666666666,0.5474842795221742,0.003128109203316791
2018-09-29,13.441666666666666,0.6212291814446153,0.0035494584822451532
2018-09-30,13.429166666666667,0.6184305162663662,0.0035334680134252567
2018-10-01,13.758333333333333,0.6843742490563295,0.003910244489311251
2018-10-02,13.8,0.692913954360969,0.0039590369967059304
2018-10-03,13.729166666666666,0.6781266778433065,0.0038745483319222373
2018-10-04,13.95,0.7258458881743278,0.004147197075630013
2018-10-05,14.366666666666667,0.8209569344888946,0.004690624075165688
2018-10-06,14.383333333333333,0.8240090585541386,0.004708062708082211
2018-10-07,14.695833333333333,0.9018727782604349,0.005152945287049265
2018-10-08,15.275,1.059599146017354,0.006054131533011902
2018-10-09,15.679166666666667,1.1809201346290386,0.006747311803617885
2018-10-10,16.104166666666668,1.321034475646859,0.007547869876330108
2018-10-11,16.308333333333334,1.3917943640149264,0.007952163965327518
2018-10-12,16.433333333333334,1.4368051032340325,0.008209337573530956
2018-10-13,16.53333333333333,1.4739252236349998,0.00842142729847399
2018-10-14,16.779166666666665,1.5672165314884057,0.008954457030287284
2018-10-15,16.891666666666666,1.6121016118184361,0.009210912673168066
2018-10-16,17.0375,1.6708837011133166,0.009546770343225711
2018-10-17,17.1,1.6963597544992643,0.009692330462559778
2018-10-18,17.120833333333334,1.705227303750878,0.00974299614094062
2018-10-19,17.15416666666667,1.7189311356108399,0.009821294430344043
2018-10-20,17.170833333333334,1.7260223529173548,0.009861810848712418
2018-10-21,17.104166666666668,1.6981025354449844,0.009702288025396888
2018-10-22,17.008333333333333,1.6586037014242205,0.009476607269177786
2018-10-23,16.895833333333332,1.6131253954324198,0.009216762168879438
2018-10-24,16.85,1.5949864751187246,0.009113123533591092
2018-10-25,16.8125,1.5801706224340626,0.009028471595861802
2018-10-26,16.8125,1.5802013660313785,0.009028647252649229
2018-10-27,16.829166666666666,1.586786014094813,0.00906626933419248
2018-10-28,16.995833333333334,1.6536991432234402,0.009448584558353188
2018-10-29,16.8625,1.600265905070018,0.009143288113719901
2018-10-30,17.045833333333334,1.6752187311421594,0.009571538994741537
2018-10-31,17.258333333333333,1.7626112614860219,0.01007086543879646
2018-11-01,17.3625,1.8073973246697288,0.01032675533676312
2018-11-02,17.4,1.8236499643822224,0.010419616508790225
2018-11-03,17.416666666666664,1.8310059552180458,0.010461645738658041
2018-11-04,17.404166666666665,1.8254889620911783,0.010430123816257178
2018-11-05,17.404166666666665,1.8256215574992265,0.010430881414112948
2018-11-06,17.341666666666665,1.7983680803850102,0.010275165796748064
2018-11-07,17.291666666666668,1.7768616023925428,0.010152286265306756
2018-11-08,17.179166666666667,1.729051167976541,0.009879116303163191
2018-11-09,17.041666666666668,1.6720528386523361,0.009553450333925979
2018-11-10,16.891666666666666,1.611603785973564,0.009208068292671236
2018-11-11,16.904166666666665,1.616511133881889,0.009236106942784272
2018-11-12,16.7875,1.5704781119228068,0.008973092414271482
2018-11-13,16.7875,1.570447368325491,0.008972916757484057
2018-11-14,16.841666666666665,1.5916630129477567,0.009094134581775064
2018-11-15,16.875,1.6049257234923775,0.009169912477994778
2018-11-16,16.841666666666665,1.5916630129477567,0.009094134581775064
2018-11-17,16.858333333333334,1.5982476610111913,0.009131756663318318
2018-11-18,16.75,1.5563946277913692,0.008892624941552876
2018-11-19,16.912499999999998,1.6197411816351048,0.00925456216146709
2018-11-20,16.97083333333333,1.6432233838066344,0.009388730201490114
2018-11-21,16.983333333333334,1.648255284271962,0.00941748049578076
2018-11-22,17.066666666666666,1.6823058509082984,0.009612032001380588
2018-11-23,17.075000000000003,1.6857235216602857,0.009631559223865457
2018-11-24,17.025,1.6652490323692457,0.009514576068768455
2018-11-25,16.9,1.6148645773240957,0.009226699168141481
2018-11-26,16.608333333333334,1.5022797614229721,0.00858343394218577
2018-11-27,16.825,1.5850783648843225,0.009056512500231815
2018-11-28,16.77916666666667,1.5671243006964577,0.008953930059925005
2018-11-29,16.7,1.536431350744148,0.008778562651555662
2018-11-30,16.704166666666666,1.5380467691626907,0.008787792515154047
2018-12-01,16.7,1.536431350744148,0.008778562651555662
2018-12-02,16.545833333333334,1.4797444232755927,0.008454675909680806
2018-12-03,16.725,1.546154212854794,0.008834115250211891
2018-12-04,16.4625,1.4475437283426678,0.008270693841262713
2018-12-05,16.35,1.4065856578708014,0.008036675583597008
2018-12-06,16.141666666666666,1.3333145735347895,0.0076180335114474345
2018-12-07,16.004166666666666,1.2869086575464503,0.0073528884135495316
2018-12-08,15.858333333333334,1.238481175453025,0.007076192884388191
2018-12-09,15.745833333333334,1.2021605913020919,0.006868671394179313
2018-12-10,15.6625,1.176263611943666,0.006720706269884058
2018-12-11,15.2,1.0376902981422387,0.005928953018786746
2018-12-12,15.112499999999999,1.012494063377729,0.00578499167267361
2018-12-13,15.1625,1.0265951576093484,0.0058655597625578764
2018-12-14,15.35,1.0807939327459275,0.00617523018352631
2018-12-15,15.441666666666666,1.1078728753646503,0.0063299485796337596
2018-12-16,15.429166666666667,1.1041213987443501,0.006308514122096038
2018-12-17,15.645833333333334,1.1706562702387178,0.006688668131348465
2018-12-18,15.6625,1.1755501410102993,0.006716629778418566
2018-12-19,15.7875,1.21526542451388,0.0069435472415981725
2018-12-20,15.883333333333333,1.2463477727436103,0.007121139518116093
2018-12-21,15.916666666666668,1.2572508629726036,0.007183435474667894
2018-12-22,15.825000000000001,1.2275758845269467,0.00701388435392137
2018-12-23,15.575000000000001,1.1498391691626433,0.006569727427664191
2018-12-24,15.7625,1.2072368232921946,0.006897674981314765
2018-12-25,15.791666666666666,1.2166753613485097,0.006951603064483808
2018-12-26,15.783333333333333,1.2145005751572855,0.006939177194089954
2018-12-27,15.633333333333333,1.1674020607008437,0.006670074861759374
2018-12-28,15.725,1.1952477989329278,0.006829174425518454
2018-12-29,15.254166666666666,1.0530209902248489,0.00601654654574369
2018-12-30,14.833333333333334,0.9399113562212641,0.005370282716179107
2018-12-31,13.945833333333333,0.7240183469117827,0.004136755225778546
2019-01-01,13.804166666666667,0.6941821115548116,0.003966282746652893
2019-01-02,13.549999999999999,0.6425377206422916,0.003671207069495298
2019-01-03,12.954166666666666,0.533463843656539,0.0030480019635178994
2019-01-04,11.4375,0.31871810913305776,0.0018210295486712025
2019-01-05,10.504166666666666,0.22202440533494933,0.0012685598685963063
2019-01-06,10.225,0.19815362476921625,0.001132171644913984
2019-01-07,10.2875,0.20320637901545258,0.0011610410894824098
2019-01-08,10.55,0.22575953610279959,0.0012899009323811903
2019-01-09,11.195833333333333,0.28974655575615965,0.001655497521282664
2019-01-10,11.491666666666667,0.3227695939861651,0.0018441781349048836
2019-01-11,11.845833333333333,0.36627125819239387,0.002092729483779896
2019-01-12,12.045833333333333,0.39276428262050234,0.0022441001744773373
2019-01-13,11.420833333333334,0.31624272054941505,0.001806886154787754
2019-01-14,11.233333333333333,0.2992326282899735,0.0017096971977048835
2019-01-15,11.395833333333334,0.3128041988605394,0.0017872397982747162
2019-01-16,12.033333333333333,0.39123912850705655,0.0022353860455110956
2019-01-17,12.616666666666667,0.4768563727729208,0.002724569205225592
2019-01-18,13.0625,0.5509664431621482,0.0031480049127226646
2019-01-19,13.3625,0.6057878587356046,0.003461232855530178
2019-01-20,13.6625,0.6646200993608264,0.0037973770705058527
2019-01-21,13.958333333333334,0.7266500606921565,0.004151791800169446
2019-01-22,14.258333333333335,0.7942158563306403,0.004537836103305646
2019-01-23,14.366666666666667,0.8197232722009774,0.00468357541550374
2019-01-24,14.575,0.8709960372384031,0.00497652776900885
2019-01-25,14.775,0.9215328938697357,0.005265275432180372
2019-01-26,14.845833333333333,0.9399778926717078,0.0053706628792098525
2019-01-27,14.995833333333334,0.9803948667819301,0.00560158952571511
2019-01-28,15.0875,1.005516801941985,0.0057451263531978665
2019-01-29,14.970833333333333,0.9742828026655939,0.005566667602422153
2019-01-30,15.079166666666667,1.003899858334968,0.005735887775274189
2019-01-31,15.129166666666666,1.017194428121602,0.005811847702635031
2019-02-01,15.275,1.0588189142436035,0.006049673596440063
2019-02-02,15.4125,1.0994766372087932,0.006281975786932755
2019-02-03,15.491666666666667,1.122982171539991,0.006416277137712126
2019-02-04,15.591666666666667,1.1534592381260218,0.006590411073687543
2019-02-05,15.683333333333334,1.1821160269845088,0.006754144660785195
2019-02-06,15.674999999999999,1.1797489932157257,0.006740620363570388
2019-02-07,15.55,1.1409819694205976,0.00651912088229838
2019-02-08,15.5625,1.1449409503912003,0.006541740937838068
2019-02-09,15.695833333333333,1.1862886705786586,0.006777985500270874
2019-02-10,15.554166666666667,1.1421290719332244,0.006525674973550145
2019-02-11,15.625,1.1639589774362427,0.006650402442202077
2019-02-12,15.666666666666666,1.17743329568786,0.006727389381385225
2019-02-13,15.245833333333334,1.0505684965533144,0.006002533964356517
2019-02-14,15.1375,1.0196185978305832,0.005825698452073324
2019-02-15,15.325,1.0734938220468544,0.006133520230716463
2019-02-16,15.475,1.1179281492646522,0.006387400448125617
2019-02-17,15.454166666666666,1.1129828497180478,0.006359144957322497
2019-02-18,15.8875,1.2481658488840317,0.007131527287993515
2019-02-19,15.979166666666668,1.2781120851384573,0.007302628268854416
2019-02-20,16,1.284973561935437,0.007341832040578618
2019-02-21,15.816666666666666,1.2247851477124811,0.006997939184644577
2019-02-22,15.25,1.0535583219076543,0.006019616647014332
2019-02-23,14.683333333333334,0.8979207921388843,0.005130365197317754
2019-02-24,14.666666666666666,0.8936494085585179,0.005105960196501472
2019-02-25,14.558333333333334,0.8678360036615528,0.0049584725837108126
2019-02-26,13.929166666666667,0.7217220767914768,0.004123635244136518
2019-02-27,13.483333333333334,0.6288273645635812,0.0035928715032795978
2019-02-28,13.575,0.6468537256534284,0.0036958670195648808
2019-03-01,13.649999999999999,0.6618715238817452,0.0037816727944677744
2019-03-02,13.8125,0.7003408271969311,0.00400147121836123
2019-03-03,14.2,0.7832964283958351,0.004475446799547683
2019-03-04,14.595833333333333,0.8786010394300264,0.0050199797515344926
2019-03-05,14.9625,0.9719322772580328,0.0055532376274712025
2019-03-06,14.929166666666667,0.9622247223931165,0.005497772488378716
2019-03-07,15.2125,1.0424854323675676,0.005956350524180841
2019-03-08,15.458333333333334,1.1131322452100005,0.006359998544230452
2019-03-09,15.583333333333332,1.1510376019218014,0.006576574799696045
2019-03-10,NA,NA,NA
2019-03-11,15.729166666666666,1.1966300643239833,0.006837072144691251
2019-03-12,15.891666666666667,1.2494134154340892,0.0071386553911244235
2019-03-13,16.095833333333335,1.3217740226088246,0.007552095355936625
2019-03-14,16.458333333333332,1.4479142269126923,0.008272810723938725
2019-03-15,16.462500000000002,1.4478967122171582,0.008272710651877584
2019-03-16,16.55,1.480383797028451,0.008458329039086495
2019-03-17,16.766666666666666,1.5634400530848596,0.008932879722422717
2019-03-18,17,1.6555632620779452,0.0094592353981361
2019-03-19,17.070833333333333,1.684046621121998,0.00962197807568812
2019-03-20,17.104166666666668,1.7017761764945323,0.009723277761187662
2019-03-21,17.554166666666667,1.8936479653927305,0.010819557473973463
2019-03-22,17.9625,2.0869894837345626,0.01192423464102595
2019-03-23,18.383333333333333,2.295468918997953,0.013115403893810468
2019-03-24,18.629166666666666,2.425184279982612,0.013856546296770071
2019-03-25,18.866666666666667,2.5563378981628233,0.014605906333985898
2019-03-26,19.070833333333333,2.674024107958008,0.01527831891227049
2019-03-27,19.379166666666666,2.859299656965898,0.01633691031238699
2019-03-28,19.7625,3.102909322666609,0.017728799843827785
2019-03-29,20.725,3.7935948875738985,0.02167510470224344
2019-03-30,21.454166666666666,4.367220126214909,0.024952573033962106
2019-03-31,21.479166666666668,4.387605599970831,0.025069047589406007
2019-04-01,21.4375,4.352386219439229,0.024867817942278655
2019-04-02,21.5,4.405552068325684,0.025171586630119373
2019-04-03,21.729166666666668,4.60563427995915,0.026314777459592813
2019-04-04,22.0875,4.9299095964368815,0.02816755869884184
2019-04-05,22.604166666666668,5.444094951915225,0.031105410985826778
2019-04-06,23.545833333333334,6.439246538945789,0.036791314589858105
2019-04-07,24.008333333333333,6.979497141567234,0.039878093416882185
2019-04-08,24.533333333333335,7.637770546634197,0.043639207979816866
2019-04-09,24.891666666666666,8.098100722896998,0.04626935301738554
2019-04-10,25.179166666666667,8.49812189384042,0.04855491618906561
2019-04-11,24.4375,7.501821655580366,0.0428624496450253
2019-04-12,24.041666666666668,7.011321605597168,0.040059925850334965
2019-04-13,24.054166666666667,7.026861662712601,0.040148715606499796
2019-04-14,24.229166666666668,7.251997518138512,0.041435053073520835
2019-04-15,24.991666666666667,8.242074413609286,0.04709196189182784
2019-04-16,25.9875,9.706425278938422,0.05545868508380482
2019-04-17,26.883333333333333,11.143297615880629,0.06366840680422213
2019-04-18,27.141666666666666,11.585025938214267,0.06619226818644029
2019-04-19,27.229166666666668,11.741999794887041,0.06708915488091632
2019-04-20,27.4625,12.158056537054918,0.06946633898091131
2019-04-21,27.683333333333334,12.584133636485626,0.07190077544950721
2019-04-22,28.0125,13.195397669071529,0.07539329700219419
2019-04-23,27.745833333333334,12.684575905719806,0.07247466295376154
2019-04-24,27.587500000000002,12.387679218753647,0.07077831240330616
2019-04-25,27.258333333333333,11.79033001684395,0.06736529470402448
2019-04-26,27.179166666666667,11.652980726911922,0.06658053504246783
2019-04-27,27.1375,11.579952156025966,0.06616327859650593
2019-04-28,26.491666666666667,10.480836135684864,0.05988336323210016
2019-04-29,26.145833333333332,9.924400171649886,0.0567041076347095
2019-04-30,26.254166666666666,10.09967271098881,0.05770554578353325
2019-05-01,26.470833333333335,10.453681640498356,0.05972821315842412
2019-05-02,26.754166666666666,10.918367792019382,0.06238324652028691
2019-05-03,27.120833333333334,11.547683907750116,0.0659789105549346
2019-05-04,27.3375,11.932759221705286,0.06817907899557835
2019-05-05,27.2375,11.755763633886186,0.0671677960274416
2019-05-06,27.116666666666667,11.53858339738844,0.06592691382866864
2019-05-07,27.2875,11.841195711363241,0.06765592121716885
2019-05-08,27.34166666666667,11.942239039716748,0.0682332429361271
2019-05-09,27.704166666666666,12.605273632424462,0.07202156104706274
2019-05-10,27.720833333333335,12.644925591780668,0.07224811670104417
2019-05-11,28.4,13.969351460808658,0.07981536366132788
2019-05-12,28.858333333333334,14.91614134595251,0.08522494757835027
2019-05-13,29.2375,15.739234057560175,0.08992777464145797
2019-05-14,29.154166666666665,15.559156998956974,0.08889888536482975
2019-05-15,29.0625,15.358566452636975,0.08775279011148374
2019-05-16,28.941666666666666,15.0949999216006,0.08624687492403628
2019-05-17,29.195833333333333,15.67721986546399,0.08957345001098338
2019-05-18,28.554166666666667,14.287993716310861,0.0816359598122749
2019-05-19,28.35,13.873061275891695,0.07926519952896101
2019-05-20,28.841666666666665,14.887099097901066,0.08505901162947878
2019-05-21,29.391666666666666,16.084341386865628,0.09189958178425783
2019-05-22,29.391666666666666,16.085504220679685,0.09190622575796034
2019-05-23,29.9375,17.348280523583583,0.09912123141673752
2019-05-24,30.55,18.857694417978383,0.10774542698047404
2019-05-25,31.129166666666666,20.35637873278457,0.11630831795901196
2019-05-26,31.295833333333334,20.804129294050046,0.11886658803885278
2019-05-27,32.016666666666666,22.871021844957415,0.13067599673347885
2019-05-28,34.5375,31.14641323889221,0.1779583187081093
2019-05-29,35.8375,36.05278653660762,0.20599140028058158
2019-05-30,35.846875,37.23207099922346,0.21272936649955076
2019-05-31,36.56875,39.09308281519257,0.223362453889923
2019-06-01,36.521875,38.891223672455034,0.2222091103770791
2019-06-02,36.248958333333334,37.74302601877566,0.21564876192134647
2019-06-03,35.86354166666667,36.15420555947258,0.2065708685697755
2019-06-04,35.15833333333333,33.39008224475767,0.19077775833214716
2019-06-05,34.66770833333333,31.538009227507963,0.18019574371150843
2019-06-06,33.95520833333333,29.00855568869426,0.16574344400158603
2019-06-07,33.35520833333333,26.98710003761497,0.1541936438287726
2019-06-08,32.75625,25.063856342885384,0.14320498803219836
2019-06-09,32.06458333333333,22.98132059029833,0.13130620025405546
2019-06-10,31.471875,21.30639603270496,0.12173634205092704
2019-06-11,31.020833333333332,20.069994607979844,0.11467203204178461
2019-06-12,30.425,18.549468998690422,0.1059843485224545
2019-06-13,29.875,17.217234654678073,0.09837248701637274
2019-06-14,29.407291666666666,16.127623790261428,0.09214688036335537
2019-06-15,29.108333333333334,15.45926667223138,0.08832815144234094
2019-06-16,28.929166666666667,15.070080690328187,0.0861044962666055
2019-06-17,29.045833333333334,15.332537827573672,0.08760407281556198
2019-06-18,30.310416666666665,18.305268165680932,0.10458908129421315
2019-06-19,28.909375,15.064884176528373,0.08607480543665777
2019-06-20,28.183333333333334,13.537543563644299,0.07734818367514897
2019-06-21,29.195833333333333,15.72032957097107,0.08981976186247012
2019-06-22,30.109375,17.780622985154576,0.10159146569306267
2019-06-23,29.851041666666667,17.14623538722255,0.09796682520969914
2019-06-24,29.129166666666666,15.526129791661445,0.08871018093081173
2019-06-25,28.665625,14.517776979984843,0.08294885073673045
2019-06-26,28.278125,13.736497778538222,0.07848492957622123
2019-06-27,27.864583333333332,12.92766311966145,0.07386356740194616
2019-06-28,27.265625,11.83978125610686,0.06764783957780375
2019-06-29,26.903125,11.18451179853886,0.06390388838589041
2019-06-30,27.140625,11.585363948682735,0.0661941994449198
2019-07-01,26.763541666666665,10.958419376691657,0.06261208547568141
2019-07-02,26.43125,10.394388440437464,0.059389435203070856
2019-07-03,26.060416666666665,9.801239181396468,0.0560004143205607
2019-07-04,25.645833333333332,9.183230708664233,0.052469357697403074
2019-07-05,25.2875,8.65847206513593,0.049471093813418
2019-07-06,25.195833333333333,8.51768899352478,0.04866671487789424
2019-07-07,24.923958333333335,8.148924542932434,0.04655974027624769
2019-07-08,25.109375,8.408951832297078,0.04804543363293176
2019-07-09,24.417708333333334,7.509432488067062,0.04290593493955707
2019-07-10,23.839583333333334,6.782739063457899,0.038753895375071915
2019-07-11,23.54375,6.445214219801689,0.03682541156415677
2019-07-12,23.4125,6.28481345599639,0.03590894487416102
2019-07-13,23.309375,6.169189223620716,0.03524831362144915
2019-07-14,23.00208333333333,5.844978664673851,0.03339590238118616
2019-07-15,23.107291666666665,5.949226072710216,0.03399153094751701
2019-07-16,22.717708333333334,5.549934079578476,0.03171013401020912
2019-07-17,22.338541666666668,5.179982067726851,0.029596374151992483
2019-07-18,21.871875,4.74744664808084,0.027125037389344162
2019-07-19,21.44375,4.370111423803946,0.0249690927678359
2019-07-20,21.6875,4.585426673447386,0.02619931916741751
2019-07-21,22.254166666666666,5.092536067671415,0.029096742203098193
2019-07-22,22.27916666666667,5.110953007881349,0.029201969334401237
2019-07-23,21.764583333333334,4.64866542990483,0.02656064047559003
2019-07-24,21.445833333333333,4.364673924896472,0.024938025044046026
2019-07-25,21.186458333333334,4.146733419710301,0.023692798969895783
2019-07-26,21.06458333333333,4.048034758215244,0.023128873752449913
2019-07-27,21.269791666666666,4.215736602073438,0.024087055933760867
2019-07-28,21.1875,4.152484678959944,0.023725659396509616
2019-07-29,20.68958333333333,3.758782069548199,0.02147619799289532
2019-07-30,20.339583333333334,3.498306541960738,0.019987943579825664
2019-07-31,20.038541666666667,3.287222829653638,0.018781894515340392
2019-08-01,19.989583333333332,3.2527376223193727,0.01858485964424829
2019-08-02,21.275,4.375037018554,0.024997235673204617
2019-08-03,22.021875,4.887366709194399,0.027924485423322362
2019-08-04,21.230208333333334,4.184401680872975,0.023908020554922367
2019-08-05,20.813541666666666,3.85028816542064,0.021999027727674172
2019-08-06,20.38854166666667,3.5348261536401697,0.02019660223482063
2019-08-07,20.027083333333334,3.279326616771602,0.018736778669805602
2019-08-08,19.91875,3.2048653631022597,0.01831133643957963
2019-08-09,19.848958333333332,3.1608297705373283,0.018059734434685365
2019-08-10,19.582291666666666,2.9852148425216836,0.01705634001202724
2019-08-11,19.505208333333332,2.9366223761065555,0.01677870182753418
2019-08-12,19.340625,2.836539871891062,0.016206869878677654
2019-08-13,19.001041666666666,2.6348463251437995,0.015054472515998379
2019-08-14,18.657291666666666,2.4416028216179684,0.013950355366939945
2019-08-15,18.377083333333335,2.2926271865784535,0.013099167355763096
2019-08-16,18.175,2.188215025345164,0.012502597454656336
2019-08-17,17.9625,2.083661708306906,0.011905221044962682
2019-08-18,17.765625,1.9905164997510614,0.011373026066902863
2019-08-19,17.52916666666667,1.882169545370246,0.010753974309935936
2019-08-20,17.34375,1.8002330366312158,0.010285821421056822
2019-08-21,17.233333333333334,1.7520027318828286,0.010010252485463132
2019-08-22,17.292708333333334,1.7775420439005933,0.010156174039665332
2019-08-23,17.305208333333333,1.7828220581842382,0.01018634195843869
2019-08-24,17.283333333333335,1.773942374976155,0.010135606951417147
2019-08-25,17.014583333333334,1.6631756236786794,0.009502729429422287
2019-08-26,16.823958333333334,1.5853626621392052,0.009058136862597531
2019-08-27,16.748958333333334,1.5560067975432426,0.008890409032505136
2019-08-28,16.530208333333334,1.47470379439462,0.008425875744666321
2019-08-29,16.332291666666666,1.4012868821900455,0.008006400469601497
2019-08-30,16.278125,1.3816421646233608,0.007894158302811727
2019-08-31,16.172916666666666,1.3450751179315623,0.00768522862286811
2019-09-01,15.94375,1.2685176812565613,0.007247809629843465
2019-09-02,15.732291666666667,1.1998216045040888,0.0068553073462916635
2019-09-03,15.653125,1.1740975009625592,0.006708329966218646
2019-09-04,15.4875,1.1215993799125763,0.006408376411832362
2019-10-17,17.630769230769232,1.927057855681829,0.01101044840765716
2019-10-18,17.629166666666666,1.9260729492480624,0.011004821040817403
2019-10-19,17.625,1.9241664221964792,0.010993927897325438
2019-10-20,17.608333333333334,1.916744138677191,0.010951519897215233
2019-10-21,17.65,1.9356055845059785,0.011059286758277226
2019-10-22,17.704166666666666,1.9605967492106877,0.011202076414964053
2019-10-23,17.708333333333332,1.9623657342395198,0.01121218369759516
2019-10-24,17.7125,1.9643066467967907,0.011223273306302338
2019-10-25,17.766666666666666,1.9896081154999925,0.011367835917628811
2019-10-26,17.779166666666665,1.9954656559011446,0.01140130359281692
2019-10-27,17.8625,2.034771145257309,0.011625879653892493
2019-10-28,17.9875,2.094997826973082,0.01196999115518485
2019-10-29,18.05,2.1253761855549653,0.012143561112562594
2019-10-30,18.0125,2.10702780871993,0.012038725725337061
2019-10-31,18.15416666666667,2.1771564843355686,0.012439413313665907
2019-11-01,18.058333333333334,2.1293976363354217,0.012166538095952889
2019-11-02,18.041666666666668,2.121319090123988,0.012120380469700204
2019-11-03,17.8875,2.0466262764108607,0.011693615196729118
2019-11-04,17.958333333333332,2.080636105638649,0.011887933944846467
2019-11-05,18.033333333333335,2.117153786685447,0.012096581568968152
2019-11-06,18.066666666666666,2.1334908011022535,0.012189924824771832
2019-11-07,18.179166666666667,2.1895798288194146,0.01251039540332483
2019-11-08,18.2,2.2000660804076135,0.012570309708316324
2019-11-09,18.2625,2.231671250784153,0.012750889184339882
2019-11-10,18.245833333333334,2.2231946579233783,0.012702457276553048
2019-11-11,18.2875,2.244496918447833,0.012824169989941197
2019-11-12,18.320833333333333,2.262484912132831,0.012926946290010224
2019-11-13,18.5125,2.3617884999531005,0.013494327817848926
2019-11-14,18.3625,2.2830477736872203,0.013044434369359193
2019-11-15,18.333333333333332,2.2680664637738674,0.012958837074294207
2019-11-16,18.329166666666666,2.265836537186155,0.01294609615342643
2019-11-17,18.375,2.2896654295607872,0.013082245044508724
2019-11-18,18.4375,2.322231128478713,0.013268312601711489
2019-11-19,18.441666666666666,2.3244245610319463,0.013280845010062305
2019-11-20,18.466666666666665,2.337585156351346,0.013356039460167194
2019-11-21,18.5125,2.3617884999531005,0.013494327817848926
2019-11-22,18.533333333333335,2.3729446265097383,0.013558069524159914
2019-11-23,18.52916666666667,2.370713401198411,0.013545321182897713
2019-11-24,18.504166666666666,2.3575150131209166,0.013469910799881442
2019-11-25,18.45,2.328924804412696,0.013306557625498082
2019-11-26,17.570833333333333,1.900971785375389,0.010861402892276951
2019-11-27,18.258333333333333,2.236145290223724,0.012776452080792616
2019-11-28,18.4375,2.322193335720619,0.013268096668800107
2019-11-29,18.495833333333334,2.3531659407725445,0.013445061916091197
2019-11-30,18.916666666666668,2.5860514387160443,0.014775677783403182
2019-12-01,19.179166666666667,2.737243413278455,0.015639529084319228
2019-12-02,19.22083333333333,2.7622021702195854,0.01578213357582908
2019-12-03,19.27916666666667,2.797275772400494,0.015982530302966758
2019-12-04,19.291666666666668,2.805006994798172,0.016026703457958844
2019-12-05,19.508333333333333,2.9398197259434937,0.016796970223221963
2019-12-06,19.5125,2.9410555674939958,0.01680403133433065
2019-12-07,19.65833333333333,3.035208424542994,0.017341983618386347
2019-12-08,19.7875,3.1179207314693516,0.01781456911207343
2019-12-09,19.708333333333332,3.066031618465318,0.01751809518942212
2019-12-10,19.6625,3.036505705820754,0.017349395771860038
2019-12-11,19.570833333333333,2.9780112575356106,0.017015181569064314
2019-12-12,19.433333333333334,2.891735562660034,0.016522236282309442
2019-12-13,19.325,2.8250721667672245,0.01614134793534422
2019-12-14,19.429166666666667,2.889608330515303,0.016510082116978284
2019-12-15,19.2875,2.802746084743424,0.016013785509782687
2019-12-16,19.020833333333332,2.6450154283191263,0.015112574760066428
2019-12-17,18.5,2.355245995051495,0.013456946525707864
2019-12-18,18.191666666666666,2.197139991155452,0.012553591188603939
2019-12-19,18.104166666666668,2.1526683578755508,0.012299497819072308
2019-12-20,18.216666666666665,2.20832369429285,0.012617490456619068
2019-12-21,18.254166666666666,2.2273960282295926,0.012726462249139441
2019-12-22,18.341666666666665,2.272267401990388,0.01298283957809054
2019-12-23,18.47083333333333,2.3397407961464847,0.013368355935606625
2019-12-24,18.508333333333333,2.359557274641773,0.013481579476586729
2019-12-25,18.525,2.368482175887083,0.013532572841635518
2019-12-26,18.629166666666666,2.4246451061676626,0.013853465670283038
2019-12-27,18.645833333333332,2.4344088916043614,0.013909252088681032
2019-12-28,18.7,2.463149822138091,0.014073466428119078
2019-12-29,18.5125,2.3620912790094994,0.01349605777793786
2019-12-30,18.0875,2.1440835570072125,0.012250447653415809
2019-12-31,17.675,1.9474909339386672,0.011127194956440427
2020-01-01,17.77916666666667,1.995396050442467,0.01140090589468378
2020-01-02,17.433333333333334,1.8391628572869345,0.010508251059370654
2020-01-03,17.391666666666666,1.820368533606934,0.010400867707788693
2020-01-04,17.570833333333333,1.8997556638433266,0.010854454453574537
2020-01-05,17.804166666666667,2.0070415257860934,0.011467443546926852
2020-01-06,18.108333333333334,2.155108312907629,0.01231343875961983
2020-01-07,18.291666666666668,2.2466529927871997,0.012836488948194929
2020-01-08,18.2375,2.218956361492991,0.012678241322659631
2020-01-09,18.275,2.2380286954297337,0.012787213115180003
2020-01-10,18.3375,2.2705158014335494,0.012972831623474632
2020-01-11,17.90833333333333,2.058373400951136,0.011760733632383587
2020-01-12,18.22083333333333,2.2104793390039665,0.01262980696014646
2020-01-13,18.079166666666666,2.1401690401783195,0.012228081648441774
2020-01-14,17.7875,2.0001777548133037,0.011428226667187073
2020-01-15,17.383333333333333,1.8165591643624959,0.010379102474633948
2020-01-16,17.5375,1.8851107967897938,0.010770779460291644
2020-01-17,17.570833333333333,1.899619365994116,0.010853675701430494
2020-01-18,17.5625,1.895874253453298,0.010832277605732448
2020-01-19,17.616666666666667,1.9203873388744868,0.010972335705984451
2020-01-20,17.587500000000002,1.9073465621045298,0.01089782585180543
2020-01-21,17.3375,1.7992407291075876,0.010280151767309155
2020-01-22,16.8,1.5752628799838029,0.00900043069149179
2020-01-23,16.97083333333333,1.6432233838066344,0.009388730201490114
2020-01-24,17.016666666666666,1.6617998263963738,0.009494868666471366
2020-01-25,17.1,1.6960723384293659,0.009690688280515362
2020-01-26,17.25,1.7590323054303059,0.010050416695709401
2020-01-27,17.416666666666664,1.831105401774082,0.010462213937049868
2020-01-28,17.441666666666666,1.8420399414717805,0.010524689583459763
2020-01-29,17.483333333333334,1.8604299185613389,0.010629762658129304
2020-01-30,17.441666666666666,1.8420399414717805,0.010524689583459763
2020-01-31,17.475,1.8567854817048803,0.010608939783577463
2020-02-01,17.525,1.8790212470196164,0.01073598617509125
2020-02-02,17.533333333333335,1.8827663595604345,0.010757384270789294
2020-02-03,17.545833333333334,1.8885182626174748,0.010790248375864635
2020-02-04,17.53333333333333,1.884711662660838,0.010768498965327963
2020-02-05,17.583333333333332,1.9059131526710595,0.010889635915749417
2020-02-06,17.754166666666666,1.983819346110216,0.011334761172871133
2020-02-07,17.770833333333332,1.991479422598586,0.011378527828202846
2020-02-08,17.754166666666666,1.9837505750988405,0.011334368242440702
2020-02-09,17.791666666666668,2.0011839853849414,0.011433975871738744
2020-02-10,17.854166666666664,2.030959765035337,0.011604102930805401
2020-02-11,17.825,2.0175386641119917,0.011527420054442995
2020-02-12,17.791666666666668,2.001253590843619,0.011434373569871885
2020-02-13,17.75,1.9817748598122304,0.011323079784666951
2020-02-14,17.875,2.040909625794849,0.011660952510195543
2020-02-15,17.770833333333332,1.991479422598586,0.011378527828202846
2020-02-16,17.85,2.0289144442900495,0.01159241677489851
2020-02-17,17.85,2.028774393938802,0.011591616582438102
2020-02-18,17.679166666666667,1.9502500658379525,0.011142959547699286
2020-02-19,17.8,2.0052746268755164,0.011457348183552528
2020-02-20,17.8375,2.0242733803924087,0.011565899566579647
2020-02-21,17.920833333333334,2.0628559346718682,0.011786345061808081
2020-02-22,17.6375,1.9314478899618766,0.011035531331766466
2020-02-23,17.2875,1.7750230118774277,0.01014178128438478
2020-02-24,17.525,1.8795590134628697,0.010739058760411587
2020-02-25,17.65,1.9364614996297562,0.011064177119655792
2020-02-26,17.758333333333333,1.9867985143938351,0.011351782965230815
2020-02-27,17.8125,2.0123771707487266,0.011497929317454931
2020-02-28,17.4875,1.862805448564665,0.01064333549947672
2020-02-29,17.495833333333334,1.8664826220534145,0.010664345418231627
2020-03-01,17.59166666666667,1.9091520012520324,0.010908141418890314
2020-03-02,17.875,2.042171792669755,0.011668164033823144
2020-03-03,18.0875,2.143940129034461,0.01224962816255852
2020-03-04,18.116666666666667,2.158374413725937,0.012332099971294485
2020-03-05,18.141666666666666,2.1706899773622874,0.012402466243707869
2020-03-06,18.191666666666666,2.1959372734649953,0.012546719334164952
2020-03-07,18.2625,2.23163432465998,0.012750678203032858
2020-03-08,NA,NA,NA
2020-03-09,19.075,2.6759263781248466,0.015289187733602267
2020-03-10,19.3625,2.8486830501151856,0.016276251208847625
2020-03-11,19.733333333333334,3.0831713055369043,0.01761602460013944
2020-03-12,20.020833333333332,3.273990555311228,0.018706290519573735
2020-03-13,20.220833333333335,3.41255788842985,0.019498009599408738
2020-03-14,20.320833333333333,3.483089384918994,0.019900998747305287
2020-03-15,20.358333333333334,3.510032393345334,0.020054940469060353
2020-03-16,20.4,3.540337435216733,0.02022809152367613
2020-03-17,20.545833333333334,3.646662793825801,0.020835592679876024
2020-03-18,20.741666666666667,3.796843009387984,0.021693663188980267
2020-03-19,20.491666666666667,3.6150652855567866,0.020655056982112337
2020-03-20,21.65,4.538758009429727,0.02593267283092809
2020-03-21,22.183333333333334,5.026591560007061,0.028719961299885598
2020-03-22,22.795833333333334,5.6241524021562626,0.03213418822800864
2020-03-23,23.1625,6.005851522699836,0.03431506643132867
2020-03-24,23.570833333333333,6.472653645567758,0.0369821896187659
2020-03-25,24.724999999999998,7.8918431942429965,0.045090878862476355
2020-03-26,25.65,9.177793914385271,0.052438293999582546
2020-03-27,26.320833333333333,10.204288342605759,0.05830327823414789
2020-03-28,25.808333333333334,9.406998629520677,0.05374787932591269
2020-03-29,25.566666666666666,9.045870455052023,0.05168453539370278
2020-03-30,25.404166666666665,8.810982720937123,0.050342479538743226
2020-03-31,25.558333333333334,9.040764352074866,0.051655361135530715
2020-04-01,26.1125,9.875219567451936,0.056423109062932145
2020-04-02,26.704166666666666,10.830932385716276,0.061883675099914444
2020-04-03,26.3125,10.190235618208673,0.058222986510417366
2020-04-04,26.2125,10.030465721002534,0.057310124343306935
2020-04-05,26.1875,9.993130229987042,0.05709680407563124
2020-04-06,26.675,10.79756234122562,0.061693011829404794
2020-04-07,27.60625,12.445517571166487,0.07110877793310218
2020-04-08,28.420833333333334,14.028011755392296,0.08015052544445068
2020-04-09,29.003125,15.241164812335361,0.08708200345102932
2020-04-10,29.51875,16.390316797348603,0.09364780457954207
2020-04-11,30.09375,17.718734201776936,0.10123785759853506
2020-04-12,30.065625,17.65383018431945,0.1008670216459152
2020-04-13,29.31458333333333,15.910462656340462,0.0909061073091706
2020-04-14,28.635416666666668,14.575299158277327,0.08327750977232609
2020-04-15,28.997916666666665,15.222769743845895,0.08697690128610916
2020-04-16,28.2125,13.728638048982628,0.07844002218202192
2020-04-17,28.998958333333334,15.386778716545896,0.08791398385837434
2020-04-18,29.6,16.56379163252747,0.09463897135594793
2020-04-19,30.526041666666668,18.897292299215373,0.10797167365341481
2020-04-20,32.521875,24.413386095467594,0.13948845763390602
2020-04-21,34.45104166666667,30.783167137343447,0.17588287377603684
2020-04-22,35.55520833333333,34.933324734840326,0.19959523714704627
2020-04-23,36.079166666666666,37.03853816578317,0.21162359623349508
2020-04-24,36.3125,38.00450921090426,0.21714277373210386
2020-04-25,36.333333333333336,38.093497141282356,0.217651215662606
2020-04-26,36.21458333333334,37.59637659710704,0.21481086497573357
2020-04-27,36.31979166666667,38.03648052645307,0.21732544521720595
2020-04-28,36.509375,38.839101002077484,0.22191130199972853
2020-04-29,36.38645833333334,38.31876405325205,0.21893830193501945
2020-04-30,36.135416666666664,37.27176613460008,0.21295616884428087
2020-05-01,35.50208333333333,34.71260113332935,0.19833410955836317
2020-05-02,35.170833333333334,33.424542640149696,0.19097465143758902
2020-05-03,34.78541666666667,31.969821475946258,0.1826629485591502
2020-05-04,34.9,32.40596336103515,0.18515489124267195
2020-05-05,34.07604166666667,29.42533587298142,0.16812476156446948
2020-05-06,33.534375,27.572993914015626,0.15754121031695628
2020-05-07,32.96458333333333,25.72790947761213,0.14699912569043952
2020-05-08,32.43125,24.065772331180558,0.13750232971035195
2020-05-09,31.913541666666667,22.539582369178838,0.12878228231407976
2020-05-10,31.466666666666665,21.275653658028926,0.12156069224918323
2020-05-11,31.26354166666667,20.717783265146778,0.11837324089120882
2020-05-12,30.853125,19.630692161034943,0.11216203115458603
2020-05-13,30.37291666666667,18.405245776682353,0.10516031392462241
2020-05-14,30.046875,17.60646490327355,0.1005963951145257
2020-05-15,30.245833333333334,18.098599592372157,0.1034082585922942
2020-05-16,29.873958333333334,17.206024799883785,0.09830843832810637
2020-05-17,29.382291666666667,16.065951284461423,0.09179450799358986
2020-05-18,28.94375,15.107943822990826,0.08632083127051061
2020-05-19,28.572916666666668,14.327530830936153,0.08186185928876745
2020-05-20,28.215625,13.601278652198214,0.07771234082912919
2020-05-21,28.01875,13.215166636888405,0.07550624908589972
2020-05-22,27.717708333333334,12.642095838798062,0.07223194860877358
2020-05-23,27.519791666666666,12.266041449692475,0.07008332217417436
2020-05-24,27.533333333333335,12.2877032175624,0.0702070889707172
2020-06-25,20.213333333333335,3.4072513816558794,0.019467690312996333
2020-06-26,20.780208333333334,3.826221421740475,0.021861519848058893
2020-06-27,20.632291666666667,3.7193307368158557,0.02125078864030009
2020-06-28,20.383333333333333,3.5314467466249795,0.020177293636233665
2020-06-29,19.99375,3.2631433779991603,0.018644314027372898
2020-06-30,19.6625,3.0383754617672554,0.017360078819762915
2020-07-01,19.5125,2.945293606321029,0.01682824581638012
2020-07-02,19.236458333333335,2.7746116822917695,0.015853036632544334
2020-07-03,18.98229166666667,2.6224537367426533,0.014983666154463438
2020-07-04,19.065625,2.6726958299765275,0.015270729655859223
2020-07-05,19.522916666666667,2.9493607850332473,0.0168514840711339
2020-07-06,19.23125,2.770922406834151,0.015831957567913252
2020-07-07,18.910416666666666,2.582263383755057,0.01475403433165608
2020-07-08,18.636458333333334,2.430282563273249,0.013885675876338049
2020-07-09,18.355208333333334,2.2799304715345547,0.01302662333456239
2020-07-10,18.15625,2.1795682025483716,0.012453192920166865
2020-07-11,17.826041666666665,2.0183516345890373,0.011532065047050802
2020-07-12,17.601041666666667,1.9148546608325938,0.010940724166166468
2020-07-13,17.375,1.8141208794209562,0.010365171076324948
2020-07-14,17.257291666666667,1.7627367333564383,0.01007158233556827
2020-07-15,17.292708333333334,1.777617967562179,0.01015660783751751
2020-07-16,17.229166666666668,1.7509736216994465,0.010004372555835427
2020-07-17,17.04479166666667,1.6750204431548725,0.0095704060554022
2020-07-18,16.739583333333332,1.5543833180518905,0.008881133111116622
2020-07-19,16.567708333333332,1.4868570697645729,0.008495314765944471
2020-07-20,16.320833333333333,1.3989109092859273,0.00799282509769367
2020-07-21,16.135416666666668,1.3332690246207775,0.007617773262920762
2020-07-22,16.01770833333333,1.2927078172220865,0.0073860225243018865
2020-07-23,15.890625,1.25144766162777,0.007150278271412089
2020-07-24,15.903125,1.2539175435635386,0.0071643902024818296
2020-07-25,15.95625,1.2708555749739967,0.007261167432299946
2020-07-26,16.009375,1.2891511088445229,0.007365700895671598
2020-07-27,15.808333333333334,1.2240135719464627,0.006993530705086324
2020-07-28,15.838541666666666,1.2317483536238134,0.00703772419639841
2020-07-29,15.652083333333334,1.1763458530682989,0.00672117616322799
2020-07-30,15.508333333333333,1.1288529047776996,0.0064498201915640496
2020-07-31,15.5,1.1276281266060555,0.006442822292237908
2020-08-01,15.452083333333333,1.1120266533408407,0.0063536816284204675
2020-08-02,15.510416666666666,1.1306283560012422,0.006459964419480969
2020-08-03,15.678125,1.1808089710702765,0.006746676658894568
2020-08-04,15.901041666666666,1.2536972268146356,0.007163131399488455
2020-08-05,15.735416666666666,1.1988174764932027,0.006849570154942713
2020-08-06,15.428125,1.1061074258881383,0.006319861497753914
2020-08-07,15.219791666666667,1.0454212601920247,0.005973124686253683
2020-08-08,14.876041666666667,0.9508290088845074,0.005432661876735669
2020-08-09,14.534375,0.8638550608832134,0.00493572704706514
2020-08-10,14.059375,0.7504249584745075,0.00428763218745106
2020-08-11,13.796875,0.6936953632454027,0.00396350165882387
2020-08-12,13.527083333333334,0.6386223301033814,0.0036488360724868836
2020-08-13,13.207291666666666,0.5778443232771766,0.00330157451699851
2020-08-14,13.039583333333333,0.5482094946592331,0.003132252796529364
2020-08-15,12.888541666666667,0.5221280620703057,0.002983233779237552
2020-08-16,12.6625,0.48509871907010305,0.002771662720552904
2020-08-17,12.35625,0.43841000121791934,0.0025049018043637817
2020-08-18,12.090625,0.3990987001649918,0.002280292537545484
2020-08-19,12.004166666666666,0.387035449673281,0.0022113678829088785
2020-08-20,12.009375,0.3877753116143233,0.0022155951621815875
2020-08-21,11.8875,0.37178670090163,0.0021242425477060157
2020-08-22,11.694791666666667,0.34748528504761694,0.0019853938438621132
2020-08-23,11.623958333333334,0.3383402438858776,0.0019331426861709468
2020-08-24,11.655208333333334,0.34254505280655223,0.001957167305643912
2020-08-25,11.603125,0.3356526628035185,0.0019177869080548612
2020-08-26,12.001041666666667,0.39081898985199326,0.002232985538971036
2020-08-27,12.420833333333334,0.4466303273287491,0.0025518695050327288
2020-08-28,12.614583333333334,0.47751122969697846,0.002728310799363762
2020-08-29,13.082291666666666,0.5543390560436635,0.0031672746923099454
2020-08-30,13.159375,0.5681623271604156,0.003246255410510647
2020-08-31,13.7125,0.6757691695570267,0.003861078459556872
2020-09-01,14.09375,0.7569092949991798,0.004324681128432404
2020-09-02,14.223958333333334,0.7865732528171346,0.004494169281659619
2020-09-03,14.233333333333333,0.7884925712855713,0.004505135510261566
2020-09-04,14.255208333333334,0.793511232079053,0.0045338101582900305
2020-09-05,14.154166666666667,0.7706039113336233,0.004402926763958329
2020-09-06,13.961458333333333,0.7275049986728457,0.004156676578537864
2020-09-07,14.165625,0.7728468269115232,0.004415741898792181
2020-09-08,15.25625,1.0571018251668434,0.006039862826807342
2020-09-09,15.4,1.0965390025683799,0.0062651913014262865
2020-09-10,15.527083333333334,1.1338197162706931,0.006478198593142872
2020-09-11,15.6,1.1560658875724639,0.006605304440361655
2020-09-12,15.865625,1.2412046264470138,0.007091753609029481
2020-09-13,16.676041666666666,1.5283246786392044,0.00873224432504247
2020-09-14,16.991666666666667,1.6518476561269275,0.009438005891452508
2020-09-15,17.2,1.737868463477829,0.009929494851438615
2020-09-16,17.194791666666667,1.7356852660232125,0.009917020922403784
2020-09-17,17.14375,1.7143454808843641,0.009795093808171583
2020-09-18,16.9875,1.6504578535793462,0.009430065107940557
2020-09-19,16.785416666666666,1.5698689156415901,0.00896961170703444
2020-09-20,16.590625,1.4952942194055237,0.008543521310732667
2020-09-21,16.34583333333333,1.4054353177929606,0.008030102994174754
2020-09-22,16.18888888888889,1.3494699806400143,0.007710339134712616
