date,Ta,Ts_5,VWC_5,VWC_20,VWC_50,Rn,snow,RH,u
11/25/2020,NA,NA,NA,NA,NA,NA,NA,NA,NA
11/26/2020,NA,NA,0.166270833,0.1845625,0.174354167,NA,NA,NA,NA
11/27/2020,NA,NA,0.125614583,0.187041667,0.172145833,NA,NA,NA,NA
11/28/2020,NA,NA,0.098625,0.188604167,0.170375,NA,NA,NA,NA
11/29/2020,NA,NA,0.09725,0.188572917,0.169104167,NA,NA,NA,NA
11/30/2020,NA,NA,0.08703125,0.188572917,0.167833333,NA,NA,NA,NA
12/1/2020,NA,NA,0.092604167,0.18796875,0.167,NA,NA,NA,NA
12/2/2020,NA,NA,0.08025,0.18759375,0.166239583,NA,NA,NA,NA
12/3/2020,NA,NA,0.0789375,0.16678125,0.165052083,NA,NA,NA,NA
12/4/2020,NA,NA,0.08378125,0.152072917,0.164541667,NA,NA,NA,NA
12/5/2020,NA,NA,0.085833333,0.153770833,0.16365625,NA,NA,NA,NA
12/6/2020,NA,NA,0.090333333,0.162583333,0.163208333,NA,NA,NA,NA
12/7/2020,NA,NA,0.09146875,0.173427083,0.163010417,NA,NA,NA,NA
12/8/2020,NA,NA,0.0939375,0.178166667,0.162875,NA,NA,NA,NA
12/9/2020,NA,NA,0.112989583,0.180739583,0.162645833,NA,NA,NA,NA
12/10/2020,NA,NA,0.12509375,0.181760417,0.162239583,NA,NA,NA,NA
12/11/2020,NA,NA,0.099354167,0.182354167,0.162125,NA,NA,NA,NA
12/12/2020,NA,NA,0.085072917,0.18140625,0.162,NA,NA,NA,NA
12/13/2020,NA,NA,0.083260417,0.179177083,0.16203125,NA,NA,NA,NA
12/14/2020,NA,NA,0.08371875,0.17615625,0.161791667,NA,NA,NA,NA
12/15/2020,NA,NA,0.085427083,0.174145833,0.161520833,NA,NA,NA,NA
12/16/2020,NA,NA,0.084489583,0.1730625,0.161177083,NA,NA,NA,NA
12/17/2020,NA,NA,0.083677083,0.170854167,0.1610625,NA,NA,NA,NA
12/18/2020,NA,NA,0.083916667,0.167864583,0.160552083,NA,NA,NA,NA
12/19/2020,NA,NA,0.076125,0.146875,0.16,NA,NA,NA,NA
12/20/2020,NA,NA,0.076875,0.131802083,0.159770833,NA,NA,NA,NA
12/21/2020,NA,NA,0.0881875,0.135291667,0.160333333,NA,NA,NA,NA
12/22/2020,NA,NA,0.116322917,0.13921875,0.16046875,NA,NA,NA,NA
12/23/2020,NA,NA,0.1275625,0.14396875,0.160645833,NA,NA,NA,NA
12/24/2020,NA,NA,0.108385417,0.157010417,0.160041667,NA,NA,NA,NA
12/25/2020,NA,NA,0.086708333,0.16521875,0.15996875,NA,NA,NA,NA
12/26/2020,NA,NA,0.087489583,0.164604167,0.159875,NA,NA,NA,NA
12/27/2020,NA,NA,0.090104167,0.164239583,0.159572917,NA,NA,NA,NA
12/28/2020,NA,NA,0.071291667,0.147666667,0.159,NA,NA,NA,NA
12/29/2020,NA,NA,0.073291667,0.1323125,0.158708333,NA,NA,NA,NA
12/30/2020,NA,NA,0.070260417,0.1285,0.158208333,NA,NA,NA,NA
12/31/2020,NA,NA,0.074229167,0.12715625,0.15853125,NA,NA,NA,NA
1/1/2021,NA,NA,0.077833333,0.129802083,0.157552083,NA,NA,NA,NA
1/2/2021,NA,NA,0.073135417,0.12759375,0.156479167,NA,NA,NA,NA
1/3/2021,NA,NA,0.073114583,0.126114583,0.1553125,NA,NA,NA,NA
1/4/2021,NA,NA,0.076322917,0.12728125,0.15303125,NA,NA,NA,NA
1/5/2021,NA,NA,0.080583333,0.128833333,0.1511875,NA,NA,NA,NA
1/6/2021,NA,NA,0.075864583,0.128583333,0.150322917,NA,NA,NA,NA
1/7/2021,NA,NA,0.073291667,0.12715625,0.149239583,NA,NA,NA,NA
1/8/2021,NA,NA,0.072104167,0.125677083,0.146125,NA,NA,NA,NA
1/9/2021,NA,NA,0.067197917,0.122375,0.12459375,NA,NA,NA,NA
1/10/2021,NA,NA,0.07021875,0.122479167,0.098333333,NA,NA,NA,NA
1/11/2021,NA,NA,0.066697917,0.120885417,0.0935,NA,NA,NA,NA
1/12/2021,NA,NA,0.068822917,0.119302083,0.0884375,NA,NA,NA,NA
1/13/2021,NA,NA,0.078354167,0.123166667,0.088489583,NA,NA,NA,NA
1/14/2021,NA,NA,0.074729167,0.124666667,0.090197917,NA,NA,NA,NA
1/15/2021,NA,NA,0.06871875,0.11903125,0.088145833,NA,NA,NA,NA
1/16/2021,NA,NA,0.074010417,0.121260417,0.087822917,NA,NA,NA,NA
1/17/2021,NA,NA,0.073583333,0.1214375,0.088135417,NA,NA,NA,NA
1/18/2021,NA,NA,0.07696875,0.123614583,0.089427083,NA,NA,NA,NA
1/19/2021,NA,NA,0.068166667,0.12078125,0.088927083,NA,NA,NA,NA
1/20/2021,NA,NA,0.071052083,0.119375,0.087072917,NA,NA,NA,NA
1/21/2021,NA,NA,0.07709375,0.122,0.087604167,NA,NA,NA,NA
1/22/2021,NA,NA,0.0833125,0.124208333,0.089291667,NA,NA,NA,NA
1/23/2021,NA,NA,0.081677083,0.12484375,0.090604167,NA,NA,NA,NA
1/24/2021,NA,NA,0.079947917,0.12515625,0.091552083,NA,NA,NA,NA
1/25/2021,NA,NA,0.069510417,0.12146875,0.0903125,NA,NA,NA,NA
1/26/2021,NA,NA,0.067125,0.119489583,0.088041667,NA,NA,NA,NA
1/27/2021,NA,NA,0.06696875,0.11746875,0.085885417,NA,NA,NA,NA
1/28/2021,4.478878049,-0.206536585,0.074654321,NA,NA,NA,NA,NA,NA
1/29/2021,4.821833333,-0.472645833,0.084895833,0.128364583,0.0910625,-6.2553125,3.2625,0.284479167,1.479770833
1/30/2021,0.264864583,-0.2160625,0.0915,0.13125,0.093,-3.60140625,3.154166667,0.495041667,1.36590625
1/31/2021,0.555416667,-1.335126316,0.083125,0.131166667,0.09465625,-17.24223958,3.161458333,0.285052083,1.134666667
2/1/2021,4.808010417,-1.15578125,0.082583333,0.130572917,0.095,3.509583333,3.413541667,0.151791667,0.878614583
2/2/2021,5.798802083,-0.06326087,0.106666667,0.13184375,0.095822917,4.655489583,3.255208333,0.36125,1.08125
2/3/2021,3.160604167,0.173791667,0.13825,0.133614583,0.097697917,-6.212625,3.430208333,0.543364583,1.306958333
2/4/2021,-5.592430108,-0.289239583,0.139229167,0.136020833,0.0999375,-31.25582292,4.363541667,0.569802083,1.936104167
2/5/2021,-5.122010638,-1.187270833,0.090541667,0.13809375,0.102208333,3.781395833,4.519791667,0.645010417,1.642677083
2/6/2021,-4.06625,-1.4554375,0.080083333,0.134,0.103625,-50.69935417,13.96354167,0.6695,1.62084375
2/7/2021,-1.790885417,-1.204739583,0.08034375,0.132041667,0.103,-32.91721875,18.33229167,0.5503125,2.090104167
2/8/2021,1.442510417,-1.3673125,0.079416667,0.131666667,0.103,-23.84686458,10.83645833,0.22903125,2.07609375
2/9/2021,2.009885417,-1.302447917,0.078083333,0.130770833,0.103125,8.164083333,9.125,0.419427083,1.813916667
2/10/2021,2.16784375,-0.426177083,0.0803125,0.131083333,0.1034375,1.436770833,7.063541667,0.449114583,2.107958333
2/11/2021,-3.190604167,-0.806354167,0.07909375,0.132114583,0.105229167,8.007770833,5.763541667,0.570614583,1.6700625
2/12/2021,-17.235,-4.986052083,0.067072917,0.127135417,0.10453125,-21.46051042,8.677083333,0.817354167,0.599604167
2/13/2021,-20.25,-4.336885417,0.066427083,0.12328125,0.09675,-29.06454167,23.37604167,0.764760417,0.666979167
2/14/2021,-23.82166667,-4.58853125,0.06590625,0.122677083,0.09371875,-55.02710417,14.490625,0.702635417,0.582770833
2/15/2021,-7.609182927,-4.1305625,0.06578125,0.121645833,0.091145833,-34.70909375,13.909375,0.528270833,1.647052083
2/16/2021,-3.606197917,-3.09546875,0.067739583,0.122052083,0.09,-26.04765625,12.04895833,0.592895833,1.1819375
2/17/2021,-6.966302083,-2.87190625,0.068364583,0.12265625,0.0900625,-38.45182292,16.39166667,0.7731875,0.602645833
2/18/2021,-8.911755814,-2.582052083,0.069385417,0.123,0.090375,-94.69517708,16.028125,0.57571875,1.125697917
2/19/2021,-2.923617021,-2.531270833,0.069416667,0.123,0.090197917,-10.59002083,14.84583333,0.459145833,2.19359375
2/20/2021,-1.60796875,-2.042760417,0.070708333,0.123135417,0.09025,-3.310989583,13.31458333,0.618739583,1.106416667
2/21/2021,-4.581375,-2.397666667,0.070604167,0.123677083,0.090635417,-39.43301042,12.78645833,0.512635417,2.419333333
2/22/2021,1.596854167,-1.560291667,0.089135417,0.123135417,0.089770833,3.1568125,10.25729167,0.411072917,2.992635417
2/23/2021,3.09046875,-0.263208333,0.124885417,0.129458333,0.0906875,22.13583333,5.260416667,0.29815625,2.560364583
2/24/2021,-5.090860215,-1.804063158,0.110208333,0.130364583,0.093177083,65.18659375,4.46875,0.547770833,1.055864583
2/25/2021,-5.172978723,-0.372357895,0.113229167,0.130979167,0.093791667,-63.82248958,7.90625,0.54784375,1.640979167
2/26/2021,-3.9756,-0.99121875,0.103364583,0.13221875,0.0956875,-4.232479167,4.372916667,0.47078125,1.61565625
2/27/2021,-6.453922222,-1.637041667,0.094625,0.128427083,0.09603125,-60.84225,8.26875,0.64815625,0.875677083
2/28/2021,-6.589470588,-2.799989583,0.0894375,0.124708333,0.095020833,-84.57802083,7.910416667,0.364072917,1.734177083
3/1/2021,0.297073684,-2.459270833,0.088333333,0.12115625,0.091947917,-12.779375,6.296875,0.374135417,1.229416667
3/2/2021,5.22290625,-1.094484211,0.093927083,0.12275,0.09146875,45.87990625,3.504166667,0.23753125,1.592875
3/3/2021,4.255875,0.007076087,0.107635417,0.127604167,0.093072917,51.53117708,3.182291667,0.329552083,1.050541667
3/4/2021,-0.51434375,-0.125572917,0.11778125,0.130864583,0.0951875,-7.7596875,3.435416667,0.696770833,0.416302083
3/5/2021,1.8525625,-0.045505263,0.127604167,0.133052083,0.096989583,45.56494792,3.333333333,0.479979167,0.785979167
3/6/2021,6.758833333,0.578631579,0.169322917,0.134697917,0.09875,64.78377083,3.352083333,0.2648125,1.300145833
3/7/2021,8.375395833,1.320732394,0.19646875,0.137145833,0.100125,63.895125,2.916666667,0.27996875,1.330958333
3/8/2021,6.3799375,1.252602273,0.191010417,0.1445,0.10234375,39.32867708,3.344791667,0.367864583,1.243947917
3/9/2021,8.091552083,2.172466667,0.19046875,0.177177083,0.105239583,39.06796875,2.945833333,0.2961875,1.3425
3/10/2021,-1.03975,0.074333333,0.1914375,0.1865,0.109052083,-0.82465625,5.620833333,0.567302083,1.7399375
3/11/2021,-3.631869565,-0.247614583,0.182802083,0.187114583,0.115697917,35.09371875,3.480208333,0.6889375,0.6640625
3/12/2021,-1.816010417,-0.167854167,0.18103125,0.18590625,0.127208333,-20.96252083,3.386458333,0.812395833,0.6746875
3/13/2021,-1.988458333,-0.119666667,0.17925,0.184427083,0.152125,17.88280208,8.117708333,0.9095,0.814333333
3/14/2021,-4.75559375,-0.10921875,0.177708333,0.18175,0.1568125,-19.09265625,76.725,0.920208333,0.186677083
3/15/2021,-1.276578947,-0.08446875,0.177083333,0.180770833,0.156802083,-2.295802083,74.93541667,0.61715625,1.527020833
3/16/2021,-1.891458333,-0.060083333,0.178302083,0.181197917,0.156197917,-10.95438542,57.821875,0.769072917,0.605375
3/17/2021,-1.308302083,-0.070083333,0.178385417,0.181125,0.155291667,0.738947917,50.34375,0.56278125,0.805822917
3/18/2021,-0.27334375,-0.063875,0.179708333,0.181375,0.153583333,-1.226666667,40.39583333,0.57375,0.819645833
3/19/2021,4.375854167,-0.036864583,0.19825,0.203270833,0.159395833,11.63364583,30.26354167,0.5375625,1.0110625
3/20/2021,7.2218125,-0.013625,0.218197917,0.230604167,0.172041667,17.45791667,21.734375,0.395177083,1.279770833
3/21/2021,-0.60240625,-0.014197917,0.21821875,0.228427083,0.1734375,-37.05164583,22.55208333,0.749541667,1.025708333
3/22/2021,-2.634010417,-0.026364583,0.21590625,0.2245625,0.17153125,-29.46848958,23.80208333,0.820177083,0.3564375
3/23/2021,-3.17528125,-0.03125,0.214947917,0.222583333,0.170708333,-15.03144792,27.49270833,0.768572917,0.574895833
3/24/2021,-4.666815217,-0.030177083,0.21434375,0.221447917,0.16984375,-31.38547917,24.65416667,0.75540625,0.600072917
3/25/2021,0.128854167,-0.007145833,0.214895833,0.22134375,0.169197917,-9.617114583,21.44895833,0.54171875,1.546583333
3/26/2021,-0.75246875,0.010166667,0.214947917,0.220510417,0.169,22.65192708,22.48229167,0.708083333,0.573947917
3/27/2021,0.746645833,0.0134375,0.219479167,0.224739583,0.169583333,12.350375,24.76979167,0.5235625,1.857104167
3/28/2021,6.031395833,0.04521875,0.230552083,0.23665625,0.17540625,44.282375,17.77916667,0.33259375,3.012489583
3/29/2021,6.18140625,0.07896875,0.236760417,0.24328125,0.180947917,89.6056875,10.23854167,0.332114583,2.272989583
3/30/2021,-3.425989474,0.016302083,0.2316875,0.235708333,0.179208333,66.01638542,5.15,0.32159375,1.502885417
3/31/2021,0.126385417,0.25671875,0.22734375,0.232989583,0.179010417,97.64364583,3.28125,0.322291667,1.248260417
4/1/2021,6.970739583,2.168083333,0.232739583,0.230697917,0.176958333,123.2271146,3.541666667,0.2411875,1.294322917
4/2/2021,9.869333333,4.726472527,0.260822917,0.227552083,0.174625,122.0466458,3.382291667,0.2133125,1.438302083
4/3/2021,9.380729167,5.772725275,0.304947917,0.221291667,0.172947917,120.2174688,3.290625,0.323479167,0.862375
4/4/2021,9.628552083,6.198419355,0.3295625,0.216697917,0.171802083,78.910125,3.351041667,0.392333333,0.803875
4/5/2021,10.71725,7.079597826,0.329572917,0.213354167,0.170895833,105.1483333,3.283333333,0.330291667,0.941552083
4/6/2021,4.416677083,4.767833333,0.3273125,0.210177083,0.170375,25.80836458,3.269791667,0.453270833,1.426229167
4/7/2021,4.700854167,4.962864583,0.296677083,0.207427083,0.169177083,117.3799792,3.166666667,0.468020833,1.831072917
4/8/2021,8.26859375,6.269542553,0.279489583,0.206708333,0.168833333,107.6758333,3.167708333,0.230541667,1.668833333
4/9/2021,2.292479167,3.745770833,0.24446875,0.2046875,0.167666667,41.58578125,4.15625,0.430864583,1.372697917
4/10/2021,8.126697917,5.689423913,0.199125,0.203833333,0.167729167,117.7496146,3.051041667,0.184260417,1.837291667
4/11/2021,6.18375,7.136802198,0.133708333,0.204354167,0.16778125,100.6434583,2.554166667,0.2865625,1.778791667
4/12/2021,-3.59215625,3.401135417,0.07690625,0.20284375,0.1674375,55.229625,2.476041667,0.665583333,1.026010417
4/13/2021,-5.0191875,1.157135417,0.062041667,0.20028125,0.1665625,26.68492708,2.595833333,0.8314375,0.946322917
4/14/2021,-5.474375,0.88028125,0.0445625,0.198302083,0.165375,-26.32913542,18.603125,0.91278125,0.924385417
4/15/2021,-4.133145833,0.862885417,0.043552083,0.196895833,0.164364583,-29.61273958,29.07395833,0.917947917,0.572208333
4/16/2021,-4.304354167,0.81278125,0.0203125,0.195447917,0.163645833,-66.42345833,17.26979167,0.842385417,0.383041667
4/17/2021,-1.82190625,0.707302083,0.055458333,0.204572917,0.162739583,13.20132292,5.923958333,0.605729167,0.563145833
4/18/2021,2.839354167,3.00934375,0.054739583,0.2228125,0.163114583,129.2484792,3.289583333,0.467864583,1.127958333
4/19/2021,-3.329166667,1.029854167,0.032229167,0.22203125,0.164239583,-7.006854167,13.28854167,0.783697917,1.080739583
4/20/2021,-7.775104167,0.606135417,0.02565625,0.221104167,0.164479167,-22.26404167,11.29270833,0.72815625,0.72375
4/21/2021,-5.659020833,0.5250625,0.005416667,0.226958333,0.16525,2.22996875,9.458333333,0.82978125,0.556135417
4/22/2021,1.34734375,0.55640625,0.0368125,0.235052083,0.16990625,20.179125,8.496875,0.66175,0.707375
4/23/2021,1.593895833,1.18446875,0.069416667,0.239177083,0.179020833,50.20440625,4.415625,0.66403125,0.60440625
4/24/2021,5.992552083,4.9981875,0.059333333,0.2354375,0.178041667,153.5763542,4.045833333,0.508625,0.916208333
4/25/2021,12.50723958,7.737827957,0.052864583,0.230072917,0.175479167,156.7508021,3.847916667,0.26846875,1.824864583
4/26/2021,12.13602083,7.347565217,0.025791667,0.22259375,0.173885417,112.9385521,3.663541667,0.1631875,2.111729167
4/27/2021,3.98040625,5.266166667,0.0493125,0.21559375,0.169291667,42.00234375,5.670833333,0.7063125,0.611822917
4/28/2021,5.013927083,1.86415625,0.035666667,0.263916667,0.183270833,71.60903125,11.94895833,0.698916667,0.503072917
4/29/2021,7.923302083,5.14046875,0.0375,0.3553125,0.243697917,171.6195729,4.851041667,0.524260417,0.819177083
4/30/2021,12.10135417,6.941823529,0.0345625,0.390083333,0.300427083,196.8191146,3.729166667,0.420552083,0.943145833
5/1/2021,14.05282292,7.065344086,0.038166667,0.39815625,0.28565625,74.33247917,3.840625,0.364989583,0.83784375
5/2/2021,8.199885417,7.204489362,7.29E-04,0.400916667,0.248197917,65.97702083,3.563541667,0.627583333,1.0205
5/3/2021,0.657864583,4.96134375,0.037895833,0.405166667,0.276927083,5.668145833,8.248958333,0.9373125,0.64084375
5/4/2021,2.460145833,5.766442105,0.047052083,0.401,0.307447917,59.23884375,5.120833333,0.772895833,0.813270833
5/5/2021,5.003916667,6.129010417,0.052177083,0.400291667,0.310333333,109.6796458,4.0125,0.623770833,0.853947917
5/6/2021,8.85409375,7.02965625,0.1003125,0.400333333,0.314,186.0699375,3.625,0.529364583,1.045260417
5/7/2021,12.89440625,7.256604167,0.12096875,0.4010625,0.322947917,128.1630521,3.369791667,0.36090625,0.959916667
5/8/2021,9.197,7.585260417,0.147625,0.401489583,0.32378125,162.2096354,2.727083333,0.406666667,1.511135417
5/9/2021,2.707125,6.065479167,0.178583333,0.325625,0.23946875,42.03417708,2.780208333,0.62809375,0.76515625
5/10/2021,-0.222614583,2.444895833,0.175958333,0.266385417,0.203635417,-23.22107292,4.319791667,0.94375,0.48325
5/11/2021,-0.508322917,2.458604167,0.1705625,0.267229167,0.20284375,-10.64173958,4.644791667,0.918083333,0.472979167
5/12/2021,4.60803125,5.393284211,0.160208333,0.257479167,0.20225,124.145625,3.057291667,0.589802083,0.823708333
5/13/2021,9.711739583,7.614297872,0.16071875,0.24628125,0.198625,142.8133021,3.482291667,0.44678125,1.034802083
5/14/2021,9.125302083,8.636032967,0.204447917,0.237854167,0.193125,84.11605208,3.317708333,0.6506875,0.742333333
5/15/2021,7.79959375,8.977905263,0.23528125,0.241875,0.192802083,59.5429375,3.5875,0.83865625,0.68621875
5/16/2021,8.332364583,9.796849462,0.250291667,0.237302083,0.192135417,76.646625,3.583333333,0.7858125,0.958041667
5/17/2021,8.444895833,10.1689,0.26759375,0.233708333,0.189666667,68.92819792,3.730208333,0.79440625,0.742
5/18/2021,9.206103448,10.92441176,0.313241379,0.219977011,0.180747126,128.0234598,3.575862069,0.683586207,0.919206897
5/19/2021,10.74133333,10.12673958,0.339760417,0.209145833,0.176645833,38.60989583,2.966666667,0.607479167,0.653822917
5/20/2021,14.00270833,12.13888542,0.35646875,0.209572917,0.177552083,138.7101979,3.509375,0.414354167,0.920927083
5/21/2021,13.51625,11.65354167,0.374072917,0.20921875,0.178510417,77.32672917,4.594791667,0.45296875,0.9263125
5/22/2021,10.44603125,11.42975,0.37840625,0.211552083,0.177208333,87,4.457291667,0.711989583,1.143854167
5/23/2021,9.7939375,10.63534375,0.392364583,NA,NA,70.23770833,5.971875,0.5751875,1.1725625
5/24/2021,9.434364583,9.84578125,0.400541667,NA,NA,194.471625,6.129166667,0.365854167,1.033510417
5/25/2021,11.79777083,11.38145745,0.448552083,NA,0.150916667,184.6860313,5.171875,0.352041667,1.012489583
5/26/2021,13.73391667,12.37382979,0.445802083,0.19078125,0.153979167,126.4533125,6.278125,0.345520833,1.1034375
5/27/2021,12.73182292,12.90507368,0.43675,0.195635417,0.161302083,163.0004271,6.679166667,0.320770833,1.101041667
5/28/2021,14.75373958,13.46405208,0.4510625,0.188104167,0.154552083,130.7766042,7.204166667,0.28759375,1.0415625
5/29/2021,11.11304167,11.52729167,0.447322917,NA,0.1475,26.82685417,8.330208333,0.610760417,0.745354167
5/30/2021,6.113572917,9.334104167,0.4305625,0.196010417,0.153625,10.45278125,8.844791667,0.943020833,0.644572917
5/31/2021,7.100770833,10.0031875,0.430604167,0.20090625,0.165239583,97.78134375,9.55,0.819010417,0.83634375
6/1/2021,9.65778125,9.828916667,0.432666667,NA,0.1620625,71.63688542,9.401041667,0.610072917,0.786604167
6/2/2021,12.96204167,12.13309375,0.456291667,NA,NA,133.5616458,9.682291667,0.550635417,0.893833333
6/3/2021,15.539875,13.44263158,0.446229167,NA,NA,150.2966354,9.79375,0.492958333,0.981520833
6/4/2021,17.90697917,15.25489583,0.444135417,0.20121875,0.169541667,157.2010417,10.19791667,0.395,1.156989583
6/5/2021,18.40114583,13.731875,0.42753125,0.205666667,0.176458333,4.806385417,10.60416667,0.372020833,1.13240625
6/6/2021,20.11125,16.40236559,0.42871875,0.209520833,0.181229167,139.8869583,12.84270833,0.35153125,1.25975
6/7/2021,19.65947917,16.45915789,0.441125,0.2026875,0.17425,130.0634792,14.48541667,0.3449375,1.161708333
6/8/2021,19.31677083,16.42404255,0.461375,0.191239583,0.16271875,88.55010417,15.74166667,0.312697917,1.1484375
6/9/2021,19.320625,16.96873684,0.446104167,NA,0.1723125,141.876,16,0.221083333,1.194135417
6/10/2021,21.76447917,17.79854167,0.461260417,NA,NA,139.0763125,17.31875,0.196802083,1.45059375
6/11/2021,14.38541667,16.8765625,0.443072917,0.196770833,0.1704375,115.4134375,16.78958333,0.288135417,1.493364583
6/12/2021,18.14670833,17.07666667,0.444625,0.197635417,0.171604167,129.0301979,16.38541667,0.303979167,1.26025
6/13/2021,20.76197917,17.77614583,0.453989583,0.194427083,0.168114583,107.507625,16.871875,0.363364583,1.268489583
6/14/2021,23.34947917,19.14885417,0.465729167,NA,0.165145833,156.3869792,16.62916667,0.29075,1.041916667
6/15/2021,24.0796875,19.33052083,0.457666667,NA,0.171645833,148.7657292,17.93020833,0.169208333,1.12209375
6/16/2021,23.69208333,19.61421053,0.444489583,0.20290625,0.178958333,129.424,18.41041667,0.199385417,1.077125
6/17/2021,23.80125,19.0553125,0.443083333,NA,0.177333333,100.817625,19.68020833,0.19059375,1.03221875
6/18/2021,20.81020833,17.70789474,0.44071875,0.199135417,0.177447917,60.07539583,19.80520833,0.276604167,0.983864583
6/19/2021,21.54197917,17.985,0.45365625,NA,0.171458333,86.76795833,19.20416667,0.284770833,1.38028125
6/20/2021,17.40395833,17.20913978,0.442625,0.191791667,0.171197917,49.61823958,19.14583333,0.451166667,1.503822917
6/21/2021,13.3930625,17.78105263,0.443989583,0.189270833,0.168979167,143.3347188,19.45729167,0.64796875,1.309572917
6/22/2021,21.88791667,18.26989474,0.463458333,0.182979167,0.162208333,131.9284271,19.04270833,0.223010417,1.239395833
6/23/2021,22.64302083,18.46287234,0.4655,0.182708333,0.16215625,77.59019792,18.021875,0.1788125,1.292
6/24/2021,17.4709375,18.12531915,0.47665625,NA,NA,64.11747917,18.728125,0.478791667,0.841770833
6/25/2021,13.39020833,15.96364583,0.515010417,NA,NA,85.28258333,19.03541667,0.75196875,0.73965625
6/26/2021,12.24822917,14.84239583,0.5139375,NA,NA,49.57691667,19.2875,0.703541667,0.665802083
6/27/2021,11.39389583,14.03677083,0.508041667,NA,NA,44.38529167,19.50416667,0.679885417,0.6959375
6/28/2021,12.16020833,14.4178125,0.470885417,NA,0.144916667,91.36834375,18.82395833,0.668770833,0.798395833
6/29/2021,13.83710417,15.42583333,0.480104167,NA,0.14425,167.7448438,18.40104167,0.6574375,1.096604167
6/30/2021,14.54347917,15.44197917,0.45628125,NA,0.152958333,51.00807292,19.81979167,0.725635417,0.728708333
7/1/2021,15.26916667,15.86572917,0.471645833,NA,0.147697917,72.43858333,19.52708333,0.751895833,0.79515625
7/2/2021,16.49117708,15.960625,0.485260417,NA,0.141666667,89.67740625,18.43541667,0.666979167,0.88353125
7/3/2021,19.69010417,17.13510417,0.45690625,NA,0.157666667,148.4154792,19.884375,0.521375,0.999729167
7/4/2021,18.85010417,15.90489583,0.442635417,0.192145833,0.161989583,54.58927083,18.79270833,0.560947917,0.8550625
7/5/2021,19.00604167,15.84458333,0.441760417,NA,0.163697917,30.11055208,19.38229167,0.569885417,0.9754375
7/6/2021,18.906875,17.45916667,0.440666667,0.197,0.169364583,120.6082083,19.83958333,0.6018125,1.059645833
7/7/2021,19.000625,17.47635417,0.437,0.199489583,0.172583333,101.249625,18.45416667,0.433520833,0.940125
7/8/2021,22.46302083,17.49222222,0.438666667,0.200166667,0.174322917,92.83638542,21.64479167,0.298447917,0.926375
7/9/2021,23.64604167,18.26,0.441583333,0.198041667,0.173395833,89.02522917,20.27916667,0.268833333,1.079645833
7/10/2021,19.195625,18.3876087,0.444760417,0.195229167,0.171833333,107.0675833,20.76354167,0.474979167,1.129885417
7/11/2021,17.93927083,18.39268817,0.44403125,0.191770833,0.1705,127.1476563,19.38020833,0.401625,1.141854167
7/12/2021,20.16739583,18.31728261,0.450604167,0.187708333,0.167552083,94.384625,20.75625,0.310395833,0.9674375
7/13/2021,20.14770833,17.78677083,0.449791667,0.184979167,0.166479167,62.70316667,21.36770833,0.380739583,1.134729167
7/14/2021,18.1203125,16.45916667,0.4398125,0.18409375,0.168427083,30.43096875,20.33229167,0.508864583,1.052895833
7/15/2021,17.9959375,16.4696875,0.442958333,0.180447917,0.166166667,80.94304167,20.865625,0.444145833,1.076895833
7/16/2021,18.03135417,15.94208333,0.445239583,0.1765625,0.16309375,52.65996875,22.69166667,0.402572917,0.951510417
7/17/2021,18.15479167,15.64895833,0.449635417,NA,0.1598125,56.416375,22.58333333,0.435145833,0.7878125
7/18/2021,20.33458333,17.32868132,0.4696875,NA,0.155541667,128.5861771,21.96354167,0.4065625,1.134583333
7/19/2021,21.20583333,18.47813187,0.48546875,NA,0.150791667,142.2976146,20.325,0.311208333,1.163072917
7/20/2021,19.79114583,18.52266667,0.457083333,NA,0.16203125,94.72655208,20.421875,0.500583333,0.9620625
7/21/2021,20.755625,18.39574468,0.470125,NA,NA,87.68686458,20.30208333,0.594166667,0.845916667
7/22/2021,21.11322917,17.65135417,0.466302083,NA,NA,76.06421875,21.06458333,0.526854167,0.879427083
7/23/2021,19.97614583,17.51083333,0.473614583,NA,0.148322917,44.54755208,18.8,0.638552083,0.768197917
7/24/2021,18.073125,16.64479167,0.489947917,NA,0.135479167,73.25552083,18.70729167,0.54390625,0.707458333
7/25/2021,19.81697917,17.47642105,0.512208333,NA,0.127302083,104.3040104,22.13125,0.46428125,0.757104167
7/26/2021,20.97010417,17.57760417,0.504447917,NA,0.128739583,106.7028958,21.84791667,0.37253125,1.044927083
7/27/2021,21.36447917,18.7643617,0.46953125,NA,NA,139.520125,20.34895833,0.297333333,1.155020833
7/28/2021,23.75333333,19.01617978,0.446604167,0.15528125,0.160302083,90.7925,23.82916667,0.304604167,1.166177083
7/29/2021,21.9084375,19.7267033,0.448833333,0.151125,0.158197917,126.922,25.615625,0.46271875,1.210416667
7/30/2021,19.7909375,18.57760417,0.45540625,0.1565625,0.143177083,28.46296875,24.028125,0.626614583,0.7258125
7/31/2021,15.55041667,16.66510417,0.462989583,NA,0.129354167,16.6539375,24.15,0.874260417,0.3493125
8/1/2021,16.0625,17.08494737,0.487375,NA,0.121416667,150.8244792,19.01354167,0.633697917,0.81546875
8/2/2021,16.8146875,17.18916667,0.487270833,0.175083333,0.122739583,105.5701563,20.98854167,0.687229167,0.845875
8/3/2021,15.4865625,15.91697917,0.393697917,NA,NA,4.511104167,23.67291667,0.83675,0.537677083
8/4/2021,16.91114583,16.6971875,0.387333333,NA,NA,142.01875,23.521875,0.604864583,0.842510417
8/5/2021,18.56708333,17.03333333,0.376510417,NA,NA,165.935375,20.0875,0.443760417,0.906947917
8/6/2021,18.05875,16.4159375,0.374541667,NA,NA,70.65347917,25.98541667,0.493833333,0.926854167
8/7/2021,15.78708333,15.50364583,0.373927083,NA,NA,88.14111458,24.04166667,0.491833333,0.9406875
8/8/2021,18.8640625,16.29135417,0.37978125,NA,NA,160.4585833,24.57291667,0.360916667,1.007041667
8/9/2021,20.51572917,17.03541667,0.38096875,NA,NA,158.7724063,27.278125,0.2860625,0.9706875
8/10/2021,20.5334375,17.73963855,0.382541667,NA,NA,142.6051771,28.00104167,0.252927083,1.159229167
8/11/2021,20.435,17.75955056,0.38475,NA,NA,151.7145729,26.39270833,0.20240625,1.000614583
8/12/2021,18.30270833,17.59604167,0.386479167,NA,NA,132.9351771,24.36979167,0.3674375,1.200510417
8/13/2021,18.00572917,18.16197917,0.387979167,NA,NA,110.6846354,28.04479167,0.62178125,1.031229167
8/14/2021,19.27,17.43447917,0.384020833,NA,NA,61.09330208,16.98541667,0.453239583,0.741104167
8/15/2021,18.16375,16.44239583,0.378135417,NA,NA,37.92464583,26.796875,0.387385417,0.9235625
8/16/2021,17.7890625,16.83083333,0.3763125,NA,NA,134.2188646,25.19895833,0.405260417,0.866447917
8/17/2021,20.55270833,17.34956989,0.378760417,NA,NA,131.8422917,26.128125,0.33390625,0.883270833
8/18/2021,19.55875,17.14446809,0.375614583,NA,NA,32.52604167,23.79270833,0.42628125,0.88040625
8/19/2021,16.4528125,16.21427083,0.366697917,NA,NA,71.37920833,25.63125,0.537979167,1.252010417
8/20/2021,12.9279375,15.31114583,0.36203125,NA,NA,128.9321979,24.428125,0.4500625,2.113
8/21/2021,13.75979167,15.185,0.3589375,NA,NA,86.65269792,25.90625,0.57278125,0.7853125
8/22/2021,17.47578125,16.13478261,0.36490625,NA,NA,127.1036042,26.53229167,0.40159375,1.218020833
8/23/2021,18.08760417,16.32322222,0.366552083,NA,NA,136.654125,24.66145833,0.332208333,1.011197917
8/24/2021,19.49927083,16.7762963,0.368791667,NA,NA,140.6191875,24.15729167,0.25125,0.915614583
8/25/2021,18.5459375,17.10819277,0.3704375,NA,NA,122.6266875,25.353125,0.369645833,0.903166667
8/26/2021,16.5528125,16.48659341,0.378875,NA,NA,69.28848958,24.9375,0.441458333,1.073166667
8/27/2021,18.15263542,16.243,0.34965625,NA,NA,120.5349375,25.37291667,0.417510417,1.038479167
8/28/2021,19.49583333,16.65439024,0.332052083,NA,NA,118.0580208,25.65729167,0.331729167,0.968916667
8/29/2021,16.03645833,17.65170732,0.337291667,NA,NA,103.7674271,23.99895833,0.629322917,1.092052083
8/30/2021,18.87239583,16.856125,0.331916667,NA,NA,107.2637708,25.96770833,0.246822917,0.975916667
8/31/2021,20.29677083,17.32784091,0.3270625,NA,NA,92.55522917,25.48333333,0.222729167,0.80278125
9/1/2021,17.3646875,16.98011905,0.31284375,NA,NA,54.53673958,25.19583333,0.471666667,0.728145833
9/2/2021,16.161875,16.22284091,0.304697917,NA,NA,43.07053125,24.153125,0.68621875,0.49475
9/3/2021,13.97072917,14.66168539,0.3005,NA,NA,35.73853125,27.03020833,0.690333333,0.576885417
9/4/2021,14.72657292,14.50230769,0.299552083,NA,NA,120.3285313,25.859375,0.45171875,0.85984375
9/5/2021,16.06786458,14.71255814,0.30203125,NA,NA,113.5209479,25.52708333,0.253447917,0.95765625
9/6/2021,19.0209375,15.22321429,0.310135417,NA,NA,106.5364271,24.209375,0.19825,1.095177083
9/7/2021,18.74645833,16.83257143,0.303270833,NA,NA,78.821875,25.19895833,0.215885417,1.23284375
9/8/2021,17.035,15.32283784,0.305708333,NA,NA,80.7781875,26.70104167,0.291916667,0.998322917
9/9/2021,19.78270833,16.36527778,0.294864583,NA,NA,99.9398125,25.19166667,0.182208333,0.911552083
9/10/2021,20.93458333,16.63653333,0.289,NA,NA,88.4974375,23.925,0.193739583,0.8681875
9/11/2021,19.16645833,16.75939759,0.2859375,NA,NA,49.63439583,23.58541667,0.313020833,0.954375
9/12/2021,15.5921875,15.44024691,0.2784375,NA,NA,24.90885417,23.07083333,0.574229167,0.76134375
9/13/2021,15.39885417,14.80690141,0.2884375,NA,NA,98.19922917,23.29166667,0.521510417,1.160177083
9/14/2021,15.050625,14.29833333,0.285583333,NA,NA,78.98729167,24.00520833,0.50653125,0.926145833
9/15/2021,18.17208333,15.08835821,0.27696875,NA,NA,94.4221875,24.28541667,0.25015625,1.21378125
9/16/2021,17.32145833,14.97819444,0.2785,NA,NA,61.97607292,24.84375,0.231072917,0.947979167
9/17/2021,11.32722917,13.83722222,0.275333333,NA,NA,52.94084375,22.41875,0.550427083,0.804677083
9/18/2021,17.60828125,14.05243243,0.279447917,NA,NA,94.16013542,24.725,0.244677083,1.236770833
9/19/2021,16.71710417,15.97147059,0.28478125,NA,NA,59.85670833,23.628125,0.367072917,1.779895833
9/20/2021,7.172427083,13.28342466,0.304416667,NA,NA,83.90136458,22.496875,0.4924375,1.747041667
9/21/2021,7.591125,11.54552632,0.27859375,NA,NA,66.29979167,19.396875,0.41253125,0.875208333
9/22/2021,13.73122917,12.38896104,0.280885417,NA,NA,73.14760417,22.71875,0.228333333,0.881416667
9/23/2021,15.28770833,13.60583333,0.285260417,NA,NA,32.14626042,21.90104167,0.23271875,0.811145833
9/24/2021,12.52858333,13.04013514,0.283177083,NA,NA,67.16971875,21.74270833,0.401635417,0.972739583
9/25/2021,15.72939583,13.34774648,0.281458333,NA,NA,70.8015625,22.73125,0.267510417,0.91434375
9/26/2021,19.58625,15.29771084,0.287614583,NA,NA,57.14241667,22.478125,0.188166667,1.253572917
9/27/2021,16.58789583,14.9236,0.283895833,NA,NA,57.291875,20.92291667,0.257104167,0.7840625
9/28/2021,13.5115625,14.14277108,0.271770833,NA,NA,7.343375,21.32083333,0.480708333,0.873677083
9/29/2021,9.180677083,12.54692308,0.257604167,NA,NA,21.50307292,21.43854167,0.758770833,0.944760417
9/30/2021,4.805947917,10.35666667,0.2459375,NA,NA,6.028947917,22.80520833,0.901375,0.484604167
