date,Ta,Ts_5,Ts_10,Ts_20,Ts_30,Ts_40,Ts_50,Rs_in,Rs_out,Rl_in,Rl_out,snow,RH,u,baro
1/13/2021,-3.29425,NA,NA,NA,NA,NA,NA,3.895375,2.83975,283.75,295.0875,0.746625,0.75405,2.5475,NA
1/14/2021,-12.59083333,NA,NA,NA,NA,NA,NA,60.15591667,39.93016667,200.3916667,253.325,0.713416667,0.639029167,2.478375,70.41089833
1/15/2021,-8.490583333,NA,NA,NA,NA,NA,NA,63.76958333,43.08966667,185.7291667,259.7833333,0.706916667,0.5062625,2.359833333,67.89224358
1/16/2021,-7.063708333,-3.031458333,-2.308875,-1.295291667,-0.492333333,-0.064208333,0.149833333,62.42583333,47.18195833,250.9041667,279.5041667,0.773625,0.813566667,2.361958333,70.498795
1/17/2021,-7.288083333,-2.640208333,-2.033916667,-1.20675,-0.515625,-0.0795,0.215291667,55.81275,40.86,253.4,278.3291667,0.779833333,0.770495833,2.79525,70.319375
1/18/2021,NA,-2.318125,-1.813833333,-1.122625,-0.511708333,-0.086583333,0.202416667,43.68445833,33.77733333,237.175,258.0291667,NA,0.813054167,1.117041667,70.25074792
1/19/2021,-11.99458333,-2.072291667,-1.623125,-1.027333333,-0.489541667,-0.089458333,0.195125,73.65729167,54.06920833,200.575,247.4625,0.842125,0.729416667,1.116333333,70.78478667
1/20/2021,-6.063416667,-2.088083333,-1.615208333,-1.006958333,-0.47625,-0.08875,0.184958333,75.37975,53.046625,205.8041667,274.0583333,0.821791667,0.681016667,3.587708333,70.49178333
1/21/2021,-5.740458333,-2.051875,-1.604666667,-1.014458333,-0.487,-0.103375,0.181583333,58.84654167,41.76504167,267.1916667,286.2166667,0.808166667,0.7803,2.203583333,70.2406325
1/22/2021,-5.223791667,-1.901583333,-1.501833333,-0.97125,-0.4765,-0.105,0.169041667,36.16829167,27.68891667,276.05,288.4541667,0.862833333,0.821525,1.5125,70.0140025
1/23/2021,-6.328791667,-1.7185,-1.363791667,-0.894166667,-0.446041667,-0.097541667,0.165708333,35.43658333,26.85345833,266.075,283.6583333,0.976791667,0.860304167,1.786333333,69.56264958
1/24/2021,-9.544916667,-1.544125,-1.223541667,-0.801875,-0.407583333,-0.07775,0.179041667,65.09366667,49.04666667,202.575,253.6,1.057416667,0.785170833,1.248208333,69.50468792
1/25/2021,-13.280375,-1.410291667,-1.111791667,-0.720958333,-0.366333333,-0.056583333,0.187541667,57.16470833,48.61433333,227.6166667,244.6958333,1.009583333,0.8202,0.548333333,69.1736575
1/26/2021,-15.82833333,-1.365916667,-1.063916667,-0.676416667,-0.336041667,-0.034708333,0.200833333,53.69791667,42.51941667,211.9416667,236.0916667,0.979458333,0.804666667,0.692458333,69.23914458
1/27/2021,-9.349291667,-1.422166667,-1.093625,-0.674958333,-0.31725,-0.024583333,0.214708333,81.006125,59.77204167,193.0833333,257.3583333,0.964666667,0.610429167,2.922041667,70.23164167
1/28/2021,-0.951875,-1.487125,-1.142708333,-0.694833333,-0.318291667,-0.012166667,0.221,89.480375,65.74670833,232.3541667,288.9208333,0.940083333,0.534120833,2.185916667,70.73361583
1/29/2021,-0.772208333,-1.48675,-1.148833333,-0.702666667,-0.330458333,-0.012375,0.221,84.69245833,60.48325,234.2166667,283.3375,0.918291667,0.3833125,1.570666667,70.09805375
1/30/2021,-7.32575,-1.444958333,-1.118333333,-0.688625,-0.31725,-0.011541667,0.220791667,49.89008333,38.6145,267.8,280.8625,0.967291667,0.848929167,1.331625,69.98660375
1/31/2021,NA,-1.408791667,-1.089875,-0.672958333,-0.315,-0.009666667,0.221,89.29395833,66.58408333,186.8583333,255.4208333,NA,0.5629625,1.666333333,71.07573583
2/1/2021,-3.048166667,-1.36675,-1.058833333,-0.65475,-0.303333333,-0.009,0.220375,84.707625,62.13620833,217.9958333,265.7166667,0.9645,0.29495,0.984166667,71.05306708
2/2/2021,-0.570416667,-1.362,-1.056458333,-0.64025,-0.296208333,-0.008791667,0.221,83.66620833,59.86354167,217.0833333,286.0958333,0.946583333,0.534408333,2.076166667,70.74068958
2/3/2021,-3.147875,-1.345541667,-1.040958333,-0.638833333,-0.296,-0.007416667,0.221,37.00845833,27.694875,274.3166667,294.1666667,0.951375,0.749529167,1.822083333,69.95514458
2/4/2021,-12.92791667,-1.25625,-0.97575,-0.608166667,-0.282666667,0.004916667,0.221,69.33095833,51.92491667,251.5708333,261.7833333,1.070416667,0.841033333,2.617125,69.83415833
2/5/2021,-12.17208333,-1.169166667,-0.903416667,-0.567583333,-0.2645,0.009791667,0.22225,21.38366667,17.12333333,257.2541667,264.1208333,1.063541667,0.874483333,2.39,69.54815
2/6/2021,-10.88916667,-1.147333333,-0.87175,-0.544208333,-0.245833333,0.019833333,0.232583333,28.606875,22.581125,265.6208333,269.9583333,1.1755,0.909666667,2.886583333,69.559545
2/7/2021,-8.072833333,-1.153,-0.872625,-0.542291667,-0.239,0.028791667,0.24,105.7154167,77.1545,245.1375,275.5833333,1.276083333,0.8025375,2.246375,69.367405
2/8/2021,-5.855083333,-1.147416667,-0.869541667,-0.528333333,-0.233833333,0.029,0.24,107.7117083,75.68191667,223.5166667,271.4333333,1.204458333,0.367283333,2.427875,69.5409975
2/9/2021,-5.9955,-1.121875,-0.849208333,-0.522166667,-0.221583333,0.037791667,0.24,29.31816667,22.61791667,270.375,281.7791667,1.18425,0.679508333,1.501708333,69.96559875
2/10/2021,-5.881875,-1.09425,-0.824791667,-0.506208333,-0.21975,0.047625,0.243458333,73.879,55.9595,259.6333333,285.5791667,1.29675,0.8457125,2.539708333,69.94483833
2/11/2021,-5.818083333,-1.06625,-0.799,-0.490916667,-0.20525,0.048,0.252833333,50.67683333,38.42025,264.4041667,284.7666667,1.243666667,0.783420833,3.25525,69.86533667
2/12/2021,-4.679291667,-1.023291667,-0.762,-0.472916667,-0.200125,0.049791667,0.257791667,40.81791667,31.79170833,281.8083333,292.4625,1.232041667,0.853691667,2.673125,69.48730375
2/13/2021,-9.079458333,-0.979166667,-0.723333333,-0.452875,-0.184291667,0.065583333,0.259,50.03525,39.493625,271.2791667,278.7916667,1.248541667,0.843608333,1.454541667,69.26096375
2/14/2021,-20.7,-0.928541667,-0.6835,-0.428833333,-0.177333333,0.067,0.259,107.8896667,84.14391667,206.8,229.8333333,1.275791667,0.7265,0.555083333,69.23591333
2/15/2021,-14.26166667,-0.889541667,-0.649166667,-0.40825,-0.162208333,0.073583333,0.265291667,117.4303333,86.77929167,228.6166667,254.1916667,1.263416667,0.817091667,2.02975,69.29264375
2/16/2021,-10.45283333,-0.883583333,-0.639,-0.391458333,-0.153875,0.085666667,0.277166667,106.377625,78.74229167,241.1541667,267.9208333,1.290416667,0.8440375,1.895375,69.04618583
2/17/2021,-12.19583333,-0.898708333,-0.649208333,-0.391,-0.143,0.086625,0.278,91.33541667,75.54404167,254.5666667,260.4291667,1.317083333,0.822625,0.6555,69.55237667
2/18/2021,-15.56208333,-0.916041667,-0.658208333,-0.391,-0.143,0.098625,0.278,93.19591667,72.66808333,221.825,242.5583333,1.290833333,0.7939375,1.303458333,70.25055708
2/19/2021,NA,-0.925,-0.664833333,-0.391,-0.142375,0.106,0.280833333,49.05275,38.86729167,240.5291667,263.2875,NA,0.748908333,2.873208333,70.33177125
2/20/2021,-7.4545,-0.944958333,-0.678916667,-0.395041667,-0.142,0.106,0.286583333,32.384,25.86416667,273.1291667,279.475,1.262916667,0.799195833,1.226583333,69.90435625
2/21/2021,-12.63958333,-0.9755,-0.703458333,-0.410791667,-0.143,0.106,0.2925,113.9509167,85.849,228.5708333,259.8833333,1.379291667,0.842716667,2.646625,70.21836167
2/22/2021,-7.125416667,-1.000791667,-0.716166667,-0.413791667,-0.143,0.106,0.288583333,137.597,94.7245,205.7041667,273.0708333,1.300541667,0.729116667,3.384208333,70.63157875
2/23/2021,-4.595541667,-1.001,-0.718875,-0.4245,-0.143,0.10575,0.283875,94.12166667,65.72520833,223.9791667,278.6333333,1.250166667,0.534495833,3.264375,70.20745958
2/24/2021,-10.73133333,-0.99425,-0.716,-0.422083333,-0.143,0.106,0.280833333,138.0262083,94.13708333,210.8791667,257.2375,1.219458333,0.6087625,0.970958333,70.29967
2/25/2021,-11.70066667,-0.982,-0.716,-0.412,-0.143,0.106,0.278625,142.4762917,101.7113333,220.65,254.325,1.251125,0.696370833,1.610875,70.30954583
2/26/2021,-11.34958333,-0.986333333,-0.716,-0.41475,-0.143,0.106,0.278208333,45.83629167,35.14545833,241.8416667,261.0541667,1.246,0.707858333,1.815791667,69.58315417
2/27/2021,-12.69583333,-1.00675,-0.72775,-0.426291667,-0.143,0.106,0.278,107.5991667,82.51754167,241.4041667,260.4208333,1.376833333,0.798808333,1.397666667,69.40766667
2/28/2021,-15.22125,-1.033291667,-0.749625,-0.432125,-0.144416667,0.105375,0.278,158.7152083,112.9316667,179.4166667,234.8208333,1.358416667,0.658254167,1.906625,70.13356833
3/1/2021,NA,-1.057208333,-0.77175,-0.448375,-0.1565,0.099875,0.278,162.4239583,112.28425,188.6,264.0916667,NA,0.503191667,1.979666667,70.85249375
3/2/2021,-3.341916667,-1.074375,-0.788541667,-0.455875,-0.162,0.087125,0.275791667,164.2200833,113.1607917,192.8583333,269.5375,1.30175,0.4356875,1.7535,70.64725333
3/3/2021,-2.637166667,-1.088958333,-0.802916667,-0.468,-0.1635,0.086,0.26275,164.672375,113.7692917,197.3375,269.3458333,1.282166667,0.358454167,1.277708333,70.54769042
3/4/2021,-6.563958333,-1.095625,-0.811,-0.469208333,-0.177958333,0.08475,0.259,65.15025,50.53116667,261.025,273.5625,1.300041667,0.804233333,0.678708333,70.51372375
3/5/2021,-4.930708333,-1.095458333,-0.811,-0.475625,-0.181,0.072125,0.258791667,170.3945833,117.47775,227.1041667,269.2458333,1.316416667,0.600358333,1.297875,71.20029417
3/6/2021,0.0785,-1.089875,-0.81075,-0.484333333,-0.181208333,0.067,0.2505,166.673375,111.018375,206.0875,285.2416667,1.275833333,0.355016667,2.159208333,70.69630542
3/7/2021,1.499583333,-1.073,-0.797583333,-0.478125,-0.181,0.067,0.240791667,174.1475417,107.549875,213.9541667,294.3083333,1.244541667,0.3799875,2.103041667,70.73623292
3/8/2021,2.067125,-1.046041667,-0.778208333,-0.469,-0.181208333,0.067,0.24,112.5341667,72.014,238.325,298.2333333,1.22125,0.411204167,2.288375,70.65965625
3/9/2021,1.373833333,-0.995333333,-0.736125,-0.454,-0.181,0.067,0.24,126.119625,76.821375,239.1916667,297.6625,1.207083333,0.395733333,1.862208333,70.14326875
3/10/2021,-8.904208333,-0.925875,-0.680375,-0.425125,-0.170333333,0.067,0.24,62.1205,48.817,247.7333333,268.6458333,1.247,0.800791667,1.648791667,69.673915
3/11/2021,-9.000916667,-0.84875,-0.624833333,-0.392208333,-0.156208333,0.077083333,0.240416667,174.4728333,125.1990833,229.2833333,264.7958333,1.238791667,0.675670833,0.970291667,70.18684458
3/12/2021,-8.131791667,-0.800416667,-0.588708333,-0.367375,-0.142166667,0.086,0.24825,100.1785833,71.877,263.7125,271.8333333,1.229166667,0.879566667,0.468291667,70.52369458
3/13/2021,-8.518333333,-0.792166667,-0.582,-0.353208333,-0.126833333,0.091625,0.259,112.8932917,81.70670833,252.4166667,271.6333333,1.24775,0.857945833,0.913125,70.23227667
3/14/2021,-9.91125,-0.805416667,-0.582458333,-0.353,-0.124,0.104541667,0.259,52.32225,42.38433333,272.4208333,273.0166667,1.710916667,0.916791667,1.191791667,69.667805
3/15/2021,-8.111,-0.811,-0.587458333,-0.353,-0.124,0.106,0.259,114.2446667,88.68295833,271.3833333,278.8541667,1.779208333,0.894583333,2.25425,69.65607292
3/16/2021,-5.941916667,-0.811,-0.586083333,-0.353,-0.124,0.106,0.259,86.64995833,68.75375,269.7375,283.6833333,1.735583333,0.855679167,0.629458333,69.78791583
3/17/2021,-7.6,-0.80975,-0.582416667,-0.352833333,-0.122791667,0.106,0.259,192.041,147.0779583,235.95,273.5125,1.787041667,0.7420625,0.638375,70.40215417
3/18/2021,-4.540791667,-0.79275,-0.579625,-0.344166667,-0.115166667,0.106,0.259208333,212.4045,143.822125,222.3625,280.9375,1.564833333,0.688029167,0.966375,70.872055
3/19/2021,1.318916667,-0.775208333,-0.562833333,-0.334583333,-0.106541667,0.106,0.261541667,213.9909167,130.305375,222.0916667,299.875,1.50175,0.532566667,1.813708333,70.9064225
3/20/2021,3.585125,-0.724916667,-0.530125,-0.323333333,-0.105166667,0.109208333,0.263083333,196.6337917,108.8357917,230.2791667,305.475,1.416291667,0.360491667,2.697041667,70.34637167
3/21/2021,-5.232083333,-0.606375,-0.437541667,-0.273708333,-0.094083333,0.121833333,0.272583333,124.5953333,95.50345833,273.7666667,292.1458333,1.4615,0.851470833,1.250916667,70.14226417
3/22/2021,-6.429333333,-0.466083333,-0.333625,-0.219083333,-0.074208333,0.127166667,0.278,188.5946667,136.5003333,248.3916667,277.7333333,1.4485,0.762704167,0.583,69.88661667
3/23/2021,-8.211583333,-0.361166667,-0.252291667,-0.177625,-0.056333333,0.143375,0.282625,131.8599583,103.5769583,267.4333333,280.25,1.451416667,0.854958333,0.806458333,69.80389583
3/24/2021,-8.623166667,-0.285625,-0.195916667,-0.146541667,-0.040916667,0.152791667,0.29625,197.0405833,141.4794167,230.6958333,264.6541667,1.462291667,0.669433333,0.747583333,69.81955875
3/25/2021,-6.361791667,-0.242625,-0.156375,-0.119416667,-0.026875,0.163,0.300916667,100.199125,75.705,244.9666667,277.4791667,1.422875,0.687329167,1.583583333,69.41390667
3/26/2021,-6.795541667,-0.220333333,-0.139416667,-0.104791667,-0.010833333,0.173916667,0.3155,117.3531667,90.71791667,259.0166667,280.1875,1.457,0.805141667,0.683083333,69.75932667
3/27/2021,-6.904541667,-0.220166667,-0.1305,-0.087958333,-0.002708333,0.182,0.316666667,127.8459167,106.617375,254.6291667,281.6291667,1.549541667,0.810258333,1.620125,70.62867417
3/28/2021,-1.619208333,-0.235791667,-0.140458333,-0.086,0.009791667,0.1945,0.332458333,206.9759167,150.031625,216.1041667,291.0208333,1.501166667,0.561083333,2.93875,70.93331667
3/29/2021,-0.6615,-0.245458333,-0.143,-0.086,0.012541667,0.201,0.336,202.269875,130.8295417,237.0583333,296.425,1.439833333,0.506204167,2.379833333,69.90583792
3/30/2021,-11.02229167,-0.258,-0.143,-0.085791667,0.025833333,0.205333333,0.337958333,221.52375,154.091125,210.7083333,264.5625,1.431375,0.531454167,1.778541667,70.10605708
3/31/2021,-7.460833333,-0.257791667,-0.143,-0.07925,0.029,0.219708333,0.352166667,247.4608333,168.1896667,186.6291667,269.1291667,1.419291667,0.459383333,1.725958333,71.05422708
4/1/2021,0.362583333,-0.250041667,-0.143,-0.067708333,0.032208333,0.221,0.35475,258.314,160.668125,201.2916667,289.1708333,1.390541667,0.285375,1.657,71.12104417
4/2/2021,3.124375,-0.258,-0.143,-0.067,0.0465,0.22925,0.355375,253.075625,147.3444583,212.2333333,296.825,1.346083333,0.272975,1.532875,70.97332458
4/3/2021,3.134708333,-0.249083333,-0.13625,-0.062375,0.048208333,0.239583333,0.359875,259.706125,149.0858333,221.175,297.0916667,1.290333333,0.3631125,0.774291667,71.27625125
4/4/2021,3.535666667,-0.142083333,-0.034625,0.024833333,0.066458333,0.2455,0.372625,182.6976667,100.3865833,250.2833333,304.0625,1.239833333,0.443470833,0.884333333,71.04660375
4/5/2021,5.780833333,-0.069458333,0.013,0.033166667,0.084958333,0.259,0.374,240.4800417,116.3211667,232.5875,307.0791667,1.199875,0.318083333,1.2015,70.27246792
4/6/2021,-1.845625,-0.027208333,0.035375,0.043333333,0.097958333,0.266666667,0.380291667,187.824125,95.87858333,246.8541667,297.7458333,1.173291667,0.579016667,1.457833333,69.88684417
4/7/2021,-3.64875,-0.009208333,0.048,0.047,0.107291667,0.278,0.392,157.2769583,117.9075417,255.0833333,295.2166667,1.241416667,0.757908333,1.933,70.460465
4/8/2021,0.824416667,-0.008583333,0.048,0.047583333,0.122875,0.278625,0.393,244.1560417,152.4153333,222.9166667,296.6375,1.1965,0.388754167,1.939833333,70.17479333
4/9/2021,-5.161208333,-0.00475,0.048208333,0.048,0.125416667,0.288,0.393208333,200.66125,152.7935,240.6083333,286.7333333,1.231041667,0.609225,1.978291667,70.26152458
4/10/2021,0.188333333,0.007916667,0.048625,0.048,0.140083333,0.297,0.396375,274.3073333,172.3217083,205.5125,291.2541667,1.191416667,0.3312625,2.032333333,70.209195
4/11/2021,0.147458333,0.01,0.051916667,0.048,0.144,0.297208333,0.408458333,258.170125,136.826625,220.7125,298.1791667,1.169708333,0.3953875,1.512083333,70.0214
4/12/2021,-5.3345,0.01,0.056166667,0.048,0.144583333,0.297833333,0.412,279.4949167,140.5021667,213.775,288.9875,1.14575,0.611829167,0.881125,70.24386708
4/13/2021,-7.403083333,0.01,0.061666667,0.048,0.15375,0.30125,0.412,148.4214167,83.49795833,267.8,292.8,1.1415,0.855066667,0.361875,70.40468833
4/14/2021,-7.015708333,0.01,0.064375,0.048,0.162833333,0.30925,0.411833333,160.935625,118.4124583,275.5958333,291.9791667,1.160541667,0.876570833,0.324875,70.30326917
4/15/2021,-7.426458333,0.01,0.064666667,0.048,0.163,0.3155,0.412,77.65475,69.28695833,283.7833333,288,1.194375,0.904833333,0.290916667,70.05392542
4/16/2021,-8.946,0.01,0.066291667,0.048,0.163,0.316,0.412,157.5569167,124.7487917,267.8291667,279,1.250333333,0.828616667,0.496458333,70.39425792
4/17/2021,-8.412083333,0.01,0.0665,0.048,0.1745,0.316,0.412625,278.636125,197.473875,226.8791667,282.075,1.196541667,0.71305,0.660125,70.67117583
4/18/2021,-5.22825,0.01,0.066833333,0.048833333,0.181625,0.318375,0.4135,194.2795833,130.7207083,231.7583333,287.1875,1.174416667,0.668883333,1.230791667,70.75191
4/19/2021,-5.237625,0.01,0.066666667,0.050833333,0.182,0.327541667,0.423625,92.26833333,62.02304167,258.9125,286.8791667,1.228833333,0.686925,1.489958333,70.26182333
4/20/2021,-11.57920833,0.01,0.066833333,0.054,0.182,0.335333333,0.43,310.7047917,223.0694583,217.525,262.2958333,1.3025,0.703516667,0.758791667,70.44126458
4/21/2021,-9.074625,0.01,0.067,0.059375,0.182458333,0.336,0.431541667,121.569,94.033125,266.3708333,273,1.278916667,0.817716667,0.411916667,70.26132292
4/22/2021,-3.083041667,0.01,0.067,0.065125,0.185416667,0.336,0.432,166.1632083,124.512875,276.4541667,298.9125,1.326625,0.821275,1.019041667,69.82692917
4/23/2021,NA,0.01,0.067,0.0665,0.194166667,0.336,0.432,149.2645833,106.930375,232.9208333,280.7291667,NA,0.745879167,0.932666667,70.07512083
4/24/2021,1.497041667,0.01,0.067,0.066833333,0.199458333,0.336166667,0.432,213.1734167,146.5022083,248.1625,300.1333333,1.300708333,0.432529167,1.740208333,70.23952083
4/25/2021,6.179875,0.01,0.066833333,0.067,0.200125,0.337208333,0.432,250.4557083,148.0704583,262.1208333,317.2875,1.245958333,0.364520833,2.394,70.02280875
4/26/2021,5.40075,0.01,0.067,0.067,0.198583333,0.336,0.432,210.3010833,123.7257917,239.0541667,310.7416667,1.199083333,0.251275,2.504291667,69.83606958
4/27/2021,-0.223125,0.010208333,0.067,0.067,0.199083333,0.336166667,0.432,131.0717083,80.22779167,277.275,305.8041667,1.232333333,0.705908333,0.696291667,70.0757925
4/28/2021,-0.492583333,0.01,0.067,0.067,0.200458333,0.336166667,0.432,273.7008333,194.372125,262.1583333,308.2333333,1.401916667,0.78195,0.435166667,70.753145
4/29/2021,2.572375,0.01,0.067,0.067,0.201,0.336333333,0.432,315.5949167,201.5664583,227.8291667,301.5041667,1.264833333,0.5536875,0.782625,71.43896667
4/30/2021,6.411583333,0.01,0.067,0.067,0.194541667,0.336,0.431541667,314.3415417,178.3604583,241.775,312.4958333,1.179958333,0.4680125,0.872708333,71.45792833
5/1/2021,7.130333333,0.01,0.067,0.067,0.182,0.322666667,0.41325,168.7567917,88.289375,272.7625,316.3,1.120625,0.493533333,0.7335,70.72225375
5/2/2021,2.137,0.010208333,0.067,0.067,0.182,0.316,0.411291667,143.2176667,73.28075,301.3875,316.9791667,1.093708333,0.787225,0.603666667,70.04785792
5/3/2021,-3.126791667,0.011916667,0.067,0.067,0.182,0.316,0.401125,80.12991667,68.3235,301.0166667,304.1833333,1.183208333,0.934104167,0.532333333,70.35155958
5/4/2021,-2.17475,0.012791667,0.067,0.067,0.182,0.316,0.407333333,128.80425,94.97570833,289.5875,298.2583333,1.201208333,0.849145833,1.184208333,70.6121725
5/5/2021,-0.49975,0.013333333,0.067,0.067,0.182208333,0.316916667,0.411458333,176.4059167,130.4221667,263.5666667,304.1791667,1.201458333,0.760908333,1.10875,71.02337833
5/6/2021,4.481541667,0.017458333,0.067,0.067,0.182625,0.320916667,0.412,331.01275,195.457375,226.1375,303.6625,1.145375,0.402216667,0.880041667,71.32221708
5/7/2021,7.932583333,0.0265,0.067,0.067,0.182,0.316,0.408416667,188.4616667,101.39825,264.7291667,313.0125,1.077375,0.342925,0.884541667,70.8400025
5/8/2021,2.572708333,0.026041667,0.067,0.067,0.181583333,0.313875,0.393833333,264.41275,115.7603333,240.1833333,307.6833333,1.025791667,0.5820375,1.8995,70.287455
5/9/2021,-2.444625,0.026416667,0.067,0.067,0.178125,0.297416667,0.38925,194.018875,105.9112917,250.4375,296.7166667,0.982625,0.589691667,0.859041667,70.48064708
5/10/2021,-4.136708333,0.025208333,0.067,0.067,0.180333333,0.298791667,0.3865,61.74808333,60.66266667,303.8208333,298.1375,1.041666667,0.92625,0.196666667,70.46553958
5/11/2021,-4.626458333,0.024291667,0.067,0.067,0.181583333,0.303416667,0.388916667,152.0685417,120.8993333,304.2833333,292.1708333,1.101125,0.877354167,0.26225,70.72085792
5/12/2021,-2.20025,0.023833333,0.067,0.067,0.182,0.311666667,0.391666667,269.9012083,180.1430833,258.5833333,289.7333333,1.067291667,0.684016667,0.61075,71.09645583
5/13/2021,3.2705,0.025958333,0.067,0.067,0.182,0.31225,0.392,184.2281667,113.130875,260.1,306.0583333,1.011916667,0.5247,0.931833333,71.12720375
5/14/2021,4.661666667,0.025375,0.067,0.067,0.180666667,0.305916667,0.391416667,206.5422083,97.50995833,282.0083333,314.6291667,0.960125,0.600583333,0.970916667,70.96978375
5/15/2021,4.531333333,0.025083333,0.067,0.067,0.168666667,0.297,0.374416667,174.5381667,68.06470833,285.825,314.275,0.895958333,0.679445833,0.63025,70.73711833
5/16/2021,3.866166667,0.025791667,0.067,0.067,0.163208333,0.295416667,0.373375,172.3604167,67.52529167,288.9583333,315.1916667,0.846958333,0.7183,0.58025,70.74129458
5/17/2021,2.837291667,0.025791667,0.067,0.067,0.163,0.282458333,0.357166667,142.12275,56.724875,299.4708333,314.8375,0.801875,0.8298375,0.461458333,70.6489475
5/18/2021,4.960791667,0.02625,0.067,0.067,0.161416667,0.277791667,0.352166667,336.1065833,131.97625,279.7583333,317.1916667,0.741291667,0.690779167,0.703083333,70.55266375
5/19/2021,4.844416667,0.026166667,0.067,0.067,0.146333333,0.261916667,0.335375,181.8179167,68.54495833,271.7583333,316.2958333,0.678083333,0.671904167,0.808166667,70.54910542
5/20/2021,7.5785,0.027625,0.067,0.067,0.144,0.257583333,0.318458333,237.5757917,83.36254167,266.8291667,319.8583333,0.622708333,0.494266667,1.126833333,70.35000125
5/21/2021,6.852916667,0.027958333,0.067,0.067,0.141958333,0.243708333,0.306791667,177.7992083,60.32875,279.8541667,318.15,0.552166667,0.546870833,0.969791667,70.49645625
5/22/2021,5.306541667,0.027625,0.067,0.066833333,0.133125,0.236333333,0.292625,276.6582083,86.246375,285.6125,317.1791667,0.478166667,0.720358333,0.950375,70.922055
5/23/2021,3.3135,0.028,0.067,0.067,0.125,0.221,0.276375,194.3385417,66.84483333,293.9416667,315.3125,0.399333333,0.6069,1.142041667,70.65408958
5/24/2021,3.806166667,0.028,0.067,0.066833333,0.124583333,0.218291667,0.263,347.7135833,95.392625,235.6958333,309.0083333,0.316833333,0.371379167,1.508583333,70.81741875
5/25/2021,4.738708333,-0.032166667,0.064041667,0.066,0.117958333,0.2045,0.253416667,340.704,85.169875,252.9541667,317.2041667,0.185,0.4749,1.439875,71.02624375
5/26/2021,7.467166667,1.666958333,0.692458333,0.1025,0.116666667,0.201,0.239333333,190.9911667,37.43879167,282.5416667,325.0541667,0.068875,0.4248125,1.647416667,70.98320292
5/27/2021,5.532333333,6.0605,4.816541667,1.219458333,0.343166667,0.254166667,0.246375,351.9842917,44.96283333,243.225,336.6041667,0.028625,0.476258333,1.4465,71.06989375
5/28/2021,7.34025,9.233458333,8.553125,5.315833333,2.702208333,1.444416667,0.776666667,276.4985417,17.94158333,272.7916667,358.4291667,0.027333333,0.432816667,0.903291667,71.07429
5/29/2021,6.11725,8.4625,8.105458333,6.214833333,4.886666667,3.760625,2.721125,199.24175,9.785708333,291.2666667,363.4,0.028166667,0.6209375,0.86075,71.00921708
5/30/2021,1.512916667,2.896458333,3.123375,3.572458333,4.17675,4.034875,3.50325,87.89758333,3.255291667,323.9166667,335.35,0.029333333,0.937166667,0.388,71.11093417
5/31/2021,3.199541667,7.107041667,7.139708333,6.768625,5.57625,4.439291667,3.583708333,288.0397917,15.43579167,288.1375,365.5416667,0.031208333,0.829970833,0.621583333,71.24010583
6/1/2021,4.861583333,7.406833333,7.323333333,6.341208333,6.099958333,5.461708333,4.666458333,214.258625,14.06966667,269.9833333,367.4041667,0.03,0.625720833,0.8285,71.27683458
6/2/2021,7.603625,11.01679167,10.86404167,9.119083333,7.4605,6.30375,5.286541667,216.5549583,14.95104167,290.0916667,387.7416667,0.028416667,0.608495833,0.857583333,71.14806167
6/3/2021,10.10304167,14.41083333,14.203125,12.17841667,9.562416667,7.817666667,6.390958333,324.5830417,24.581125,275.5,423.475,0.027625,0.549516667,0.97125,71.19802375
6/4/2021,12.20945833,16.53633333,16.20891667,14.252625,11.53458333,9.650125,7.972208333,342.2764583,27.59975,268.8291667,441.275,0.027333333,0.463945833,0.963625,71.19951958
6/5/2021,11.46720833,14.24908333,13.99675,13.02341667,11.9175,10.71291667,9.245833333,227.9707083,16.412375,302.275,411.4625,0.025666667,0.5463,1.012916667,70.98925375
6/6/2021,13.74104167,17.27495833,16.93604167,15.13970833,12.57625,10.96875,9.55125,299.8145833,21.81570833,292.3541667,428.9708333,0.026041667,0.453225,1.267541667,70.80794292
6/7/2021,12.5625,16.34791667,16.221375,14.868875,12.90333333,11.61083333,10.28416667,256.805875,18.86020833,291.5458333,423.45,0.026458333,0.4575125,0.992,70.88000875
6/8/2021,13.283625,17.60141667,17.39691667,16.0645,13.79458333,12.2475,10.78208333,318.415875,25.30575,273.5833333,441.8083333,0.027416667,0.355954167,1.181166667,70.99142667
6/9/2021,13.64954167,17.65079167,17.46820833,16.511,14.32416667,12.88958333,11.46916667,354.88875,29.06516667,271.625,452.7958333,0.026208333,0.284445833,0.917541667,71.3516525
6/10/2021,14.40508333,17.98429167,17.95870833,17.0705,15.12583333,13.75083333,12.27125,355.5275417,28.83854167,268.575,448.1125,0.027125,0.280258333,1.817875,71.02743125
6/11/2021,10.85620833,15.38920833,15.33408333,15.52233333,14.74,13.77916667,12.57041667,344.6021667,28.71816667,255.6166667,437.0458333,0.026208333,0.320145833,1.996833333,71.10366542
6/12/2021,12.83720833,17.11158333,17.04783333,16.67525,15.0625,13.93541667,12.73166667,349.5130417,29.9225,265.0958333,450.6416667,0.023875,0.3256,0.929083333,71.36400375
6/13/2021,14.90791667,19.57775,19.52204167,18.50308333,16.0875,14.68291667,13.30708333,332.0248333,28.23683333,282.1208333,460.3166667,0.022041667,0.393741667,0.92025,71.52826208
6/14/2021,15.880125,20.16279167,20.04929167,19.30116667,17.0675,15.58375,14.07125,355.5285833,30.96245833,275.4083333,468.5166667,0.022458333,0.3664975,1.020541667,71.67740125
6/15/2021,16.7245,20.66833333,20.53608333,19.68295833,17.39416667,16.02708333,14.59958333,341.852125,29.86783333,280.4083333,467.4041667,0.021958333,0.28085375,1.145583333,71.76089042
6/16/2021,17.52375,21.431,21.34625,20.36583333,17.92708333,16.51666667,15.08083333,315.410125,27.25225,295.4375,467.5333333,0.022708333,0.294975,1.192833333,71.74056125
6/17/2021,16.464875,19.79595833,19.75808333,19.41083333,17.72041667,16.64125,15.38,256.7221667,21.47458333,304.2333333,448.8041667,0.022791667,0.320233333,1.135333333,71.53133542
6/18/2021,15.144375,17.45508333,17.50983333,17.11875,16.33583333,15.8575,15.05041667,185.1740833,14.57591667,308.475,422.5666667,0.022541667,0.342691667,1.07925,71.3948025
6/19/2021,14.26433333,16.20941667,16.30225,15.97041667,15.66208333,15.27208333,14.55916667,191.8949583,13.59379167,310.3791667,409.0958333,0.022583333,0.457816667,1.429458333,71.10996583
6/20/2021,12.34008333,15.03383333,15.01666667,15.32795833,14.80291667,14.39708333,13.84916667,238.7797083,18.15641667,303.1625,420.6291667,0.023625,0.520920833,1.341,70.9242525
6/21/2021,10.75583333,15.154875,15.21,15.83158333,15.36083333,14.685,13.90083333,298.322375,24.311125,300.7,430.9291667,0.024375,0.554158333,0.898625,71.2463575
6/22/2021,15.98291667,18.67308333,18.60820833,17.952875,16.08875,15.14958333,14.21083333,285.927625,22.99041667,290.7875,442.7458333,0.021625,0.294958333,1.298041667,71.0906775
6/23/2021,14.76529167,17.23554167,17.21433333,16.96220833,15.93875,15.31541667,14.49,207.5759167,16.39891667,304.675,424.1916667,0.022583333,0.305683333,1.052208333,71.19920417
6/24/2021,10.95245833,13.22045833,13.367625,14.00625,14.79708333,14.755,14.24916667,121.1562917,8.738375,345.35,393.9,0.025458333,0.6773625,0.73175,71.21603625
6/25/2021,8.238166667,10.72166667,10.91441667,10.90375,12.41583333,12.94833333,13.0175,155.6406667,7.878875,334.95,373.3208333,0.029625,0.798016667,0.986958333,71.00255458
6/26/2021,6.187291667,8.966458333,9.213333333,10.18320833,11.72625,12.14458333,12.17833333,135.2107917,5.732708333,340.35,368.6458333,0.03275,0.894895833,0.421083333,71.22115375
6/27/2021,5.858041667,9.322666667,9.381708333,9.778416667,11.145,11.5275,11.57791667,163.1189583,9.01,324.5291667,369.7791667,0.031208333,0.842170833,0.444333333,71.36651625
6/28/2021,6.951541667,10.9625,11.015,10.84858333,11.41,11.33208333,11.17833333,238.5510417,17.00141667,311.9041667,387.9166667,0.029583333,0.7672125,0.623708333,71.47815167
6/29/2021,8.692625,12.37008333,12.31383333,12.05391667,11.98716667,11.75416667,11.42041667,215.4701667,16.80858333,300.8541667,397.525,0.029333333,0.693983333,0.679333333,71.48323792
6/30/2021,9.770916667,12.535,12.45870833,12.30454167,12.37958333,12.16875,11.7475,184.0344167,12.50083333,319.7916667,392.2625,0.032041667,0.780845833,0.77625,71.46506125
7/1/2021,10.8945,13.327125,13.227125,12.32145833,12.45708333,12.18916667,11.76833333,178.3248333,10.29395833,332.8416667,386.6791667,0.031666667,0.764404167,0.683125,71.42586292
7/2/2021,11.67425,14.96216667,14.677,13.61720833,13.11875,12.5,11.89375,233.0489583,18.73195833,316.1916667,409.5208333,0.0315,0.698666667,0.983,71.45786583
7/3/2021,14.61054167,18.49116667,18.283,16.53833333,14.65333333,13.43416667,12.4825,320.3264583,25.971,305.3041667,436.0583333,0.031208333,0.571916667,0.962916667,71.45344167
7/4/2021,14.67620833,17.58295833,17.54133333,16.62583333,15.55125,14.62083333,13.57875,226.880375,17.82341667,303.5083333,422.5375,0.031541667,0.545566667,0.844708333,71.44386708
7/5/2021,13.5065,16.20195833,16.07758333,15.53545833,15.08333333,14.50583333,13.7125,191.8877083,14.63941667,329.9416667,415.3583333,0.032416667,0.660425,0.918625,71.45355833
7/6/2021,13.15916667,16.94370833,16.685625,15.60358333,15.0725,14.33875,13.59458333,267.7495,19.81779167,327.5791667,416.3083333,0.032083333,0.701029167,0.877958333,71.57206792
7/7/2021,14.59958333,19.13670833,18.998375,17.88254167,16.24541667,15.0625,14.02833333,325.4512083,29.49033333,294.6208333,450.7166667,0.029041667,0.472591667,0.850791667,71.51049458
7/8/2021,16.74166667,20.43804167,20.34275,19.57625,17.72666667,16.37541667,15.05833333,312.1695,28.24466667,315.3333333,459.05,0.02925,0.421825,1.311875,71.3859025
7/9/2021,18.32041667,20.67325,20.52866667,19.42333333,17.69833333,16.70958333,15.62541667,250.6252083,20.94854167,305.475,443.7666667,0.028125,0.3499,1.231291667,71.55845417
7/10/2021,14.00058333,18.55625,18.67479167,19.12416667,18.01666667,16.9625,15.83833333,328.82175,30.67495833,291.1333333,452.8666667,0.029,0.515325,0.83025,71.70371042
7/11/2021,13.287375,17.41025,17.65379167,18.044625,17.49791667,16.83916667,15.96791667,318.7791667,30.849375,272.45,446.4291667,0.028833333,0.429533333,0.995291667,71.6176625
7/12/2021,14.586875,17.80479167,17.84533333,17.72620833,17.15041667,16.70791667,15.98791667,219.4382917,20.22354167,301.5791667,430.0708333,NA,0.401075,0.906625,71.56018625
7/13/2021,14.12166667,16.231875,16.28245833,16.08458333,16.28875,16.17416667,15.68666667,166.9687917,12.91229167,321.4083333,405.9541667,0.028333333,0.503820833,1.344208333,71.49692208
7/14/2021,12.51591667,13.73179167,13.81758333,13.94583333,14.65,14.90958333,14.8025,95.236625,6.912,330.0875,387.5708333,0.02875,0.605195833,1.213833333,71.39639917
7/15/2021,12.857625,15.11795833,15.11233333,14.52341667,14.26041667,14.09375,13.8975,230.816375,19.90683333,303.8958333,408.9083333,0.029083333,0.526195833,1.178041667,71.39713458
7/16/2021,12.3965,14.928625,14.92233333,14.7825,14.52375,14.28875,13.93458333,197.5485,16.84733333,301.0125,408.8333333,0.02725,0.544804167,0.869083333,71.40793042
7/17/2021,12.34579167,14.541125,14.627,14.081,14.15333333,14.10208333,13.83791667,162.8028333,12.42720833,305.8208333,399.2,0.027166667,0.609133333,0.764375,71.63029167
7/18/2021,15.194875,19.397125,19.33479167,17.45754167,15.60875,14.53375,13.8025,319.7027917,29.53475,292.0916667,444.2,0.028041667,0.519820833,0.963916667,71.88720292
7/19/2021,15.41233333,19.45191667,19.559375,18.77808333,17.2225,16.11083333,15.0275,294.8839167,29.155125,291.0875,451.7458333,0.027875,0.401508333,0.879333333,71.91400292
7/20/2021,14.57525,18.1335,18.11820833,18.14791667,17.58333333,16.78166667,15.77083333,245.756625,23.28995833,322.3458333,440.675,0.027541667,0.598533333,0.920041667,71.677315
7/21/2021,15.11875,17.94666667,17.97333333,16.83875,16.7725,16.36666667,15.72208333,194.0822917,15.459625,332.8083333,416.7916667,0.028166667,0.64125,0.931333333,71.54594833
7/22/2021,14.5625,16.41508333,16.38375,16.01,16.10458333,15.94041667,15.46916667,145.2204583,11.758375,326.4125,407.8458333,0.029333333,0.669575,1.035583333,71.60110417
7/23/2021,14.18708333,17.06875,17.03875,16.4525,15.75458333,15.39208333,14.96666667,156.820125,12.20620833,339.2708333,410.35,0.028958333,0.721116667,0.840166667,71.64133417
7/24/2021,12.82,15.20841667,15.36766667,15.21875,15.11916667,14.97625,14.66,142.6134167,12.692875,319.8916667,404.3125,0.028458333,0.601058333,0.697375,71.70921625
7/25/2021,14.74666667,17.926,18.02108333,17.31583333,15.95666667,15.28541667,14.675,195.4320833,18.14416667,314.7291667,424.6333333,0.027291667,0.5219625,0.680875,71.56756333
7/26/2021,16.027875,19.43191667,19.51733333,18.45083333,16.54541667,15.71083333,14.98208333,231.4647917,21.47316667,300.5916667,435.7833333,0.027666667,0.440858333,1.039416667,71.54942542
7/27/2021,16.15941667,19.674875,19.74895833,18.95533333,17.17916667,16.26541667,15.41416667,268.3590417,26.52608333,291.75,446.6916667,0.027375,0.3637375,1.008833333,71.6283625
7/28/2021,18.26,21.79454167,21.84958333,20.9175,18.50083333,17.27166667,16.16583333,262.1667083,25.741875,312.2916667,456.5625,0.02875,0.411491667,1.184166667,71.68374458
7/29/2021,16.75125,19.95895833,19.975,19.77125,18.5975,17.77666667,16.78875,198.4015,19.045875,329.6291667,440.2708333,0.030208333,0.5298125,1.010833333,71.71543
7/30/2021,13.67041667,16.1675,16.21791667,16.64041667,17.37625,17.24916667,16.67291667,153.636625,13.66895833,331.2166667,413.6125,0.029125,0.713083333,0.8,71.74873958
7/31/2021,10.5975,12.42141667,12.58166667,13.21166667,15.0125,15.59291667,15.63166667,99.19883333,5.306291667,350.7791667,383.05,0.027583333,0.900370833,0.445666667,71.89137833
8/1/2021,10.38254167,14.26020833,14.38195833,14.09341667,14.64916667,14.58208333,14.49208333,245.9380417,20.861625,320.4541667,402.9541667,0.028916667,0.7329625,0.548166667,71.88113625
8/2/2021,11.66841667,12.90025,12.88525,12.96429167,14.2425,14.67875,14.63333333,99.67804167,8.175041667,333.0666667,386.625,0.027791667,0.805870833,0.760958333,71.73168792
8/3/2021,10.29708333,11.522375,11.53666667,12.16625,13.14458333,13.55333333,13.71041667,93.386875,4.279166667,363.4333333,378.7125,0.041958333,0.908558333,0.6865,71.58191208
8/4/2021,10.58816667,13.78275,13.70295833,13.26633333,13.78958333,13.64083333,13.44416667,256.265875,20.29454167,310.1041667,393,0.035375,0.756133333,0.775083333,71.63854417
8/5/2021,13.45570833,17.00295833,16.91620833,15.96645833,14.89333333,14.2425,13.75916667,288.1855417,28.473375,282.6208333,424.3333333,0.030083333,0.53015,1.064208333,71.62452417
8/6/2021,11.52654167,12.26020833,12.23883333,12.56791667,14.10375,14.48916667,14.2925,144.2309167,11.35325,316.1125,385.3125,0.029375,0.669820833,1.107166667,71.29616958
8/7/2021,9.294916667,10.54595833,10.480125,9.943791667,11.77541667,12.58,12.98875,181.9050417,13.896125,274.525,367.575,0.03175,0.632054167,1.32825,71.18673125
8/8/2021,13.85125,15.87829167,15.72720833,14.14308333,13.19708333,12.73291667,12.54,285.7548333,27.90829167,272.5916667,411.9541667,0.029291667,0.4385375,1.21175,71.21599583
8/9/2021,13.42891667,15.47729167,15.463875,15.02283333,14.51208333,14.01083333,13.47,234.4849167,23.51616667,278.2125,413.0833333,0.028875,0.4107875,1.104291667,71.28876375
8/10/2021,NA,17.07045833,17.09045833,16.54104167,15.33958333,14.60833333,13.9425,274.7110417,28.70704167,272.3,425.6833333,NA,0.3306375,1.420166667,71.429545
8/11/2021,14.46716667,16.646375,16.750875,16.63666667,15.7625,15.11,14.4275,293.056,30.97625,263.7291667,428.4875,0.027833333,0.2681625,1.239208333,71.44461958
8/12/2021,13.31120833,16.67258333,16.87133333,16.85820833,15.99458333,15.41916667,14.77,247.9314167,25.535125,282.0083333,425.6791667,0.028416667,0.470141667,0.893708333,71.58444625
8/13/2021,13.01366667,15.85045833,15.97458333,15.86866667,15.905,15.60333333,15.045,194.6335417,18.07604167,299.9833333,411.0125,0.02825,0.678604167,0.647916667,71.75860375
8/14/2021,14.704125,16.574625,16.46479167,15.50120833,15.24666667,15.03708333,14.69333333,190.4828333,16.86504167,308.8166667,412.3,0.026291667,0.491508333,0.955041667,71.81399583
8/15/2021,13.77829167,16.17395833,16.15395833,15.83004167,15.43,15.13625,14.71166667,185.4997917,16.66820833,303.4416667,410.9541667,0.027625,0.464745833,0.9705,71.60793583
8/16/2021,10.3315,12.64454167,12.614125,13.02866667,14.16708333,14.46541667,14.36083333,165.9180417,15.79125,293.1666667,395.4208333,0.025958333,0.695133333,0.772833333,71.35855792
8/17/2021,13.30354167,15.05341667,14.78129167,12.978625,13.39125,13.55708333,13.60375,213.05275,15.926625,306.0083333,390.4958333,0.028166667,0.569508333,0.774583333,71.09046042
8/18/2021,13.20529167,14.65408333,14.59075,13.66608333,13.91416667,13.85666667,13.655,165.790125,14.95308333,318.8291667,397.1541667,0.029416667,0.6036,0.985291667,71.02516542
8/19/2021,8.699208333,10.406,10.47283333,11.03995833,12.96,13.45291667,13.47958333,166.1409167,11.03333333,331.3666667,372.8916667,0.037041667,0.831079167,1.563958333,70.9402625
8/20/2021,4.695625,6.647458333,6.695041667,7.165875,10.11754167,11.44416667,12.17875,219.432375,17.51229167,288.5583333,352.2666667,0.033791667,0.774529167,2.170333333,70.90372333
8/21/2021,8.471458333,10.67991667,10.69604167,10.11045833,10.59204167,10.96916667,11.32958333,209.8698333,20.65991667,287.6333333,376.625,0.033,0.667375,0.943666667,71.02892583
8/22/2021,13.45458333,15.447625,15.47179167,14.52708333,13.15125,12.44791667,12.0125,251.7632083,26.99325,283.2125,407.475,0.033083333,0.4733125,2.051,70.99807125
8/23/2021,14.35833333,15.28891667,15.29845833,14.37804167,13.61125,13.20041667,12.76833333,213.7571667,21.81920833,278.6333333,402.4708333,0.031208333,0.358979167,1.4995,71.20611667
8/24/2021,13.6425,15.82408333,15.86741667,15.26066667,14.20416667,13.63125,13.10958333,230.841625,24.50966667,271.35,412.1291667,0.030416667,0.343245833,0.975833333,71.3711725
8/25/2021,13.089375,15.75358333,15.86075,15.53191667,14.55416667,14.00375,13.45625,275.6132083,30.882125,260.0583333,420.1583333,0.029375,0.3603,1.240583333,71.59992875
8/26/2021,10.64245833,11.357625,11.52441667,11.47241667,13.24,13.71666667,13.62041667,164.4297917,13.5715,300.2166667,374.8791667,0.03,0.565316667,1.228958333,71.47459625
8/27/2021,11.536875,13.27245833,13.177375,11.793875,12.41958333,12.63583333,12.70916667,231.859,19.28470833,301.3958333,383.925,0.033125,0.6093,1.359125,71.187785
8/28/2021,13.62920833,15.09866667,15.17229167,14.239875,13.48833333,13.075,12.75708333,259.716375,27.785125,265.9375,407.775,0.0295,0.3680375,1.1475,71.24451
8/29/2021,NA,14.09416667,14.304375,14.26295833,13.98291667,13.65166667,13.23875,256.5004583,28.45775,268.3708333,407.4083333,NA,0.450141667,1.026375,71.36769083
8/30/2021,11.98045833,14.00354167,14.139375,14.00095833,13.78916667,13.65625,13.36791667,216.2023333,23.997125,266.9166667,401.775,0.028375,0.331245833,0.915083333,71.20214208
8/31/2021,13.31245833,15.81416667,15.816375,15.16425,14.14625,13.78208333,13.41333333,208.1174583,23.18945833,280.775,410.6833333,0.027458333,0.352645833,0.819083333,71.02570458
9/1/2021,NA,11.15333333,11.29195833,11.82220833,13.03166667,13.48291667,13.44916667,61.854875,5.472583333,330.6041667,376.2083333,NA,0.626595833,0.750541667,70.88721833
9/2/2021,10.124875,12.51341667,12.54291667,11.97120833,12.735,12.84083333,12.79166667,133.36025,9.874291667,329.8208333,378.4916667,0.033875,0.780679167,0.54825,71.05478125
9/3/2021,NA,9.667666667,9.680458333,9.512791667,11.165,11.8875,12.21,118.283625,10.25416667,316.0666667,366.1541667,NA,0.7952375,0.726708333,71.2867825
9/4/2021,9.250375,11.39041667,11.39283333,10.31958333,11.0575,11.33916667,11.53666667,238.9402917,21.9095,282.6,377.625,0.031375,0.584070833,1.045166667,71.42508042
9/5/2021,NA,11.73520833,11.83625,11.35175,11.50320833,11.55541667,11.56666667,246.0295833,26.191375,246.9416667,390.8875,NA,0.347766667,0.879291667,71.55608125
9/6/2021,NA,13.63116667,13.76791667,13.25320833,12.66,12.3575,12.05625,239.92875,26.15025,258.7458333,400.5416667,NA,0.276875,1.008291667,71.55239042
9/7/2021,13.04108333,15.173625,15.248375,14.56025,13.50458333,13.01041667,12.55666667,232.350875,25.93883333,261.2875,407.8375,0.028416667,0.3131,1.009208333,71.67465875
9/8/2021,12.79383333,14.70708333,14.799,14.39245833,13.68583333,13.33458333,12.91416667,229.1224167,25.704375,259.2666667,406.5,0.027375,0.305966667,1.01825,71.67689125
9/9/2021,13.31275,15.07395833,15.19516667,14.7455,13.89958333,13.52958333,13.11291667,235.14175,26.23675,259.4791667,408.7875,0.027416667,0.271291667,0.851875,71.66559708
9/10/2021,14.36116667,16.5875,16.62858333,15.8605,14.45375,13.91291667,13.40083333,223.9587917,24.90625,275.6875,416.4041667,0.026666667,0.294775,1.094166667,71.64786583
9/11/2021,12.02908333,12.96404167,13.17033333,13.487125,13.91291667,13.93666667,13.63291667,146.88975,15.35141667,293.725,390.7291667,0.027708333,0.5015625,1.238791667,71.57687125
9/12/2021,11.37333333,11.83825,12.01533333,11.99541667,12.85541667,13.18125,13.1625,124.5495,11.82979167,306.4666667,377.825,0.027875,0.603883333,1.156041667,71.49885208
9/13/2021,10.826,13.04641667,13.10445833,12.82570833,12.62375,12.60125,12.56333333,181.5045,18.21783333,304.825,389.3458333,0.029583333,0.611675,1.312541667,71.24947292
9/14/2021,NA,11.39108333,11.31741667,10.362625,11.95458333,12.40041667,12.46875,192.2850417,15.19008333,281.475,370.0916667,NA,0.581995833,1.011541667,71.21401292
9/15/2021,NA,13.431375,13.50854167,12.29216667,11.88125,11.88833333,11.93625,221.9895,23.579375,255.4708333,387.6416667,NA,0.3304125,1.590583333,71.08979125
9/16/2021,NA,13.27966667,13.293375,12.44925,12.14083333,12.16041667,12.08458333,164.1066667,16.77229167,271.6333333,385.3875,NA,0.271075,1.384166667,70.96038292
9/17/2021,9.506875,11.077125,11.22491667,11.117375,11.42375,11.69208333,11.78416667,167.221625,17.89175,259.6208333,378.1083333,0.029458333,0.390120833,0.935,71.41275208
9/18/2021,12.563875,13.54070833,13.608375,12.78229167,11.805,11.69541667,11.64,185.336875,19.883375,274.4083333,392.7416667,0.029083333,0.318945833,1.794541667,71.41059875
9/19/2021,9.856166667,11.64783333,11.80229167,11.96204167,12.15166667,12.17541667,12.0125,155.2430417,16.36975,277.1791667,378.9791667,0.029875,0.589854167,2.990958333,70.80494083
9/20/2021,0.062375,2.85575,3.06775,4.370125,8.826375,10.47916667,11.19625,173.1806667,25.956375,278.9,328.2125,0.038583333,0.774529167,1.85425,71.04146458
9/21/2021,2.1995,4.26625,4.402666667,4.854416667,7.397791667,8.668791667,9.599166667,209.7381667,30.77475,249.275,330.0458333,0.031666667,0.522320833,0.98475,71.75086042
9/22/2021,7.899625,9.108708333,9.171833333,7.937875,8.154083333,8.614541667,9.127916667,205.1132083,20.52633333,235.1958333,362.1083333,0.0325,0.320791667,1.306375,71.63689375
9/23/2021,7.8495,9.090416667,9.166791667,8.618666667,8.764333333,9.062583333,9.325833333,157.922625,15.72483333,262.525,366.5125,0.030833333,0.42245,0.71,71.2984475
9/24/2021,7.33325,9.435083333,9.668375,9.555541667,9.560958333,9.595416667,9.612916667,190.2293333,19.352,247.8541667,371.1708333,0.030125,0.505075,1.001,71.40192333
9/25/2021,8.980125,10.02066667,10.25141667,9.89475,9.696291667,9.77625,9.805416667,193.9431667,19.92275,248.7166667,375.0208333,0.02925,0.418358333,1.061958333,71.34644792
9/26/2021,10.780625,12.07770833,12.25125,11.56245833,10.63445833,10.37166667,10.17166667,187.7511667,19.66141667,256.4,383.6708333,0.028666667,0.356870833,1.080875,71.21070083
9/27/2021,10.33158333,10.56866667,10.62858333,10.04670833,10.13041667,10.34083333,10.35208333,120.3301667,12.08416667,269.025,370.6416667,0.028458333,0.3842375,0.780791667,71.14067417
9/28/2021,7.478625,8.092333333,8.17225,8.446458333,9.404166667,9.915416667,10.10875,59.588875,5.829708333,314.0708333,358.6708333,0.027708333,0.6579125,0.777416667,70.62307417
9/29/2021,3.728125,5.440958333,5.658083333,6.493208333,8.196833333,8.99,9.44875,77.78854167,4.318083333,334.7208333,348.1041667,0.034916667,0.922875,0.648125,70.71237458
9/30/2021,2.167958333,4.501416667,4.742,5.582416667,7.4285,8.298625,8.849583333,64.9575,3.870416667,322.7083333,342.5708333,0.037541667,0.970416667,0.296416667,71.22928625
,,,,,,,,,,,,,,,
,,,,,,,,,,,,,,,
,,,,,,,,,,,,,,,
,,,,,,,,,,,,,,,
,,,,,,,,,,,,,,,
,,,,,,,,,,,,,,,
,,,,,,,,,,,,,,,
,,,,,,,,,,,,,,,
,,,,,,,,,,,,,,,
,,,,,,,,,,,,,,,
,,,,,,,,,,,,,,,
,,,,,,,,,,,,,,,
,,,,,,,,,,,,,,,
,,,,,,,,,,,,,,,
,,,,,,,,,,,,,,,
,,,,,,,,,,,,,,,
,,,,,,,,,,,,,,,
,,,,,,,,,,,,,,,
,,,,,,,,,,,,,,,
,,,,,,,,,,,,,,,
,,,,,,,,,,,,,,,
,,,,,,,,,,,,,,,
,,,,,,,,,,,,,,,
,,,,,,,,,,,,,,,
,,,,,,,,,,,,,,,
,,,,,,,,,,,,,,,
,,,,,,,,,,,,,,,
,,,,,,,,,,,,,,,
,,,,,,,,,,,,,,,
,,,,,,,,,,,,,,,
,,,,,,,,,,,,,,,
,,,,,,,,,,,,,,,
,,,,,,,,,,,,,,,
,,,,,,,,,,,,,,,
,,,,,,,,,,,,,,,
,,,,,,,,,,,,,,,
,,,,,,,,,,,,,,,
,,,,,,,,,,,,,,,
,,,,,,,,,,,,,,,
,,,,,,,,,,,,,,,
,,,,,,,,,,,,,,,
,,,,,,,,,,,,,,,
,,,,,,,,,,,,,,,
,,,,,,,,,,,,,,,
,,,,,,,,,,,,,,,
,,,,,,,,,,,,,,,
,,,,,,,,,,,,,,,
,,,,,,,,,,,,,,,
,,,,,,,,,,,,,,,
,,,,,,,,,,,,,,,
,,,,,,,,,,,,,,,
,,,,,,,,,,,,,,,
,,,,,,,,,,,,,,,
,,,,,,,,,,,,,,,
,,,,,,,,,,,,,,,
,,,,,,,,,,,,,,,
,,,,,,,,,,,,,,,
,,,,,,,,,,,,,,,
,,,,,,,,,,,,,,,
,,,,,,,,,,,,,,,
,,,,,,,,,,,,,,,
,,,,,,,,,,,,,,,
,,,,,,,,,,,,,,,
,,,,,,,,,,,,,,,
,,,,,,,,,,,,,,,
,,,,,,,,,,,,,,,
,,,,,,,,,,,,,,,
,,,,,,,,,,,,,,,
,,,,,,,,,,,,,,,
,,,,,,,,,,,,,,,
,,,,,,,,,,,,,,,
,,,,,,,,,,,,,,,
,,,,,,,,,,,,,,,
,,,,,,,,,,,,,,,
,,,,,,,,,,,,,,,
,,,,,,,,,,,,,,,
,,,,,,,,,,,,,,,
,,,,,,,,,,,,,,,
,,,,,,,,,,,,,,,
,,,,,,,,,,,,,,,
,,,,,,,,,,,,,,,
,,,,,,,,,,,,,,,
,,,,,,,,,,,,,,,
,,,,,,,,,,,,,,,
,,,,,,,,,,,,,,,
,,,,,,,,,,,,,,,
,,,,,,,,,,,,,,,
,,,,,,,,,,,,,,,
,,,,,,,,,,,,,,,
,,,,,,,,,,,,,,,
,,,,,,,,,,,,,,,
,,,,,,,,,,,,,,,
,,,,,,,,,,,,,,,
,,,,,,,,,,,,,,,
,,,,,,,,,,,,,,,
,,,,,,,,,,,,,,,
,,,,,,,,,,,,,,,
,,,,,,,,,,,,,,,
,,,,,,,,,,,,,,,
,,,,,,,,,,,,,,,
,,,,,,,,,,,,,,,
,,,,,,,,,,,,,,,
,,,,,,,,,,,,,,,
,,,,,,,,,,,,,,,
,,,,,,,,,,,,,,,
,,,,,,,,,,,,,,,
,,,,,,,,,,,,,,,
,,,,,,,,,,,,,,,
,,,,,,,,,,,,,,,
,,,,,,,,,,,,,,,
,,,,,,,,,,,,,,,
,,,,,,,,,,,,,,,
,,,,,,,,,,,,,,,
,,,,,,,,,,,,,,,
,,,,,,,,,,,,,,,
,,,,,,,,,,,,,,,
,,,,,,,,,,,,,,,
,,,,,,,,,,,,,,,
,,,,,,,,,,,,,,,
,,,,,,,,,,,,,,,
,,,,,,,,,,,,,,,
,,,,,,,,,,,,,,,
,,,,,,,,,,,,,,,
,,,,,,,,,,,,,,,
,,,,,,,,,,,,,,,
,,,,,,,,,,,,,,,
,,,,,,,,,,,,,,,
,,,,,,,,,,,,,,,
,,,,,,,,,,,,,,,
,,,,,,,,,,,,,,,
,,,,,,,,,,,,,,,
,,,,,,,,,,,,,,,
,,,,,,,,,,,,,,,
,,,,,,,,,,,,,,,
,,,,,,,,,,,,,,,
,,,,,,,,,,,,,,,
,,,,,,,,,,,,,,,
,,,,,,,,,,,,,,,
,,,,,,,,,,,,,,,
,,,,,,,,,,,,,,,
,,,,,,,,,,,,,,,
,,,,,,,,,,,,,,,
,,,,,,,,,,,,,,,
,,,,,,,,,,,,,,,
,,,,,,,,,,,,,,,
,,,,,,,,,,,,,,,
,,,,,,,,,,,,,,,
,,,,,,,,,,,,,,,
,,,,,,,,,,,,,,,
,,,,,,,,,,,,,,,
,,,,,,,,,,,,,,,
,,,,,,,,,,,,,,,
,,,,,,,,,,,,,,,
,,,,,,,,,,,,,,,
,,,,,,,,,,,,,,,
,,,,,,,,,,,,,,,
,,,,,,,,,,,,,,,
,,,,,,,,,,,,,,,
,,,,,,,,,,,,,,,
,,,,,,,,,,,,,,,
,,,,,,,,,,,,,,,
,,,,,,,,,,,,,,,
,,,,,,,,,,,,,,,
,,,,,,,,,,,,,,,
,,,,,,,,,,,,,,,
,,,,,,,,,,,,,,,
,,,,,,,,,,,,,,,
,,,,,,,,,,,,,,,
,,,,,,,,,,,,,,,
,,,,,,,,,,,,,,,
,,,,,,,,,,,,,,,
,,,,,,,,,,,,,,,
,,,,,,,,,,,,,,,
,,,,,,,,,,,,,,,
,,,,,,,,,,,,,,,
,,,,,,,,,,,,,,,
,,,,,,,,,,,,,,,
,,,,,,,,,,,,,,,
,,,,,,,,,,,,,,,
,,,,,,,,,,,,,,,
,,,,,,,,,,,,,,,
,,,,,,,,,,,,,,,
,,,,,,,,,,,,,,,
,,,,,,,,,,,,,,,
,,,,,,,,,,,,,,,
,,,,,,,,,,,,,,,
,,,,,,,,,,,,,,,
,,,,,,,,,,,,,,,
