date,Ta_C_f,Ta_C,Ts_5,Ts_20,VWC_5,VWC_20,Rs_in_f,Rs_out_f,Rl_in_f,Rl_out_f,RH_f,RH,u_f,u,snow_f,baro,P_mm
10/1/2020,4.015638889,4.901253472,10.24657292,10.59597222,18.69996528,17.66576389,NA,NA,NA,NA,0.526020833,0.513513889,0.304125,1.300260417,3.182291667,73.77884118,NA
10/2/2020,10.33162153,11.42762153,11.52652778,10.955,18.69982639,17.61145833,NA,NA,NA,NA,0.250552083,0.22446875,1.0099375,1.914899306,3.16875,73.42399684,NA
10/3/2020,4.366815972,5.291645833,10.2796875,10.44916667,18.64496528,17.56173611,NA,NA,NA,NA,0.550371528,0.546038194,0.29478125,0.994027778,3.199652778,73.44194819,NA
10/4/2020,10.93944444,12.059625,11.37729514,10.77239583,18.64454861,17.52902778,NA,NA,NA,NA,0.302086806,0.26715625,0.923489583,2.367958333,3.095138889,73.4177909,NA
10/5/2020,11.52122569,12.45137847,12.36902778,11.66704861,18.6315625,17.50024306,NA,NA,NA,NA,0.221048611,0.195885417,1.616065972,4.503618056,3.151388889,73.40536299,NA
10/6/2020,13.29784375,14.39129861,12.2565625,11.58621528,18.58739583,17.45545139,NA,NA,NA,NA,0.175267361,0.151972222,1.144725694,3.335836806,3.089583333,73.53340514,NA
10/7/2020,11.95745139,13.24109375,11.88486111,11.59982639,18.54055556,17.42125,NA,NA,NA,NA,0.199440972,0.171173611,0.395006944,1.570086806,2.954513889,73.46930045,NA
10/8/2020,10.69830556,12.05944097,11.57639583,11.07517361,18.50333333,17.38715278,NA,NA,NA,NA,0.219006944,0.192510417,0.770673611,2.162114583,3.038888889,73.20142927,NA
10/9/2020,13.03732292,14.00867014,11.84045139,11.4821875,18.48993056,17.36798611,NA,NA,NA,NA,0.236729167,0.208614583,0.893555556,2.981277778,3.154166667,73.09076302,NA
10/10/2020,11.11165972,12.21922222,12.18298958,11.42774306,18.46680556,17.348125,NA,NA,NA,NA,0.309885417,0.274368056,0.671152778,2.466447917,3.079513889,72.93165028,NA
10/11/2020,3.815222222,4.667635417,8.537892361,9.957277778,18.45798611,17.29513889,NA,NA,NA,NA,0.580284722,0.568503472,1.611552083,4.956986111,3.251041667,72.45925663,NA
10/12/2020,4.9324375,5.691013889,6.090354167,7.065256944,18.47222222,17.25722222,NA,NA,NA,NA,0.388690972,0.366913194,3.062611111,8.413489583,2.919791667,72.82398792,NA
10/13/2020,10.85193403,11.69113194,8.051694444,7.902940972,18.54416667,17.28895833,NA,NA,NA,NA,0.26196875,0.235520833,2.41378125,6.291329861,3.250347222,73.09405604,NA
10/14/2020,9.401802083,9.974232639,9.696861111,9.249715278,18.59579861,17.33152778,NA,NA,NA,NA,0.317385417,0.298125,3.377864583,7.732975694,3.33125,72.66633719,NA
10/15/2020,0.405378472,1.103920139,6.2306875,7.404701389,18.52861111,17.30569444,NA,NA,NA,NA,0.286222222,0.273163194,1.583322917,2.827309028,3.357291667,73.15332465,NA
10/16/2020,5.402027778,6.172017361,6.6695,6.754375,18.53013889,17.29590278,NA,NA,NA,NA,0.30084375,0.279243056,2.258378472,5.408576389,3.343402778,72.87563563,NA
10/17/2020,7.200413194,7.808892361,7.270694444,7.566413194,18.55458333,17.31069444,NA,NA,NA,NA,0.393534722,0.375902778,2.770006944,7.454684028,3.297222222,72.53973507,NA
10/18/2020,8.635954861,9.229736111,8.430263889,8.008802083,18.56954861,17.31326389,NA,NA,NA,NA,0.35484375,0.331621528,2.503940972,6.658368056,3.293402778,72.68586708,NA
10/19/2020,9.695819444,10.40489236,8.745534722,8.427663194,18.57329861,17.31013889,NA,NA,NA,NA,0.284923611,0.259472222,2.725885417,7.691232639,3.294791667,72.6485474,NA
10/20/2020,7.792628472,8.423534722,8.491371528,8.363996528,18.54795139,17.29732639,NA,NA,NA,NA,0.402184028,0.38771875,2.094357639,5.796208333,3.299305556,72.66251076,NA
10/21/2020,10.78028125,11.64069444,8.74596875,8.405951389,18.53072917,17.28385417,NA,NA,NA,NA,0.267013889,0.239829861,2.244819444,6.164746528,3.220833333,72.46453007,NA
10/22/2020,2.443611111,2.759111111,7.310902778,7.926909722,18.47958333,17.26059028,NA,NA,NA,NA,0.56771875,0.586697917,0.838572917,3.2700625,3.338888889,72.41037972,NA
10/23/2020,-4.227833333,-3.745513889,4.132225694,5.604993056,18.38881944,17.21486111,NA,NA,NA,NA,0.707239583,0.732211806,0.656548611,2.319989583,3.325694444,72.76833813,NA
10/24/2020,5.144777778,5.685635417,6.21915625,6.134524306,18.42229167,17.21850694,NA,NA,NA,NA,0.423423611,0.415326389,2.245920139,6.533923611,3.532986111,72.13306073,NA
10/25/2020,-17.38621528,-17.04959722,4.263618056,5.324815972,18.39236111,17.19125,NA,NA,NA,NA,0.834104167,0.8644375,0.018763889,1.125715278,29.24791667,72.28465556,NA
10/26/2020,-17.37270833,-6.886704861,2.593284722,3.460774306,18.70364583,18.35559028,NA,NA,NA,NA,0.787319444,0.611100694,0.161208333,1.920128472,39.33333333,72.61491247,NA
10/27/2020,-8.130430556,-4.539256944,2.270993056,3.230815972,18.72291667,18.34170139,NA,NA,NA,NA,0.73353125,0.634944444,0.201121528,4.763340278,32.37638889,72.57357219,NA
10/28/2020,-1.593958333,-3.987329861,2.272670139,3.079746528,18.82989583,18.4584375,NA,NA,NA,NA,0.79565625,0.611236111,0.22765625,2.759645833,26.78263889,72.97775882,NA
10/29/2020,2.581010417,2.471260417,2.076815972,2.974114583,18.86434028,18.35909722,NA,NA,NA,NA,0.559447917,0.447381944,1.357204861,2.800114583,21.44583333,73.15934351,NA
10/30/2020,4.639166667,3.425194444,1.848538194,2.747381944,18.85375,18.538125,NA,NA,NA,NA,0.417440972,0.482486111,1.270190972,4.675180556,17.58993056,73.28264469,NA
10/31/2020,3.803892361,3.326534722,2.689138889,3.195114583,18.97375,18.82059028,NA,NA,NA,NA,0.364097222,0.530982639,2.035871528,2.856336806,15.31944444,73.34660493,NA
11/1/2020,6.086732639,6.340354167,1.893635417,2.915020833,18.97739583,18.93149306,NA,NA,NA,NA,0.293177083,0.365684028,1.372916667,3.017013889,13.48854167,73.48585677,NA
11/2/2020,8.403403333,8.607403333,3.519983333,3.47938,19.17026667,19.49373333,NA,NA,NA,NA,0.256856667,0.30549,0.842083333,2.58439,11.182,74.54679057,NA
11/3/2020,9.702072917,11.18836806,4.400864583,4.261180556,19.31909722,19.84357639,NA,NA,NA,NA,0.275065972,0.212826389,0.914944444,2.911600694,8.652777778,73.40400014,NA
11/4/2020,7.756451389,9.049489583,5.113555556,5.050368056,19.33958333,19.7528125,NA,NA,NA,NA,0.473069444,0.4245625,1.2248125,4.163510417,5.002777778,73.55170962,NA
11/5/2020,9.585538194,10.57441319,5.131649306,5.105576389,19.33017361,19.66697917,NA,NA,NA,NA,0.2934375,0.261895833,1.324246528,5.082784722,2.805208333,73.68472604,NA
11/6/2020,10.06001042,11.51719792,5.170923611,5.158607639,19.31725694,19.59090278,NA,NA,NA,NA,0.268170139,0.211430556,0.989548611,3.833982639,2.330555556,72.78670017,NA
11/7/2020,5.801927083,7.108399306,5.144232639,5.113611111,19.30184028,19.52947917,NA,NA,NA,NA,0.529197917,0.485270833,0.476125,1.860986111,2.629513889,72.03976944,NA
11/8/2020,-1.299788194,-0.072375,3.452277778,4.359923611,19.27100694,19.4825,NA,NA,NA,NA,0.57653125,0.542159722,1.14540625,4.332642361,2.860416667,71.40672896,NA
11/9/2020,-6.030979167,-5.346020833,1.182899306,2.502503472,19.16222222,19.44826389,NA,NA,NA,NA,0.778621528,0.804545139,0.508586806,1.68478125,3.643402778,71.84474715,NA
11/10/2020,-7.767,-7.042677083,0.441784722,1.562135417,19.00215278,19.4171875,NA,NA,NA,NA,0.557225694,0.563993056,2.174190972,6.157135417,3.763194444,71.78142573,NA
11/11/2020,-7.029043189,-6.303677741,-0.567774086,0.670159468,18.64551495,19.36136213,NA,NA,NA,NA,0.596305648,0.588564784,1.422870432,3.52630897,3.618272425,72.11934601,NA
11/12/2020,-7.521210702,-6.610381271,-0.38867893,0.552123746,18.59023411,19.34240803,NA,NA,NA,NA,0.499588629,0.493852843,1.781287625,4.817254181,3.49632107,72.32277763,NA
11/13/2020,-1.054347222,-0.196444444,-0.684597222,0.095524306,18.45645833,19.23413194,NA,NA,NA,NA,0.350899306,0.316878472,2.37178125,9.409642361,3.148958333,72.07672997,NA
11/14/2020,-7.932162069,-7.038586207,-0.345534483,0.185796552,18.55989655,19.25396552,NA,NA,NA,NA,0.764365517,0.769441379,2.096996552,4.153662069,6.013103448,71.86642028,NA
11/15/2020,-3.687739726,-2.851808219,-0.442010274,0.254195205,18.50678082,19.25462329,NA,NA,NA,NA,0.58884589,0.577246575,2.957565068,9.501065068,3.482534247,72.57038918,NA
11/16/2020,3.644253472,4.71146875,-0.201996528,0.302565972,18.7990625,19.24822917,NA,NA,NA,NA,0.492697917,0.4613125,1.681527778,4.828440972,3.253472222,73.35343972,NA
11/17/2020,7.583121528,8.766371528,0.627444444,0.830569444,19.20215278,19.27309028,NA,NA,NA,NA,0.262888889,0.220680556,0.996121528,3.172711806,3.289583333,73.36060927,NA
11/18/2020,8.488413194,9.374236111,2.032538194,2.009638889,19.30170139,19.30059028,NA,NA,NA,NA,0.351996528,0.310864583,2.021861111,7.340604167,3.427430556,72.59635528,NA
11/19/2020,3.699659722,4.772743056,2.301774306,2.466045139,19.29736111,19.29211806,NA,NA,NA,NA,0.54521875,0.516388889,1.012930556,3.39025,3.428472222,72.87878733,NA
11/20/2020,-3.007274306,-2.219732639,0.851559028,1.462833333,19.21253472,19.25753472,NA,NA,NA,NA,0.72296875,0.732871528,0.154368056,0.822975694,3.548611111,73.41999479,NA
11/21/2020,-1.699736111,-0.476545139,0.170607639,0.954184028,19.08347222,19.23579861,NA,NA,NA,NA,0.437677083,0.415104167,1.375982639,3.180190972,3.420486111,73.20661347,NA
11/22/2020,-3.44721875,-2.051788194,-0.953822917,0.249993056,18.66059028,19.18520833,NA,NA,NA,NA,0.379375,0.337597222,0.551559028,2.357399306,3.319097222,73.06094042,NA
11/23/2020,2.364819444,3.479027778,-0.196479167,0.310527778,18.94659722,19.18111111,NA,NA,NA,NA,0.600864583,0.576690972,1.560836806,6.283149306,3.217361111,72.06062958,NA
11/24/2020,-4.930784722,-4.332399306,0.245069444,0.612503472,19.15590278,19.17524306,NA,NA,NA,NA,0.810364583,0.843732639,0.613788194,2.577677083,6.569791667,72.18433142,NA
11/25/2020,-0.903371528,-0.028440972,0.116770833,0.532638889,19.06381944,19.1753125,NA,NA,NA,NA,0.370947917,0.346472222,1.673173611,6.061979167,5.038194444,72.18971302,NA
11/26/2020,-5.400135417,-4.240756944,-0.456722222,0.106690972,18.71694444,19.13666667,NA,NA,NA,NA,0.654548611,0.644697917,0.611204861,1.941503472,4.276736111,72.45049326,NA
11/27/2020,-5.615357639,-4.290142361,-1.340607639,-0.300916667,18.3840625,18.68631944,NA,NA,NA,NA,0.473888889,0.432083333,0.318513889,1.585277778,3.657638889,72.92746924,NA
11/28/2020,-2.492777778,-0.915552083,-1.859979167,-0.673378472,18.26510417,17.95291667,NA,NA,NA,NA,0.42665625,0.377947917,0.471524306,2.340822917,3.930555556,72.89994063,NA
11/29/2020,-7.901170139,-6.390340278,-2.886871528,-0.764197917,18.20260417,17.81020833,NA,NA,NA,NA,0.550447917,0.518878472,0.236378472,1.390604167,3.940972222,73.35315615,NA
11/30/2020,-1.075020833,-0.001336806,-3.042958333,-1.181416667,18.09784722,17.58729167,NA,NA,NA,NA,0.188972222,0.158333333,1.5341875,5.518329861,3.646180556,72.87696774,NA
12/1/2020,-7.126090278,-6.157722222,-2.332274306,-0.999604167,18.17746528,17.60833333,NA,NA,NA,NA,0.593913194,0.589600694,0.75159375,1.805465278,3.276736111,72.65914594,NA
12/2/2020,-12.56828819,-11.10817014,-4.320836806,-1.855111111,17.90576389,17.43659722,NA,NA,NA,NA,0.541194444,0.509517361,0.558454861,1.539590278,3.273958333,73.22142212,NA
12/3/2020,-6.004597222,-4.128496528,-4.609916667,-2.482760417,17.81774306,17.33190972,NA,NA,NA,NA,0.413225694,0.36159375,0.456767361,1.411565972,2.989583333,73.20285007,NA
12/4/2020,-3.329010417,-1.742003472,-3.316267361,-1.822673611,17.95854167,17.40319444,NA,NA,NA,NA,0.482079861,0.443701389,0.1606875,1.184774306,3.191666667,73.38819983,NA
12/5/2020,-2.899697917,-1.17596875,-3.344413194,-1.8149375,17.95461806,17.40673611,NA,NA,NA,NA,0.43540625,0.395708333,0.327041667,1.652621528,3.113888889,73.54830774,NA
12/6/2020,0.973576389,2.809989583,-2.42421875,-1.423857639,18.10204861,17.46086806,NA,NA,NA,NA,0.235041667,0.189118056,0.676319444,2.295614583,3.080208333,73.32863576,NA
12/7/2020,-0.742447917,1.272204861,-2.917631944,-1.603611111,18.04847222,17.44232639,NA,NA,NA,NA,0.264677083,0.226361111,0.314756944,1.524006944,3.046875,73.57470191,NA
12/8/2020,5.524829861,6.779770833,-1.764020833,-1.184642361,18.21809028,17.50125,NA,NA,NA,NA,0.097302083,0.078954861,1.507114583,5.543131944,3.279861111,73.46153375,NA
12/9/2020,4.294958333,5.869861111,-1.181520833,-0.828184028,18.395625,17.59006944,NA,NA,NA,NA,0.137336806,0.108319444,1.166125,3.96065625,3.269791667,73.04729514,NA
12/10/2020,-3.314961806,-2.333600694,-0.914673611,-0.60965625,18.41048611,17.68458333,NA,NA,NA,NA,0.535336806,0.530631944,0.265409722,1.369770833,3.465277778,72.37848111,NA
12/11/2020,-9.323538194,-8.7040625,-2.236444444,-1.167399306,18.14979167,17.52923611,NA,NA,NA,NA,0.812993056,0.8436875,0.368944444,1.362204861,3.357291667,71.96031628,NA
12/12/2020,-10.24753819,-9.469375,-2.961975694,-1.813513889,17.95111111,17.39600694,NA,NA,NA,NA,0.6855,0.692930556,0.440972222,1.802350694,5.265625,71.89433503,NA
12/13/2020,-8.998850694,-7.989413194,-3.260288194,-2.066413194,17.87819444,17.3496875,NA,NA,NA,NA,0.416190972,0.396420139,1.264652778,4.542177083,5.926388889,72.48484434,NA
12/14/2020,-5.3921875,-4.597552083,-2.672975694,-1.9735625,17.93684028,17.35027778,NA,NA,NA,NA,0.608885417,0.613232639,0.921326389,3.8095625,5.386111111,71.9539583,NA
12/15/2020,-9.963288194,-9.060489583,-2.401368056,-1.699864583,17.9890625,17.38243056,NA,NA,NA,NA,0.601625,0.605565972,1.622388889,4.303833333,6.361111111,72.16587316,NA
12/16/2020,-7.499902778,-6.642180556,-2.902197917,-2.142611111,17.8884375,17.33131944,NA,NA,NA,NA,0.613927083,0.611527778,2.406267361,8.127295139,3.336458333,72.24986878,NA
12/17/2020,-2.186576389,-1.255472222,-2.69153125,-2.190552083,17.92315972,17.32003472,NA,NA,NA,NA,0.421545139,0.398916667,1.425298611,5.302881944,3.428472222,72.0613226,NA
12/18/2020,-5.416131944,-4.659444444,-2.545482639,-2.130465278,17.9578125,17.32927083,NA,NA,NA,NA,0.655131944,0.667302083,1.18396875,3.352274306,3.317013889,72.32803573,NA
12/19/2020,-6.945836806,-6.158447917,-3.222875,-2.757055556,17.83545139,17.26413194,NA,NA,NA,NA,0.601416667,0.60765625,2.562770833,7.819861111,3.498958333,72.43913639,NA
12/20/2020,-1.572715278,-0.776420139,-2.9950625,-2.724152778,17.87208333,17.25586806,NA,NA,NA,NA,0.533333333,0.52059375,3.104451389,10.08952431,3.304861111,72.48065719,NA
12/21/2020,1.591784722,2.528895833,-1.658409722,-1.659729167,18.12222222,17.37090278,NA,NA,NA,NA,0.581038194,0.567125,2.194375,6.760569444,2.609027778,72.77225861,NA
12/22/2020,-1.040604167,-0.010614583,-1.385638889,-1.213017361,18.2525,17.46045139,NA,NA,NA,NA,0.561378472,0.534166667,1.889444444,6.293020833,3.350694444,71.79472267,NA
12/23/2020,-14.6096875,-13.54836806,-1.799666667,-1.068670139,18.12631944,17.51065972,NA,NA,NA,NA,0.574743056,0.558548611,2.274451389,4.69309375,3.091319444,72.27040872,NA
12/24/2020,-5.300625,-4.422909722,-3.163777778,-2.210347222,17.89899306,17.32822917,NA,NA,NA,NA,0.476677083,0.457788194,2.192395833,5.90034375,3.110416667,72.94646521,NA
12/25/2020,0.951802083,2.125493056,-2.832597222,-2.281822917,17.979375,17.31149306,NA,NA,NA,NA,0.316746528,0.276840278,1.259881944,4.734135417,2.732638889,72.87815913,NA
12/26/2020,0.033128472,0.994534722,-2.212194444,-1.978944444,18.12284722,17.34291667,NA,NA,NA,NA,0.408041667,0.380517361,1.323413194,4.375736111,2.591666667,72.26839531,NA
12/27/2020,-7.168038194,-6.257277778,-2.302493056,-1.746732639,18.10201389,17.37527778,NA,NA,NA,NA,0.643815972,0.645055556,1.4099375,4.546847222,5.185069444,72.2893941,NA
12/28/2020,-10.72264931,-9.808395833,-3.4343125,-2.54096875,17.88128472,17.28902778,NA,NA,NA,NA,0.797503472,0.810482639,0.21375,0.865072917,4.618402778,72.31113698,NA
12/29/2020,-8.633996528,-7.517149306,-3.137190972,-2.463934028,17.9028125,17.28260417,NA,NA,NA,NA,0.597635417,0.584430556,1.268298611,3.580819444,6.697569444,71.94880458,NA
12/30/2020,-7.5071875,-6.644888889,-3.885086806,-2.922024306,17.80552083,17.24045139,NA,NA,NA,NA,0.397746528,0.373979167,1.758815972,5.910954861,5.821180556,72.34943177,NA
12/31/2020,-4.413180556,-3.462354167,-3.305524306,-2.745854167,17.86197917,17.2475,NA,NA,NA,NA,0.561302083,0.542961806,0.823666667,3.479920139,3.29375,72.25734076,NA
1/1/2021,-8.107847222,-6.929295139,-3.806739583,-3.016690972,17.81909722,17.22878472,NA,NA,NA,NA,0.706770833,0.704135417,0.342402778,1.382138889,3.113888889,72.56924962,NA
1/2/2021,-5.952166667,-5.110826389,-4.216319444,-3.444527778,17.75684028,17.19069444,NA,NA,NA,NA,0.482086806,0.468552083,2.164909722,6.988836806,2.984722222,72.19565264,NA
1/3/2021,-4.359920139,-3.532357639,-3.826659722,-3.288621528,17.7815625,17.19368056,NA,NA,NA,NA,0.540663194,0.533135417,2.399211806,6.737340278,2.848958333,72.10397417,NA
1/4/2021,-2.123878472,-0.982256944,-3.458340278,-2.98784375,17.84138889,17.21555556,NA,NA,NA,NA,0.36675,0.339024306,1.286857639,4.821135417,3.059722222,72.65732674,NA
1/5/2021,-3.438559028,-2.540878472,-2.885336806,-2.633225694,17.89885417,17.23947917,NA,NA,NA,NA,0.644069444,0.646333333,1.301333333,3.997690972,3.253819444,72.36205087,NA
1/6/2021,-3.519232639,-2.3754375,-3.455347222,-2.914836806,17.833125,17.22006944,NA,NA,NA,NA,0.42653125,0.399871528,1.42228125,3.306503472,2.888194444,72.79500986,NA
1/7/2021,-2.568427083,-1.46321875,-3.286756944,-2.949798611,17.85361111,17.21899306,NA,NA,NA,NA,0.4966875,0.470506944,0.989211806,3.016888889,2.604861111,72.75085167,NA
1/8/2021,-8.212194444,-7.046135417,-4.147822917,-3.463121528,17.78454861,17.18631944,NA,NA,NA,NA,0.576961806,0.564145833,0.835878472,2.778538194,2.874652778,72.82797132,NA
1/9/2021,-12.19705903,-11.41222917,-5.455854167,-4.491211806,17.60927083,17.1046875,NA,NA,NA,NA,0.866965278,0.899291667,0.107704861,1.12140625,4.447569444,72.75245024,NA
1/10/2021,-11.95419444,-10.09680556,-4.075236111,-3.65040625,17.72284722,17.13763889,NA,NA,NA,NA,0.665947917,0.626579861,0.346548611,1.716965278,7.563541667,72.85631521,NA
1/11/2021,-7.845572917,-5.942496528,-4.780767361,-4.260111111,17.6209375,17.10586806,NA,NA,NA,NA,0.339586806,0.275572917,0.501427083,2.317982639,5.744791667,72.94619601,NA
1/12/2021,-0.745041667,0.390177083,-4.123489583,-4.004295139,17.71586806,17.11704861,NA,NA,NA,NA,0.30284375,0.265267361,1.67353125,6.230381944,4.431944444,72.88843785,NA
1/13/2021,0.433138889,1.281569444,-2.758673611,-2.901788194,17.89833333,17.19027778,NA,NA,NA,NA,0.545322917,0.529291667,2.937079861,8.709215278,2.827430556,72.44765503,NA
1/14/2021,-9.856649306,-9.005586806,-4.8948125,-3.68978125,17.73902778,17.1534375,NA,NA,NA,NA,0.486038194,0.477364583,3.364909722,5.186600694,2.941319444,72.4723575,NA
1/15/2021,-3.642895833,-2.760572917,-5.318291667,-4.57975,17.66888889,17.08458333,NA,NA,NA,NA,0.319746528,0.2895625,2.938059028,7.683159722,2.736805556,72.60973872,NA
1/16/2021,-3.410524306,-2.494666667,-3.648628472,-3.420111111,17.81486111,17.15583333,NA,NA,NA,NA,0.552340278,0.537902778,2.226388889,5.916694444,2.951388889,72.52996333,NA
1/17/2021,-3.579552083,-2.709892361,-3.168194444,-3.075611111,17.8521875,17.18159722,NA,NA,NA,NA,0.594666667,0.57896875,1.924208333,6.048972222,2.976041667,72.32935212,NA
1/18/2021,-9.101013889,-7.984128472,-3.097222222,-2.774503472,17.87006944,17.20402778,NA,NA,NA,NA,0.656621528,0.648100694,1.054381944,2.405138889,5.154861111,72.44551694,NA
1/19/2021,-10.45721181,-9.392222222,-4.6755625,-3.929635417,17.70010417,17.12260417,NA,NA,NA,NA,0.626340278,0.612097222,0.501975694,2.078701389,3.085763889,72.97619219,NA
1/20/2021,-2.611909722,-1.747736111,-4.108086806,-3.687295139,17.73364583,17.13090278,NA,NA,NA,NA,0.480680556,0.461024306,2.327305556,8.107392361,3.064930556,72.39900885,NA
1/21/2021,-3.6090625,-2.594274306,-3.85740625,-3.542534722,17.76236111,17.13958333,NA,NA,NA,NA,0.631920139,0.623493056,0.898760417,2.377555556,2.841666667,72.35765132,NA
1/22/2021,-4.136392361,-3.137760417,-3.248409722,-3.140670139,17.84479167,17.16819444,NA,NA,NA,NA,0.689333333,0.692399306,1.068423611,3.169163194,3.082638889,72.09860069,NA
1/23/2021,-4.5166875,-3.453753472,-3.810871528,-3.445798611,17.79739583,17.14753472,NA,NA,NA,NA,0.709579861,0.710163194,0.817184028,2.710965278,2.867013889,71.67285372,NA
1/24/2021,-7.410170139,-6.190552083,-4.186340278,-3.645409722,17.75256944,17.13479167,NA,NA,NA,NA,0.584392361,0.5654375,0.677993056,2.445486111,2.911805556,71.61714316,NA
1/25/2021,-12.15208681,-11.19089236,-5.660708333,-4.672770833,17.59232639,17.07381944,NA,NA,NA,NA,0.820041667,0.843038194,0.141357639,0.952614583,2.874652778,71.35114698,NA
1/26/2021,-14.65739583,-14.02184028,-6.504621528,-5.458197917,17.49194444,17.02090278,NA,NA,NA,NA,0.805201389,0.837614583,0.483927083,1.676034722,3.192361111,71.46422674,NA
1/27/2021,-6.391871528,-5.622708333,-5.839482639,-5.307315972,17.53368056,17.01944444,NA,NA,NA,NA,0.462020833,0.447239583,2.45125,8.554260417,3.395138889,72.24099611,NA
1/28/2021,0.301520833,1.37628125,-3.387253472,-3.672555556,17.79430556,17.1178125,NA,NA,NA,NA,0.471461806,0.4398125,1.952170139,6.446399306,2.711111111,72.6789058,NA
1/29/2021,0.908170139,2.124690972,-2.656722222,-2.786631944,17.94534722,17.19829861,NA,NA,NA,NA,0.347125,0.3039375,1.424829861,5.370152778,2.697222222,72.06584615,NA
1/30/2021,-4.477319444,-3.569847222,-2.172659722,-2.453496528,17.98916667,17.23607639,NA,NA,NA,NA,0.618052083,0.615170139,1.754277778,4.435739583,2.791319444,72.1225426,NA
1/31/2021,-3.279402778,-1.844458333,-2.484263889,-2.305940972,17.98378472,17.25767361,NA,NA,NA,NA,0.325649306,0.287756944,1.115940972,3.542659722,2.976041667,73.21028073,NA
2/1/2021,2.004739583,3.221395833,-2.831972222,-2.651576389,17.96493056,17.22527778,NA,NA,NA,NA,0.175819444,0.140770833,1.155975694,3.932708333,2.766666667,73.11431774,NA
2/2/2021,2.072423611,3.260059028,-1.513819444,-1.867229167,18.18201389,17.30270833,NA,NA,NA,NA,0.470253472,0.432572917,1.118527778,3.640791667,2.724652778,72.78655528,NA
2/3/2021,-1.708736111,-0.761166667,-1.082739583,-1.334774306,18.23083333,17.38961806,NA,NA,NA,NA,0.684159722,0.673572917,1.427506944,4.575642361,5.393055556,72.015745,NA
2/4/2021,-10.55833333,-9.763506944,-1.970135417,-1.820055556,18.09559028,17.33243056,NA,NA,NA,NA,0.665065972,0.667493056,2.388795139,5.677239583,5.728819444,71.9000341,NA
2/5/2021,-9.186152778,-8.405416667,-3.02771875,-2.460788194,17.90458333,17.25197917,NA,NA,NA,NA,0.70615625,0.708586806,1.995329861,5.166274306,3.370486111,71.61823038,NA
2/6/2021,-8.552885417,-7.734677083,-2.877395833,-2.605329861,17.90760417,17.22770833,NA,NA,NA,NA,0.779149306,0.776579861,2.436194444,5.977340278,5.546527778,71.63579396,NA
2/7/2021,-5.583100694,-4.561486111,-2.66209375,-2.534118056,17.92493056,17.22336806,NA,NA,NA,NA,0.643538194,0.595395833,2.880833333,7.256291667,15.86388889,71.41784625,NA
2/8/2021,-3.277482639,-2.435104167,-2.808211806,-2.562545139,17.91298611,17.22326389,NA,NA,NA,NA,0.305788194,0.271597222,2.719670139,7.536413194,14.54583333,71.62802427,NA
2/9/2021,-2.260454861,-1.498052083,-2.689871528,-2.693822917,17.93635417,17.20861111,NA,NA,NA,NA,0.555288194,0.537503472,2.002368056,6.253600694,12.11041667,71.97223753,NA
2/10/2021,-2.769302083,-1.939888889,-2.486059028,-2.488684028,17.99333333,17.22145833,NA,NA,NA,NA,0.594635417,0.586861111,2.214631944,7.076204861,12.29861111,71.93689222,NA
2/11/2021,-2.948152778,-2.187336806,-2.743232639,-2.565739583,17.93118056,17.21659722,NA,NA,NA,NA,0.594635417,0.587697917,2.3095,7.036232639,10.28819444,71.91524625,NA
2/12/2021,-2.593631944,-1.89546875,-2.621486111,-2.521236111,17.93548611,17.21756944,NA,NA,NA,NA,0.724236111,0.73425,1.46209375,4.586402778,10.63055556,71.54380014,NA
2/13/2021,-11.05604861,-10.59873958,-2.581684028,-2.418954861,17.94461806,17.22652778,NA,NA,NA,NA,0.679454861,0.694857639,0.924381944,2.591215278,13.00069444,71.42370406,NA
2/14/2021,-23.98409722,-23.48517361,-4.122243056,-3.207479167,17.73340278,17.16916667,NA,NA,NA,NA,0.705614583,0.735458333,0.278013889,1.129854167,14.03090278,71.54819694,NA
2/15/2021,-10.92423958,-10.14841667,-4.526017361,-3.774555556,17.67725694,17.11784722,NA,NA,NA,NA,0.591871528,0.591493056,1.927121528,5.1673125,13.83125,71.3381191,NA
2/16/2021,-8.469006944,-7.382472222,-4.135385417,-3.670465278,17.73173611,17.12090278,NA,NA,NA,NA,0.620159722,0.607444444,1.49771875,3.749180556,13.59618056,71.17541635,NA
2/17/2021,-10.79129167,-10.23428125,-4.607670139,-3.869059028,17.66197917,17.10826389,NA,NA,NA,NA,0.757965278,0.787989583,0.300722222,1.494510417,17.41423611,71.79347958,NA
2/18/2021,-14.33172569,-13.07878472,-3.957513889,-3.679225694,17.711875,17.11263889,NA,NA,NA,NA,0.638829861,0.639979167,1.339993056,3.482600694,23.96215278,72.44562219,NA
2/19/2021,-7.399326316,-6.602385965,-3.94042807,-3.491968421,17.70747368,17.12217544,NA,NA,NA,NA,0.571635088,0.559136842,2.455785965,7.023319298,22.1877193,72.36006646,NA
2/20/2021,-5.130473868,-4.209728223,-3.777637631,-3.561418118,17.74135889,17.11857143,57.8237561,38.10470383,257.261324,283.9170732,0.662648084,0.660839721,1.192745645,3.537515679,20.54634146,72.00967955,NA
2/21/2021,-9.455361111,-8.855090278,-4.024947917,-3.557666667,17.72354167,17.11923611,123.7947569,69.72924653,214.3392361,266.3413194,0.624517361,0.632322917,2.52940625,7.885013889,19.95659722,72.25682035,NA
2/22/2021,-3.293222222,-2.784052083,-3.567020833,-3.673958333,17.76479167,17.11152778,126.5357778,66.15785069,226.1,287.5447917,0.567013889,0.567833333,3.009510417,8.589583333,17.52118056,72.58913198,NA
2/23/2021,-1.454475694,-0.56375,-2.792763889,-3.060840278,17.90576389,17.15826389,115.888191,62.77003472,221.0298611,289.5503472,0.401385417,0.374138889,2.9828125,8.358586806,16.28472222,72.09797115,NA
2/24/2021,-9.338361111,-8.516319444,-3.541006944,-3.442392361,17.86166667,17.13944444,113.1042153,55.09747569,225.6534722,266.4777778,0.598618056,0.590138889,0.803427083,2.567232639,17.75763889,72.52998472,NA
2/25/2021,-10.16783333,-9.342333333,-1.810152778,-2.360336806,18.04409722,17.21802083,102.1452431,75.22061458,221.6402778,257.3579861,0.605788194,0.62203125,1.066552083,3.657291667,24.92465278,72.42138097,NA
2/26/2021,-8.556319444,-7.714149306,-3.102670139,-3.015215278,17.84888889,17.16604167,101.9562743,59.73407986,235.8673611,270.7868056,0.585388889,0.5705,1.943420139,4.794013889,20.67395833,71.65636035,NA
2/27/2021,-10.77747917,-9.896513889,-3.650975694,-3.2855625,17.79871528,17.14440972,84.62871181,57.15832986,236.5534722,263.3201389,0.661246528,0.663774306,1.236864583,3.091451389,20.2125,71.58236615,NA
2/28/2021,-11.32927778,-10.73351042,-4.577916667,-3.947892361,17.70621528,17.09871528,149.1522049,78.86625,182.2354167,250.0097222,0.415010417,0.400666667,1.805104167,5.264333333,19.58472222,72.27726309,NA
3/1/2021,-2.501427083,-2.160444444,-3.906902778,-3.925472222,17.80263889,17.09416667,152.0053715,76.19265278,213.496875,278.3805556,0.405340278,0.380173611,0.84503125,3.339798611,18.30173611,72.96973278,NA
3/2/2021,1.292607639,2.018638889,-2.674461806,-3.1201875,18.04739583,17.14958333,159.1567465,71.54910417,218.7597222,291.8100694,0.2860625,0.251770833,1.613378472,4.570277778,16.71180556,72.70311316,NA
3/3/2021,0.914489583,1.672420139,-1.664888889,-2.138309028,18.29152778,17.24034722,162.7175278,69.76559375,224.1298611,292.19375,0.331184028,0.28653125,0.793892361,2.819666667,15.21736111,72.67028983,NA
3/4/2021,-5.131381944,-4.1178125,-1.714711806,-1.781048611,18.22194444,17.29888889,32.17591667,30.69289931,281.0357639,283.3055556,0.793361111,0.794503472,0.23784375,1.135638889,18.64583333,72.69682962,NA
3/5/2021,-2.887600694,-1.32309375,-1.849871528,-1.704006944,18.18427083,17.29611111,164.2543194,80.24921875,243.1159722,276.9625,0.574618056,0.524840278,0.452350694,1.430107639,20.47673611,73.34419858,NA
3/6/2021,3.013243056,4.015680556,-1.887649306,-1.5999375,18.36277778,17.33152778,156.7347083,70.37725347,230.0024306,297.3267361,0.281708333,0.231565972,1.115315972,3.673270833,17.70173611,72.76037514,NA
3/7/2021,3.056753472,4.127090278,-0.292170139,-0.809465278,18.69086806,17.50173611,150.1277951,64.9156875,237.6930556,302.2510417,0.387336806,0.330069444,0.749565972,2.691722222,16.178125,72.87717562,NA
3/8/2021,1.55884375,2.432079861,-0.321076389,-0.645440972,18.68541667,17.60597222,112.2731146,53.33573958,250.2395833,301.7614583,0.473024306,0.433729167,1.092427083,3.533767361,15.06041667,72.72441142,NA
3/9/2021,3.62703125,4.331628472,0.004482639,-0.543371528,18.94847222,17.68121528,117.3985278,50.60814583,262.3229167,313.215625,0.409548611,0.375732639,1.430392361,4.823798611,14.34375,72.14472986,NA
3/10/2021,-6.185770833,-5.339642361,-0.085777778,-0.477506944,19.17673611,17.77597222,124.6241389,73.17229514,237.7489583,279.7760417,0.673625,0.677354167,1.604142361,4.702565972,19.30208333,71.76465847,NA
3/11/2021,-6.588993056,-6.05753125,-0.138020833,-0.460256944,18.82069444,17.80611111,163.1938681,84.71929861,237.8038194,276.8229167,0.659243056,0.662208333,0.476506944,1.895131944,17.53784722,72.40232403,NA
3/12/2021,-5.141482639,-4.938201389,-0.264465278,-0.473503472,18.69288194,17.80447917,105.9521667,69.79592361,275.7586806,292.9482639,0.828277778,0.871899306,0.526833333,1.893902778,17.53333333,72.74912826,NA
3/13/2021,-5.925104167,-5.214795139,-1.161375,-0.717916667,18.48194444,17.70756944,46.67297917,31.56340278,267.6284722,285.5190972,0.886864583,0.909989583,0.241857639,1.338,20.89791667,72.43699806,NA
3/14/2021,-8.572891697,-7.660631769,-0.797945848,-0.70666426,18.48909747,17.66945848,16.51255596,31.47796029,284.1754513,277.901083,0.897299639,0.9463213,0.050061372,1.114555957,88.51227437,71.87570906,NA
3/15/2021,-5.301543554,-4.676940767,-0.808484321,-0.74633101,18.47006969,17.65519164,138.9044704,102.3041777,267.1721254,283.389547,0.711372822,0.725449477,1.497393728,4.820226481,98.31463415,71.73300909,NA
3/16/2021,-4.430402778,-3.934243056,-0.748416667,-0.789510417,18.47069444,17.63388889,99.12788889,73.05044444,271.5482639,288.9079861,0.798753472,0.818927083,0.354034722,1.805784722,86.77395833,71.95267806,NA
3/17/2021,-5.819944444,-4.900746528,-0.698361111,-0.819201389,18.479375,17.61645833,165.3137535,107.6884896,247.5079861,276.1652778,0.650503472,0.645065972,0.503986111,1.451420139,80.27118056,72.56037712,NA
3/18/2021,-2.360666667,-1.596815972,-0.659559028,-0.82334375,18.48,17.61,205.6102014,110.8541875,225.8489583,286.0097222,0.57175,0.538684028,0.904190972,3.140961806,73.78715278,73.00152986,NA
3/19/2021,2.032010417,3.117173611,-0.569673611,-0.733854167,18.49899306,17.62378472,211.0543819,103.4630729,239.4354167,300.5784722,0.52940625,0.48771875,0.920993056,2.580284722,66.79583333,73.03338962,NA
3/20/2021,4.689954861,5.910652778,-0.404152778,-0.588295139,18.56375,17.66774306,207.9782639,98.15969097,245.6777778,305.3628472,0.353506944,0.286756944,1.154881944,3.683940972,59.33298611,72.42942406,NA
3/21/2021,-3.290253472,-2.865135417,-0.297666667,-0.501673611,18.62913194,17.71979167,111.4889549,68.5993125,274.6774306,296.7888889,0.764836806,0.781833333,0.950916667,3.59503125,60.41006944,72.25549465,NA
3/22/2021,-5.644253472,-5.260354167,-0.254152778,-0.4566875,18.66517361,17.76010417,139.3612292,90.66369444,284.9232639,283.9243056,0.836913194,0.881149306,0.154736111,0.755229167,67.04479167,72.07106941,NA
3/23/2021,-8.407940972,-7.794440972,-0.232857639,-0.433076389,18.68704861,17.78996528,74.68942361,62.98562153,286.3305556,274.0579861,0.852795139,0.882472222,0.200760417,1.05290625,69.81701389,72.00662368,NA
3/24/2021,-8.057888889,-7.424194444,-0.239125,-0.416958333,18.68944444,17.81277778,161.0028507,104.2298264,249.8020833,270.3020833,0.802559028,0.866086806,0.173993056,1.235079861,85.26284722,72.01836233,NA
3/25/2021,-4.712020833,-3.828989583,-0.250125,-0.405125,18.68864583,17.83399306,81.40004167,57.62684375,248.4909722,280.034375,0.607746528,0.579097222,0.8840625,2.574673611,77.56805556,71.52211066,NA
3/26/2021,-5.083322917,-4.480246528,-0.292489583,-0.396881944,18.67524306,17.85086806,105.9532326,73.81346875,273.2125,284.7732639,0.764496528,0.774177083,0.35975,1.26871875,76.00625,71.91568698,NA
3/27/2021,-3.808708333,-3.025854167,-0.310399306,-0.391819444,18.66385417,17.86,229.8508646,138.3856285,231.4850694,285.79375,0.596927083,0.588277778,2.073451389,4.944513889,75.69236111,72.7273067,NA
3/28/2021,1.285524306,1.934697917,-0.302399306,-0.391559028,18.66899306,17.85131944,188.0866597,111.7611458,236.65625,300.1399306,0.4493125,0.426170139,2.172875,5.905232639,69.96041667,72.93951542,NA
3/29/2021,2.005430556,2.682225694,-0.233388889,-0.394743056,18.69388889,17.85,187.2348229,102.6118403,256.0447917,305.7357639,0.467170139,0.434204861,2.206357639,7.130902778,65.54722222,71.88729361,NA
3/30/2021,-8.349288194,-7.50959375,-0.185864583,-0.3943125,18.73024306,17.85722222,213.9157465,126.1486736,210.8166667,269.3090278,0.454902778,0.426038194,1.951725694,4.878982639,64.01423611,72.25085146,NA
3/31/2021,-4.277305556,-3.405260417,-0.194958333,-0.385527778,18.72881944,17.87600694,239.5171389,133.935434,207.5746528,279.0059028,0.370100694,0.336940972,1.610215278,3.779951389,61.71006944,73.18845076,NA
4/1/2021,3.410479167,4.178045139,-0.287354167,-0.379607639,18.68673611,17.88003472,242.3904201,123.5608889,226.9725694,298.0204861,0.244809028,0.198885417,1.262576389,3.774166667,58.99548611,73.18884104,NA
4/2/2021,4.438708333,5.727496528,-0.187736111,-0.376777778,18.7621875,17.88479167,240.5942951,120.8623333,239.7819444,303.9951389,0.301260417,0.242277778,1.329892361,3.147395833,54.04479167,73.04541538,NA
4/3/2021,4.779996528,6.1996875,-0.126753472,-0.355840278,18.93201389,17.95420139,241.0858715,118.5480382,244.2454861,305.3954861,0.385305556,0.325184028,0.831052083,1.813777778,48.56423611,73.37749142,NA
4/4/2021,4.819635417,6.314204861,-0.079121528,-0.316659722,19.32649306,18.14708333,159.0759792,81.31964931,262.3829861,309.1479167,0.470989583,0.409006944,0.760552083,1.822854167,44.52222222,73.14160733,NA
4/5/2021,5.303003472,6.570006944,-0.048100694,-0.291951389,20.33409722,18.37583333,234.3970347,108.7627292,251.371875,309.5715278,0.440604167,0.380145833,0.696569444,1.889524306,39.96736111,72.36733142,NA
4/6/2021,0.009850694,0.883930556,-0.036444444,-0.287138889,21.21149306,18.56413194,133.3653611,64.76738889,258.303125,302.4888889,0.541180556,0.5188125,1.375409722,3.322697917,36.0625,71.96289111,NA
4/7/2021,0.12621875,0.597427083,-0.034020833,-0.285003472,21.35298611,18.72701389,256.0604444,115.6317465,244.0381944,305.33125,0.55396875,0.554659722,2.098201389,5.3425625,34.70104167,72.47985622,NA
4/8/2021,3.46015625,4.224451389,0.038625,-0.282319444,21.55833333,19.19538194,254.1399097,111.2873646,237.0447917,309.2,0.344065972,0.308989583,2.012347222,4.793,31.290625,72.22758802,NA
4/9/2021,-2.267756944,-1.691118056,0.011993056,-0.283381944,21.58826389,19.94979167,215.1541007,123.3323194,250.0666667,297.2364583,0.526152778,0.525743056,1.827885417,3.749302083,31.08125,72.38412878,NA
4/10/2021,3.31590625,3.933618056,1.158253472,-0.282850694,21.46777778,20.09663194,261.8573819,117.0020729,229.8684028,305.4697917,0.284809028,0.253743056,2.467590278,5.714604167,29.27881944,72.26065212,NA
4/11/2021,2.255416667,2.912857639,2.467,-0.230878472,21.58489583,20.47583333,237.9470035,100.7002396,241.740625,308.8875,0.385451389,0.356243056,1.908930556,5.151048611,26.15833333,72.10399458,NA
4/12/2021,-7.538767361,-7.410493056,0.209520833,-0.265395833,21.34517361,20.64940972,125.4630833,61.74016319,259.2208333,291.2881944,0.7923125,0.844256944,0.310670139,1.097513889,24.85902778,72.50955698,NA
4/13/2021,-7.473447917,-7.415114583,-3.54E-04,-0.279458333,21.15965278,20.44826389,85.35955903,51.73561111,277.2680556,288.8329861,0.840680556,0.902534722,0.392534722,1.494697917,25.37638889,72.66297837,NA
4/14/2021,-6.679517361,-6.518086806,-0.022322917,-0.279486111,21.11642361,20.45100694,116.8873785,76.29882292,281.9177083,291.2590278,0.876885417,0.916934028,0.524055556,2.346225694,28.02152778,72.56112622,NA
4/15/2021,-6.810993056,-6.441121528,-0.020565972,-0.279795139,21.16965278,20.48510417,43.54576042,39.64586111,289.484375,288.7413194,0.913017361,0.956572917,0.117180556,0.950892361,33.79340278,72.28781962,NA
4/16/2021,-7.608895833,-7.548222222,-0.030486111,-0.281055556,21.09951389,20.3696875,95.80132639,71.90875347,279.0618056,281.30625,0.837590278,0.895729167,0.087659722,1.178569444,41.99444444,72.63482576,NA
4/17/2021,-6.341253472,-6.535625,-0.032774306,-0.281454861,21.06270833,20.31083333,180.49425,115.5332292,246.4923611,280.8708333,0.71040625,0.72590625,0.212524306,1.565034722,37.92222222,72.88378007,NA
4/18/2021,-1.880756944,-0.82903125,-0.041993056,-0.281809028,20.87899306,20.26263889,189.3974063,107.0945972,234.3256944,290.9743056,0.566451389,0.535565972,0.919923611,2.049152778,34.63472222,72.88636545,NA
4/19/2021,-4.954375,-4.327881944,-0.039454861,-0.28146875,20.79628472,20.34229167,98.98298611,57.77465625,258.4559028,289.1006944,0.71565625,0.734552083,1.056315972,3.623659722,37.88854167,72.43543365,NA
4/20/2021,-9.913510417,-9.933979167,-0.035711806,-0.282545139,20.84885417,20.37197917,269.5125833,170.1776493,245.7027778,271.1121528,0.721548611,0.785673611,0.36334375,1.577552083,46.08194444,72.66307007,NA
4/21/2021,-8.882083333,-8.574104167,-0.039746528,-0.282833333,20.84701389,20.34618056,103.3285833,71.42708333,274.0128472,279.1017361,0.852916667,0.907052083,0.232902778,0.914069444,43.66319444,72.49933031,NA
4/22/2021,-2.037677083,-1.446680556,-0.044131944,-0.281951389,20.83861111,20.31743056,182.5820625,111.7075417,269.8267361,298.3475694,0.736770833,0.746170139,0.803697917,1.906743056,46.71319444,71.94601208,NA
4/23/2021,-2.176954861,-1.217090278,-0.043045139,-0.280892361,20.80729167,20.37861111,123.0080243,78.46579514,253.5145833,290.71875,0.677364583,0.655642361,0.616965278,2.159416667,42.56006944,72.21273691,NA
4/24/2021,1.371899306,2.088534722,-0.050881944,-0.280024306,20.73611111,20.41743056,246.9061667,130.6593472,277.4114583,301.4628472,0.536263889,0.514027778,0.945288194,2.399434028,40.42534722,72.35727094,NA
4/25/2021,8.262163194,8.734222222,-0.039996528,-0.269277778,21.09479167,21.3796875,264.0504722,122.4383646,265.5597222,322.3927083,0.358340278,0.334684028,1.809416667,6.15925,34.81111111,72.01130375,NA
4/26/2021,8.378628472,9.045822917,1.640864583,0.244142361,22.03197917,21.14173611,229.1538576,98.13106944,260.0586806,320.5368056,0.219722222,0.184555556,2.147805556,7.116375,28.5625,71.79675205,NA
4/27/2021,0.824145833,1.584364583,0.774298611,0.077899306,22.37725694,21.07045139,75.9614375,43.18273611,297.5340278,313.2569444,0.754677083,0.745180556,0.310243056,1.118208333,32.64965278,72.2308101,NA
4/28/2021,2.264902778,2.116277778,0.210309028,-0.137517361,22.5746875,21.329375,251.0277361,153.2348785,280.8854167,315.5961806,0.748069444,0.766944444,0.239506944,0.962322917,56.634375,72.90913479,NA
4/29/2021,5.22659375,5.776822917,0.120020833,-0.137197917,22.92559028,21.73739583,295.6175035,157.9423646,251.6927083,309.4243056,0.510454861,0.468725694,0.396145833,1.358045139,41.471875,73.56950368,0
4/30/2021,9.477586806,10.64607292,2.908951389,1.302736111,23.18027778,21.69510417,305.144934,143.5634757,267.7496528,320.8152778,0.404138889,0.3430625,0.601190972,1.779815972,32.62118056,73.53909111,2.286
5/1/2021,10.36184028,11.77437847,4.774274306,3.458947917,22.79631944,21.18659722,138.110566,61.29620833,296.2996528,326.0027778,0.414600694,0.349295139,0.574253472,1.946465278,26.14513889,72.75567361,0
5/2/2021,4.705861111,5.6364375,5.04303125,4.098868056,22.72885417,21.02104167,126.2394618,47.60386806,310.6180556,322.9795139,0.711989583,0.690680556,0.683645833,2.1578125,21.79583333,72.1289624,3.048
5/3/2021,-1.585763889,-1.638916667,2.05534375,2.321413194,23.29270833,21.23913194,64.82988889,63.31086111,313.6135417,308.9010417,0.924902778,0.979763889,0.114475694,0.941954861,30.97465278,72.57931382,6.096
5/4/2021,-0.370368056,0.548059028,1.058111111,1.086038194,23.37190972,21.43465278,180.4357049,110.8250799,285.1847222,304.696875,0.787284722,0.773548611,0.799947917,1.798649306,34.75451389,72.73972219,18.288
5/5/2021,0.781809028,1.684541667,0.742024306,0.681975694,23.47302083,21.61399306,189.0706701,112.5387986,271.4659722,305.9836806,0.699461806,0.680013889,0.873822917,1.792180556,30.49548611,73.16105219,2.54
5/6/2021,5.053069444,6.359923611,2.00821875,1.501604167,23.87326389,21.8834375,328.1375764,155.1325556,248.9451389,310.009375,0.476944444,0.419375,0.93653125,1.779868056,26.61944444,73.43384625,0
5/7/2021,9.267513889,10.39520833,5.823229167,4.002826389,23.3465625,21.3115625,193.8729167,79.44306944,281.6104167,322.3371528,0.403298611,0.345840278,0.662236111,1.878430556,20.19270833,72.91573163,0
5/8/2021,5.0776875,5.920010417,6.357048611,5.140069444,22.94604167,21.00722222,304.8889583,86.88537153,263.4545139,322.1190972,0.542680556,0.516770833,1.4036875,3.280399306,14.1375,72.32551514,0
5/9/2021,-1.054875,-0.318368056,4.295510417,4.043388889,22.68170139,20.82690972,96.18279514,29.67165972,267.5934028,310.3072917,0.691625,0.683086806,0.407600694,1.315503472,10.09340278,72.64531142,0
5/10/2021,-2.727055556,-2.458243056,2.001902778,2.347819444,22.78461806,20.82902778,27.95162153,39.48351042,309.3711806,303.9725694,0.91078125,0.95271875,0.018652778,1.028052083,19.35347222,72.68057142,2.54
5/11/2021,-3.298513889,-3.199496528,1.285215278,1.399006944,23.16753472,20.94090278,82.01257292,75.96707986,307.8847222,297.6319444,0.88903125,0.939305556,0.112086806,0.9155,29.51006944,72.93522635,4.318
5/12/2021,0.158809028,1.30625,0.935947917,0.96321875,23.62118056,21.69104167,283.9599479,162.4890556,272.2017361,298.2753472,0.649739583,0.601583333,0.813215278,2.090295139,27.39097222,73.24383632,12.7
5/13/2021,5.303145833,6.515972222,2.580038194,2.019555556,24.20159722,21.90277778,240.8093125,112.4895347,268.5725694,314.5166667,0.489576389,0.430125,1.11684375,2.402625,13.94756944,73.23107674,0
5/14/2021,6.181746528,7.202684028,5.407017361,4.183142361,23.94486111,21.49597222,157.8562986,48.82897222,300.6635417,327.1545139,0.641833333,0.595364583,0.677635417,1.797847222,7.681944444,73.09078972,3.556
5/15/2021,4.358829861,5.245541667,6.615618056,5.202611111,23.88611111,21.40923611,117.4140104,27.47129167,314.0635417,327.4288194,0.878354167,0.866649306,0.260427083,1.233329861,2.995138889,72.87711222,0.254
5/16/2021,4.203934028,5.137121528,7.176329861,5.73403125,23.94270833,21.33045139,113.8300417,22.3660625,320.2475694,329.9461806,0.903618056,0.873774306,0.244465278,1.322402778,1.768055556,72.87223163,5.842
5/17/2021,4.576104167,5.260861111,7.214659722,6.114121528,24.24881944,21.48732639,133.5675035,23.18805208,328.1961806,337.6024306,0.8729375,0.862579861,0.291347222,0.99975,2.004861111,72.78022361,0.254
5/18/2021,6.355020833,6.750916667,8.895315972,7.386701389,23.70045139,21.21440972,259.6999757,40.65498264,295.3767361,353.2319444,0.709270833,0.687986111,0.300638889,1.31371875,1.817013889,72.67470247,0.254
5/19/2021,6.320736111,7.370534722,8.494708333,7.526854167,23.27854167,20.97690972,142.1526528,19.65785417,284.7590278,345.365625,0.686145833,0.643774306,0.367822917,1.267875,1.785069444,72.62723545,0.254
5/20/2021,10.70135069,11.29234375,9.562763889,7.997010417,23.06434028,20.83256944,267.3475799,35.88138542,290.7479167,369.9597222,0.463225694,0.42175,0.83125,2.8808125,1.791666667,72.40974701,0
5/21/2021,9.524805556,10.50997222,9.151697917,8.096579861,22.77375,20.65572917,180.3400486,22.97793403,297.0013889,363.6434028,0.50878125,0.460086806,0.467253472,1.8394375,1.826736111,72.59222674,0
5/22/2021,6.872135417,7.729225694,10.25045486,8.61128125,23.16322917,20.81690972,227.2465069,30.75728819,299.14375,363.2697917,0.744986111,0.709548611,0.53734375,1.9215,1.887152778,73.06708372,14.732
5/23/2021,5.969211806,6.743232639,9.616520833,8.681506944,25.13326389,22.05753472,205.7237813,27.38306944,293.8555556,354.3184028,0.648642361,0.610461806,0.892072917,3.195697917,2.005555556,72.75292337,2.794
5/24/2021,4.760618056,5.480111111,8.706340278,7.535854167,24.03208333,21.38229167,322.2673681,47.21857292,244.2482639,358.9065972,0.465555556,0.424180556,1.006034722,2.402715278,1.861805556,72.94427986,0
5/25/2021,6.917010417,7.774711806,9.807513889,8.448291667,23.48555556,21.08340278,295.7706736,44.95233333,267.9614583,370.915625,0.465569444,0.426302083,0.857628472,1.852454861,1.579513889,73.14298497,0
5/26/2021,9.466871528,9.925621528,10.41512847,9.321677083,23.066875,20.85163194,264.6101632,40.831625,281.3618056,380.8552083,0.447954861,0.420850694,0.977364583,2.542597222,1.800694444,73.07415243,0
5/27/2021,8.362635417,9.105736111,11.758125,9.972138889,22.73114583,20.64590278,324.8338576,52.21476042,258.6996528,383.7798611,0.396909722,0.364513889,1.255090278,2.405947917,1.854166667,73.1700509,0
5/28/2021,10.77169792,11.76360764,12.37554861,10.39122222,22.435,20.45524306,244.8007882,38.30261111,284.03125,386.8204861,0.346586806,0.302190972,0.942996528,2.157430556,1.840625,73.15022958,0
5/29/2021,7.845739583,8.803576389,10.99287847,9.852652778,22.18826389,20.30572917,100.8880174,15.58332986,305.2677083,362.296875,0.632104167,0.5928125,0.443815972,1.759711806,2.009027778,73.10666757,1.016
5/30/2021,2.29315625,2.973055556,7.239503472,7.560173611,22.97628472,20.51767361,35.99740972,4.309274306,330.7506944,336.4072917,0.985944444,0.972020833,0.102996528,0.8871875,2.346180556,73.28886285,13.462
5/31/2021,4.676895833,4.647298611,8.214291667,7.729447917,24.99027778,21.57666667,234.6957153,33.52933333,310.4729167,364.9256944,0.865420139,0.889090278,0.357444444,1.422538194,2.2875,73.41628965,0
6/1/2021,6.084611111,6.8095625,8.020923611,7.993701389,24.48069444,21.30305556,172.5675278,22.97182986,296.4909722,356.4569444,0.677774306,0.636822917,0.402604167,1.673847222,2.145138889,73.39276455,3.556
6/2/2021,9.139510417,9.527024306,9.992215278,9.114006944,24.43496528,21.27756944,228.4198576,31.49528472,307.1819444,375.1284722,0.631576389,0.602826389,0.335409722,1.387690972,2.109722222,73.25078503,0
6/3/2021,11.80139236,12.39534722,11.33460417,10.27473264,23.74357639,21.01881944,229.9097604,35.33906597,299.5506944,387.2222222,0.593368056,0.551513889,0.291486111,1.510704861,2.017361111,73.27702792,0
6/4/2021,14.63635069,15.19629167,13.39635764,11.89888889,23.14847222,20.76402778,313.1088229,51.93010417,288.7534722,411.5472222,0.455555556,0.411680556,0.409600694,1.586246528,1.851388889,73.25549986,0
6/5/2021,15.41532986,16.61953125,13.30097222,11.92076389,22.61381944,20.54489583,83.93144792,12.33958681,322.5184028,384.075,0.415524306,0.364034722,0.917284722,2.550833333,2.011805556,72.99870767,0
6/6/2021,16.87211806,17.44885417,15.19805556,12.81222222,22.27319444,20.38423611,264.7740729,41.44968403,314.8756944,416.2215278,0.398704861,0.360850694,1.315590278,3.677996528,2.080902778,72.83607076,0
6/7/2021,16.64498611,17.07710417,16.2234375,13.92114583,21.75361111,20.15895833,278.6889861,45.70090625,309.9454861,421.5166667,0.369322917,0.335267361,1.0359375,3.377586806,2.032291667,72.91195708,0
6/8/2021,16.02875694,16.81598611,16.14152778,14.22864583,21.27684028,19.92288194,237.638125,39.67870486,302.1881944,416.1270833,0.363465278,0.319715278,0.52684375,1.79978125,1.973611111,73.03098771,0
6/9/2021,15.80781597,16.3779375,16.73232639,14.5940625,20.85607639,19.73913194,317.5915556,53.11542014,289.75,427.0347222,0.275753472,0.237100694,0.887760417,2.9031875,1.995486111,73.4177984,0
6/10/2021,17.92548611,18.49078472,16.77104167,15.14697917,20.49850694,19.47527778,321.0386493,54.21228819,296.2503472,438.4552083,0.233291667,0.20140625,0.934829861,3.352291667,1.955208333,73.0579674,0
6/11/2021,13.26805208,13.44309375,16.74038194,15.41614583,20.21673611,19.22673611,306.8066979,53.79386806,279.4208333,424.6513889,0.33521875,0.306739583,0.635958333,2.400513889,1.980208333,73.15700299,0
6/12/2021,13.86665972,14.28504861,17.05680556,15.4490625,20.0253125,19.0128125,315.2473611,54.93754861,291.1329861,431.2819444,0.410423611,0.379868056,0.450631944,1.500347222,1.992708333,73.43533424,0
6/13/2021,16.18072917,16.98487847,17.5371875,15.76607639,19.85354167,18.78350694,222.1987396,38.57156597,313.2767361,424.9774306,0.446888889,0.403399306,0.385065972,1.225069444,2.008680556,73.60359986,0
6/14/2021,18.59339583,19.52270486,19.17260417,16.73013889,19.72604167,18.56371528,328.2500833,57.90322917,303.0604167,452.4253472,0.370611111,0.335017361,0.655444444,1.361503472,1.967708333,73.71222663,0
6/15/2021,19.94730903,21.09709375,19.91774306,17.48166667,19.570625,18.30333333,310.8043889,53.72442708,306.9135417,449.9805556,0.223725694,0.188461806,0.872440972,1.901454861,1.879861111,73.78591271,0
6/16/2021,20.35024306,21.32513889,18.97631944,17.32711806,19.42770833,18.10295139,216.9102604,37.97512847,327.7173611,440.8725694,0.250347222,0.21121875,0.519052083,1.510506944,1.917013889,73.77177781,0
6/17/2021,19.778125,20.88368056,19.18229167,17.09315972,19.33142361,17.97663194,228.2864028,38.58448958,326.1569444,437.8319444,0.251458333,0.211649306,0.920010417,1.996597222,1.977430556,73.54970979,0
6/18/2021,16.42618056,17.46069444,16.879375,16.0209375,19.23663194,17.88434028,134.6469271,22.79156944,332.8378472,410.8003472,0.385670139,0.336590278,0.548145833,1.780083333,2.037152778,73.43607854,0.254
6/19/2021,16.13777778,16.79795139,16.21118056,15.11927083,19.20350694,17.83361111,180.2161146,29.28597569,324.0690972,405.6868056,0.455916667,0.420833333,1.172729167,3.675767361,2.119097222,73.11957462,1.27
6/20/2021,14.86175694,15.43720833,17.95017361,15.3559375,19.18697917,17.80913194,206.5776319,33.54288889,320.8965278,411.9878472,0.486010417,0.46090625,1.136559028,3.053486111,2.191666667,72.99285257,0
6/21/2021,10.2810625,9.766041667,16.67024306,16.04961806,19.18798611,17.79041667,304.5972188,54.11703819,319.2618056,417.9215278,0.775833333,0.804017361,0.298506944,1.402770833,2.145833333,73.35664125,1.27
6/22/2021,18.62225,19.39537153,18.79145833,16.74774306,19.1596875,17.75475694,282.7551007,48.48822917,312.2243056,437.7975694,0.276270833,0.241666667,1.254677083,2.741357639,2.042361111,73.09725326,0
6/23/2021,18.20638889,18.99128472,18.51111111,16.94177083,19.09145833,17.70510417,192.4323299,32.15489236,329.2145833,426.1076389,0.258555556,0.220506944,1.08159375,2.828413194,2.038888889,73.19922503,0
6/24/2021,12.91798611,13.71142361,16.4978125,15.81503472,19.08881944,17.66659722,120.7418438,18.07509375,350.5055556,392.0631944,0.633982639,0.583211806,0.592,1.976527778,2.268402778,73.28149316,5.334
6/25/2021,10.22803472,10.89814236,14.3653125,13.89322917,19.20555556,17.65642361,159.0624132,22.91878125,347.8465278,382.8069444,0.781041667,0.744128472,0.526572917,1.795288194,1.454166667,73.08811274,10.668
6/26/2021,8.2289375,8.884670139,13.20319444,13.19451389,20.24493056,17.94027778,105.227184,13.47315625,346.99375,371.9802083,0.846555556,0.8079375,0.189395833,0.836972222,1.747916667,73.3347191,1.778
6/27/2021,8.209875,8.676020833,13.23361111,12.88072917,20.52774306,18.20697917,127.7201528,17.41692708,337.4097222,371.5239583,0.778475694,0.755802083,0.300708333,0.958298611,1.812847222,73.4883326,3.048
6/28/2021,8.0986875,8.563614583,13.08715278,12.81503472,20.82298611,18.39666667,141.6163229,18.87259375,333.4107639,371.9572917,0.812072917,0.789930556,0.165989583,0.85375,1.977430556,73.62207309,1.27
6/29/2021,8.447961806,9.176069444,12.98573958,12.62260417,20.83798611,18.50413194,162.2834653,23.82625347,308.8416667,370.4694444,0.795944444,0.775006944,0.329479167,1.394006944,1.951041667,73.62754747,0
6/30/2021,9.970302083,10.92661806,14.07329861,13.09652778,20.69475694,18.50840278,119.6937153,15.57412847,341.2708333,374.1902778,0.819114583,0.777503472,0.186649306,0.882666667,1.998611111,73.57240455,1.524
7/1/2021,10.21726389,11.01624306,13.51277778,12.99302083,21.33881944,18.80722222,79.12060069,9.386541667,355.1288194,373.4607639,0.908427083,0.866663194,0.132260417,0.856524306,2.078125,73.53564229,14.732
7/2/2021,11.68509375,12.78844444,14.09857639,13.11513889,22.77868056,19.72381944,163.6693785,19.79637153,344.7125,381.6982639,0.81325,0.746684028,0.323166667,1.197173611,1.906944444,73.53018021,7.62
7/3/2021,15.94784028,17.01802431,16.19447917,14.671875,23.38607639,20.29506944,223.0613715,29.20932639,319.4822917,400.053125,0.59553125,0.523642361,0.552649306,1.585534722,1.838888889,73.50068913,0
7/4/2021,13.96329514,14.85495139,15.685,15.08645833,23.12118056,20.14444444,176.6450868,23.53052431,323.0947917,394.0909722,0.707663194,0.650951389,0.228652778,0.944694444,1.884722222,73.52332604,4.318
7/5/2021,12.73005556,13.799125,15.40180556,14.6084375,23.36635417,20.17388889,110.5470868,13.51651042,336.2017361,384.1375,0.779954861,0.72375,0.364527778,1.503493056,2.013194444,73.51986396,3.302
7/6/2021,14.41130903,15.02965278,15.8284375,15.14746528,23.53131944,20.2228125,191.9125,25.13593056,341.3743056,400.3677083,0.733614583,0.693548611,0.222413194,1.149729167,1.998263889,73.66760913,0.508
7/7/2021,14.47076042,15.25698611,16.50104167,15.76038194,22.88975694,20.05027778,252.6843854,35.72409375,315.2371528,400.5739583,0.568909722,0.524645833,0.362625,1.130642361,1.842708333,73.58357705,0
7/8/2021,18.94934028,19.904375,17.12607639,16.11913194,22.06083333,19.76694444,226.1380972,32.84375694,334.8850694,413.8336806,0.381628472,0.329482639,0.875385417,2.270236111,1.376388889,73.4023959,0.508
7/9/2021,20.52256944,21.71729167,18.63565972,17.14701389,21.35618056,19.47934028,234.0649236,36.12958681,327.7090278,422.3506944,0.32490625,0.272732639,0.877496528,2.059239583,1.252083333,73.57374188,0
7/10/2021,15.17978125,15.4321875,18.45038194,17.74659722,20.76805556,19.19878472,230.8576007,39.38880556,316.7295139,417.8003472,0.619125,0.594510417,0.238458333,1.165253472,1.377777778,73.79467819,0
7/11/2021,13.67843056,14.11025347,17.84180556,17.52607639,20.34215278,18.93684028,285.8783472,48.88346181,295.3520833,418.6850694,0.568614583,0.535145833,0.258236111,1.145079861,1.757986111,73.69434757,0
7/12/2021,15.35782639,16.07342361,17.74263889,17.45170139,20.01652778,18.67666667,229.4000938,38.18956597,314.3576389,418.5934028,0.451059028,0.399878472,0.310097222,1.223329861,1.872916667,73.6310767,0
7/13/2021,16.34989583,17.18298611,17.34607639,16.92684028,19.81847222,18.45652778,126.0972292,18.78226736,341.9444444,403.4975694,0.490104167,0.437284722,0.535600694,2.102975694,1.944444444,73.54245309,2.286
7/14/2021,14.8825625,15.64898611,15.62652778,15.36326389,19.71010417,18.31791667,119.9025799,18.06126389,341.9510417,395.7475694,0.556885417,0.511697917,1.072319444,2.927871528,2.042708333,73.42445948,1.27
7/15/2021,14.27914931,15.27465278,16.14829861,15.24784722,19.6484375,18.218125,185.9504097,30.03373264,322.0840278,397.65,0.551017361,0.491486111,0.844107639,2.093315972,2.044097222,73.44205767,2.286
7/16/2021,13.03519792,14.20363542,15.70256944,14.77586806,19.60447917,18.12670139,112.3918646,15.64086111,318.3128472,381.7520833,0.61990625,0.559225694,0.394680556,1.197638889,2.103819444,73.46205083,1.524
7/17/2021,13.41090972,14.40284375,15.60881944,14.565,19.571875,18.07489583,152.6957188,22.19668403,317.4086806,387.1590278,0.626552083,0.575204861,0.330076389,1.03059375,2.103472222,73.70071292,0
7/18/2021,15.92440625,16.69313194,16.99625,15.92805556,19.51611111,18.028125,240.8767465,40.15046528,312.9586806,414.240625,0.5466875,0.4985625,0.327416667,1.230003472,1.940625,73.97052934,0
7/19/2021,15.93028472,16.46193056,17.75625,17.285,19.424375,17.94506944,289.546559,49.34778125,305.2548611,428.603125,0.467881944,0.427649306,0.344395833,1.267503472,1.761111111,74.00806146,0
7/20/2021,15.05248264,15.8585625,18.42600694,17.8578125,19.33645833,17.84902778,207.4251285,34.43891319,334.4135417,419.5170139,0.627041667,0.575604167,0.287440972,1.186229167,1.767361111,73.72917774,1.524
7/21/2021,15.76434028,16.43041667,16.53909722,16.41909722,19.32506944,17.77354167,136.4707917,19.34289931,347.5802083,401.0604167,0.689920139,0.65034375,0.344072917,1.4290625,1.847222222,73.59950118,2.794
7/22/2021,15.38611111,17.02725694,15.88114583,15.13965278,19.41725694,17.77684028,55.06652083,6.826864583,344.1513889,388.0100694,0.676722222,0.592072917,0.272645833,1.427923611,2.005902778,73.64004344,3.556
7/23/2021,15.29541667,16.29041667,15.77791667,14.92208333,19.69072917,17.83510417,75.97965972,9.454097222,357.1861111,392.8295139,0.725399306,0.663701389,0.224864583,1.302027778,1.800347222,73.69756885,4.826
7/24/2021,13.94607292,14.64566667,14.82913194,14.841875,20.03458333,17.90149306,167.8492188,24.60663889,330.0225694,394.6545139,0.660024306,0.604020833,0.302875,0.968347222,1.336805556,73.81373875,0
7/25/2021,15.95788889,16.51123958,16.61302083,16.14777778,19.91659722,17.93597222,236.232941,36.79035069,327.3517361,411.5670139,0.563618056,0.510927083,0.298548611,0.956604167,1.318055556,73.64063243,0.254
7/26/2021,16.61553125,17.34668056,17.64944444,17.27305556,19.71190972,17.924375,263.6072292,44.25635764,310.8072917,422.3072917,0.486246528,0.432736111,0.292552083,1.245579861,1.230208333,73.61511823,0
7/27/2021,16.58603819,17.34014931,18.38166667,18.05805556,19.49371528,17.86125,297.4101944,49.03685417,304.8805556,430.1065972,0.436333333,0.389034722,0.375513889,1.20825,1.235069444,73.70595906,0
7/28/2021,19.77529167,20.36645833,19.66440972,18.8996875,19.32885417,17.7859375,238.3116701,39.51135764,328.6604167,439.5138889,0.416965278,0.375774306,0.527489583,1.657131944,0.926736111,73.71676378,0
7/29/2021,16.90022222,17.37585069,19.88340278,19.31680556,19.19895833,17.72493056,270.1249306,43.61132292,333.2454861,436.9798611,0.591277778,0.562836806,0.364493056,1.233815972,1.078819444,73.80054205,0
7/30/2021,14.56454861,15.4428125,18.08579861,18.18819444,19.14756944,17.65746528,96.13422222,14.04552778,355.128125,400.1229167,0.765604167,0.716552083,0.247375,1.006475694,1.328819444,73.80915635,5.334
7/31/2021,11.07914931,11.80048611,15.38489583,15.48743056,20.28920139,18.40961806,45.94357986,5.423423611,373.2319444,381.6430556,0.964902778,0.919006944,0.068541667,0.555510417,2.063541667,74.02601875,25.4
8/1/2021,11.00030208,11.37891319,14.86670139,15.14934028,22.07270833,19.8125,223.9705243,31.26582639,330.9048611,389.3201389,0.791715278,0.759631944,0.317690972,1.117496528,1.974305556,74.02374014,0
8/2/2021,11.79326042,12.52717361,15.13284722,15.18350694,22.29711806,20.0028125,158.6860556,21.92322569,348.9454861,387.2625,0.836003472,0.793649306,0.231184028,1.084871528,1.653819444,73.81222184,11.176
8/3/2021,11.35954861,12.49684028,14.26149306,14.41684028,24.57600694,21.36444444,56.37533333,6.404805556,366.5416667,380.85,0.924038194,0.84196875,0.135600694,0.999774306,1.671527778,73.65949882,21.336
8/4/2021,12.553625,13.05887153,14.93857639,14.89159722,24.879375,21.48159722,243.1773056,33.53131597,323.6940972,392.84375,0.714798611,0.667763889,0.372944444,1.127545139,1.701388889,73.71991198,0
8/5/2021,14.97431597,16.08503472,15.95680556,15.49322917,23.86534722,21.02697917,248.3445486,35.28263194,304.43125,398.46875,0.522673611,0.463388889,0.56596875,1.379677083,1.406597222,73.6698966,0
8/6/2021,13.77863194,15.19864583,15.59996528,15.06722222,23.55809028,20.89524306,119.6171076,16.43566319,331.1510417,384.5850694,0.608239583,0.527239583,0.704815972,2.332600694,1.623958333,73.33397507,11.684
8/7/2021,10.5345625,11.52384028,14.04854167,13.85524306,25.28569444,21.72597222,184.0024653,26.98614236,318.3520833,374.2913194,0.690090278,0.631572917,0.912868056,1.880659722,1.090625,73.25081212,0.254
8/8/2021,15.78555556,16.81024306,15.56993056,14.82204861,24.21017361,21.21010417,264.6709722,38.29436111,300.1322917,397.9684028,0.445204861,0.387850694,0.928027778,1.95465625,0.985416667,73.26060462,0
8/9/2021,16.57659722,17.93805556,16.05402778,15.50701389,23.29527778,20.82635417,213.2769549,31.98019444,307.8444444,399.4013889,0.356409722,0.286149306,0.692451389,2.381434028,1.65625,73.33086823,0
8/10/2021,16.70875,17.82864583,16.52607639,15.99993056,22.59427083,20.51131944,267.301625,41.90341667,298.8465278,406.5065972,0.320208333,0.260899306,1.120506944,2.898635417,1.779513889,73.46617274,0
8/11/2021,15.55118403,16.80673611,16.81204861,16.63461806,21.94680556,20.20399306,285.5494792,44.80765972,293.2527778,410.6194444,0.331878472,0.269496528,0.868260417,1.727201389,1.404861111,73.47956337,0
8/12/2021,13.93055208,14.68286458,16.88229167,16.98541667,21.38388889,19.90670139,263.0788785,42.62311111,300.2798611,411.0784722,0.513767361,0.457979167,0.370944444,1.604618056,0.976388889,73.69431427,0
8/13/2021,13.75454167,14.38155556,17.69184028,17.49263889,20.95045139,19.6403125,210.1238125,33.62764583,310.8024306,407.6364583,0.733934028,0.706822917,0.232670139,1.135100694,0.565277778,73.85958743,0
8/14/2021,14.85913542,15.89351389,17.19246528,16.97444444,20.62788194,19.40815972,170.8549028,26.16445833,328.7663194,400.5881944,0.584149306,0.529125,0.333854167,1.299225694,0.617013889,73.87202229,1.27
8/15/2021,14.92182292,16.02528819,16.50569444,16.015,20.37409722,19.19173611,107.6398507,16.32576389,327.9958333,392.1784722,0.490225694,0.427302083,0.454256944,1.392958333,0.620138889,73.65977566,0
8/16/2021,12.878125,13.80610069,16.24881944,15.92295139,20.17142361,19.00052083,201.5093229,32.47794444,300.8413194,398.2260417,0.584173611,0.537486111,0.256701389,0.928298611,0.694444444,73.4159984,0
8/17/2021,16.75899306,17.88628472,17.56965278,16.84475694,19.97729167,18.77270833,223.1712222,35.18101389,319.8503472,415.4611111,0.429861111,0.36903125,0.553861111,1.942225694,0.719444444,73.12122198,0
8/18/2021,15.06168056,15.88979167,16.83826389,16.64708333,19.8140625,18.55659722,130.9874826,20.72420833,341.5625,401.5496528,0.552413194,0.502145833,0.491989583,1.896458333,0.759722222,73.0698184,0.254
8/19/2021,11.96748264,12.51929861,15.44104167,15.4915625,19.73048611,18.42013889,129.9055174,20.77490278,333.3048611,388.0177083,0.691916667,0.671045139,0.768211806,2.625597222,1.102430556,72.97969559,0
8/20/2021,8.229722222,8.911527778,14.69927083,14.30909722,19.64791667,18.31614583,177.0075069,27.33809375,284.5225694,367.0489583,0.605986111,0.578263889,1.730215278,5.156211806,1.404513889,72.91364642,1.778
8/21/2021,10.71115625,11.42696875,14.87059028,14.35,19.58395833,18.2384375,213.1876458,33.21227778,296.4315972,384.6548611,0.628305556,0.5971875,0.529847222,1.623399306,1.265972222,73.12217646,0.508
8/22/2021,14.73909028,15.73277778,15.190625,14.94774306,19.54038194,18.15097222,189.7703889,29.89632639,314.1128472,393.5263889,0.493020833,0.432871528,0.925878472,2.573760417,0.913541667,73.06083972,1.778
8/23/2021,13.05198958,14.17051389,15.54305556,15.28131944,19.47204861,18.07225694,217.6799444,35.61973611,297.5239583,397.4059028,0.477135417,0.417013889,0.561395833,1.7316875,1.181597222,73.28121962,0
8/24/2021,14.88301736,15.98406597,16.44965278,15.93902778,19.39371528,17.99131944,222.6844792,36.12700694,296.7246528,404.7878472,0.370333333,0.315364583,0.612743056,1.603045139,0.751388889,73.43434104,0
8/25/2021,14.32092708,15.22901389,17.27895833,16.62458333,19.30402778,17.91413194,260.7296042,42.19507292,292.1708333,410.5645833,0.404548611,0.358336806,0.595118056,1.531,0.616319444,73.67143,0
8/26/2021,11.97442014,12.80452431,15.78767361,15.81840278,19.20854167,17.82881944,164.4269063,26.52441667,315.9510417,387.9083333,0.553815972,0.506440972,0.805989583,2.31521875,0.798958333,73.54804997,3.556
8/27/2021,14.29702431,15.30128819,16.33256944,15.65972222,19.24118056,17.79736111,206.614625,31.87553125,308.8166667,394.4520833,0.538909722,0.472579861,0.676708333,2.067413194,1.129861111,73.23445889,0
8/28/2021,15.06934028,16.41829167,16.94204861,16.2315625,19.19333333,17.78145833,233.1964167,38.26212153,296.3690972,404.7871528,0.415579861,0.360364583,0.720770833,1.71003125,1.417708333,73.30976413,0
8/29/2021,11.32809375,11.66811111,16.67597222,16.64232639,19.11965278,17.74680556,225.9012986,38.14163889,298.8,398.6395833,0.732170139,0.727770833,0.229427083,1.200878472,0.986458333,73.46343014,0
8/30/2021,13.49238194,14.86378819,16.51114583,16.32305556,19.04274306,17.69788194,205.9545972,34.34110417,292.8270833,397.4239583,0.376211806,0.319583333,0.690545139,1.458326389,0.812847222,73.25146924,0
8/31/2021,16.22541667,17.67602431,17.19131944,16.39875,18.97336806,17.65357639,167.2407222,28.15107986,308.4288194,403.5479167,0.301947917,0.243319444,0.463909722,1.757993056,0.853819444,73.06279483,0
9/1/2021,13.37044444,14.2476875,16.04260417,15.96472222,18.91552083,17.61135417,101.2095764,16.11537153,345.2354167,393.8305556,0.570128472,0.513635417,0.21359375,1.084003472,1.177430556,72.93356611,2.032
9/2/2021,12.01449306,12.60930208,15.78930556,15.46982639,19.02079861,17.59083333,127.9714201,18.34653472,356.8854167,387.0625,0.794333333,0.752538194,0.216229167,0.754076389,1.672916667,73.13913892,2.794
9/3/2021,9.869239583,10.71536111,13.86746528,14.04180556,19.04611111,17.58944444,112.6706076,15.93616319,339.9666667,371.696875,0.80290625,0.759440972,0.295565972,1.138569444,1.256597222,73.37168247,0.254
9/4/2021,11.34900694,12.49269444,14.83902778,14.2284375,19.04274306,17.60569444,203.9259375,31.17329167,284.4822917,379.7788194,0.531930556,0.482065972,0.816572917,1.669576389,1.597569444,73.50315861,0
9/5/2021,12.04288542,13.25115278,14.94239583,14.69482639,18.98232639,17.59631944,226.6356528,35.74040972,277.6927083,386.3270833,0.327118056,0.277965278,0.752413194,1.559715278,1.65,73.61453684,0
9/6/2021,15.01167708,16.13695833,15.96395833,15.54892361,18.93378472,17.57607639,217.8252847,34.73025347,290.6288194,397.3559028,0.25828125,0.211326389,1.019125,2.238836806,1.2875,73.58773781,0
9/7/2021,16.26891319,16.97715972,16.34819444,16.15173611,18.86677083,17.54767361,199.9075694,33.216625,294.4729167,405.4930556,0.278767361,0.237350694,0.480027778,1.81771875,0.990625,73.71603253,0
9/8/2021,12.38906597,13.304,15.68930556,15.87788194,18.80388889,17.51010417,196.441434,32.61982292,288.4121528,393.2243056,0.430059028,0.381541667,0.253538194,1.195930556,0.921180556,73.74517569,0
9/9/2021,16.47344444,17.82660069,16.70649306,16.26163194,18.77583333,17.48493056,210.4004375,34.10363889,292.2309028,405.85,0.239364583,0.197690972,0.731409722,1.753361111,1.151388889,73.69611573,0
9/10/2021,15.20351042,16.53172569,16.97954861,16.47378472,18.73541667,17.45850694,195.8045938,31.05236458,301.5854167,402.9909722,0.32534375,0.280940972,0.5221875,1.298572917,1.439930556,73.68398083,0
9/11/2021,16.47697917,17.43725694,16.77451389,16.38663194,18.69336806,17.43392361,130.5990903,20.2523125,323.6302083,401.4190972,0.360930556,0.318517361,0.802020833,2.41765625,1.427777778,73.61607319,0
9/12/2021,11.67394444,12.81113889,14.42291667,14.85805556,18.67763889,17.39677083,100.189559,12.72836458,325.7503472,374.4822917,0.64884375,0.602722222,0.526833333,2.030204861,1.428819444,73.57642663,2.032
9/13/2021,11.54071528,12.43014236,14.65225694,14.11256944,18.70086806,17.39270833,188.4603542,28.63180556,311.9739583,382.240625,0.623795139,0.580899306,1.229791667,2.748694444,1.401388889,73.29108795,1.524
9/14/2021,10.98054514,12.11849653,15.30760417,14.8878125,18.76267361,17.40135417,178.8238889,25.67334028,307.7517361,377.6041667,0.632506944,0.578600694,0.612434028,1.499951389,1.460416667,73.29069517,1.27
9/15/2021,14.26010069,15.23719444,15.22173611,14.67739583,18.75496528,17.41701389,207.3812604,30.55945486,286.278125,387.6628472,0.340625,0.297357639,1.190291667,2.973288194,1.554513889,73.11282965,0
9/16/2021,12.18332986,13.40485764,15.38354167,14.85548611,18.72166667,17.41489583,171.7679931,25.70544097,290.815625,381.7475694,0.357395833,0.310694444,0.679024306,1.906885417,1.610416667,73.02891726,0
9/17/2021,8.943614583,9.921961806,14.05951389,14.09506944,18.6615625,17.39194444,148.5743021,21.66732292,283.1010417,369.15,0.534534722,0.5044375,0.262486111,1.082850694,1.014583333,73.51615451,0
9/18/2021,13.93428472,15.07215625,14.96454861,14.13815972,18.64746528,17.38211806,201.0185347,28.58100347,295.5065972,389.1777778,0.317430556,0.267538194,0.924069444,2.658552083,0.775347222,73.46798302,0
9/19/2021,13.28863542,13.86625,15.66815972,15.18069444,18.63024306,17.376875,176.3295278,25.69746875,297.1125,388.9489583,0.456100694,0.424052083,1.314076389,3.869284722,0.784027778,72.83723517,0
9/20/2021,3.465597222,4.196743056,12.305,12.82340278,18.98208333,17.33829861,211.7986458,27.38497569,275.4121528,341.8208333,0.6204375,0.597534722,1.742270833,4.709822917,1.548611111,73.09104306,6.858
9/21/2021,2.468027778,3.217652778,10.23258681,11.12284722,19.03288194,17.36597222,204.4275,28.27099653,278.29375,337.6645833,0.614184028,0.574114583,0.320993056,1.127996528,1.239236111,73.90427878,1.016
9/22/2021,9.995364583,11.17994097,11.50347569,11.56177083,19.04211806,17.41684028,197.7189201,27.77079514,265.4885417,360.9357639,0.314760417,0.265923611,0.885493056,2.303798611,1.496180556,73.70630906,0
9/23/2021,11.70723611,12.70608333,12.35857639,12.27229167,19.01611111,17.45538194,131.2058229,20.02584028,291.1784722,370.5458333,0.309083333,0.262899306,0.597961806,2.007965278,1.611111111,73.3672501,0
9/24/2021,9.081357639,10.23364931,12.52565972,12.5796875,18.96256944,17.47319444,180.0912535,26.70852431,273.8180556,366.3729167,0.490788194,0.446715278,0.394579861,1.217909722,1.485069444,73.49172615,0
9/25/2021,11.62385417,12.64088889,13.04829861,12.89930556,18.91416667,17.47583333,184.0227257,26.54094444,277.2927083,373.0076389,0.353159722,0.317788194,1.001034722,2.357496528,1.527430556,73.39013292,0
9/26/2021,15.15852083,16.16953819,14.72392361,14.14173611,18.87722222,17.47607639,182.9965764,26.66661806,291.1659722,391.8493056,0.276690972,0.238857639,1.044840278,3.045055556,1.483333333,73.21605795,0
9/27/2021,11.41052778,12.63273264,13.88527778,13.98024306,18.78513889,17.44583333,169.6587222,25.08966319,285.4013889,377.3975694,0.398517361,0.350034722,0.288961806,1.154930556,1.156597222,73.21420458,0
9/28/2021,9.857336806,10.92921875,13.15041667,13.06114583,18.91097222,17.42010417,92.15790625,12.28642361,317.2840278,366.0201389,0.605579861,0.560760417,0.693399306,2.344954861,1.119097222,72.6791183,9.652
9/29/2021,6.725628472,7.282600694,10.49979167,10.83940972,19.28826389,17.44760417,47.03914583,6.254732639,335.2663194,354.9038194,0.813184028,0.797989583,0.383163194,1.744545139,1.083680556,72.80469462,1.016
9/30/2021,2.500944444,2.846392361,8.863527778,9.737291667,19.33760417,17.47538194,38.80170139,5.091982639,333.5027778,342.3291667,0.991559028,1.001065972,0.094763889,0.877211806,1.192708333,73.41337333,1.016
