Date,P_in
10/6/2009,0
10/7/2009,0
10/14/2009,0.3
10/15/2009,0.37
10/16/2009,0
10/17/2009,0
10/18/2009,0
10/19/2009,0.08
10/20/2009,0.15
10/21/2009,0.1
10/22/2009,0
10/23/2009,0.1
10/24/2009,0.45
10/25/2009,0.32
10/26/2009,0
10/27/2009,0.65
10/28/2009,0.71
10/29/2009,0.07
10/30/2009,0.15
10/31/2009,0.01
11/1/2009,0
11/2/2009,0
11/3/2009,0
11/4/2009,0
11/5/2009,0
11/6/2009,0
11/7/2009,0
11/8/2009,0.01
11/9/2009,0
11/10/2009,0
11/11/2009,0
11/12/2009,0.01
11/13/2009,0.3
11/14/2009,0.42
11/15/2009,0.2
11/16/2009,0
11/17/2009,0
11/18/2009,0
11/19/2009,0
11/20/2009,0
11/21/2009,0.1
11/22/2009,0.08
11/23/2009,0.44
11/24/2009,0
11/25/2009,0
11/26/2009,0
11/27/2009,0
11/28/2009,0
11/29/2009,0
11/30/2009,0
12/1/2009,0.01
12/2/2009,0.07
12/3/2009,0
12/4/2009,0
12/5/2009,0.09
12/6/2009,0.39
12/7/2009,0.39
12/8/2009,0.62
12/9/2009,0.3
12/10/2009,0.05
12/11/2009,0
12/12/2009,0.22
12/13/2009,0.94
12/14/2009,0.19
12/15/2009,0.02
12/16/2009,0.01
12/17/2009,0.2
12/18/2009,0.03
12/19/2009,0
12/20/2009,0
12/21/2009,0
12/22/2009,0.08
12/23/2009,0.62
12/24/2009,0.08
12/25/2009,0.3
12/26/2009,0.01
12/27/2009,0
12/28/2009,0
12/29/2009,0.07
12/30/2009,0.16
12/31/2009,0.04
1/1/2010,0.08
1/2/2010,0.24
1/3/2010,0.02
1/4/2010,0
1/5/2010,0.38
1/6/2010,0.38
1/7/2010,0
1/8/2010,0
1/9/2010,0
1/10/2010,0
1/11/2010,0
1/12/2010,0
1/13/2010,0
1/14/2010,0
1/15/2010,0
1/16/2010,0
1/17/2010,0
1/18/2010,0
1/19/2010,0.06
1/20/2010,0.05
1/21/2010,0
1/22/2010,0.14
1/23/2010,0.19
1/24/2010,0.42
1/25/2010,0
1/26/2010,0.12
1/27/2010,0.24
1/28/2010,0.05
1/29/2010,0
1/30/2010,0
1/31/2010,0.01
2/1/2010,0.09
2/2/2010,0
2/3/2010,0.02
2/4/2010,0.19
2/5/2010,0.05
2/6/2010,0.04
2/7/2010,0.04
2/8/2010,0.01
2/9/2010,0
2/10/2010,0.02
2/11/2010,0.08
2/12/2010,0.39
2/13/2010,0.48
2/14/2010,0.09
2/15/2010,0
2/16/2010,0.01
2/17/2010,0.02
2/18/2010,0.29
2/19/2010,0.14
2/20/2010,0.52
2/21/2010,0.43
2/22/2010,0.06
2/23/2010,0
2/24/2010,0.02
2/25/2010,0.03
2/26/2010,0.02
2/27/2010,0
2/28/2010,0.27
3/1/2010,0
3/2/2010,0
3/3/2010,0
3/4/2010,0
3/5/2010,0.63
3/6/2010,0.16
3/7/2010,0.08
3/8/2010,0
3/9/2010,0.06
3/10/2010,0.02
3/11/2010,0.04
3/12/2010,0.02
3/13/2010,0
3/14/2010,0.34
3/15/2010,0
3/16/2010,0
3/17/2010,0
3/18/2010,0.05
3/19/2010,1.06
3/20/2010,0
3/21/2010,0
3/22/2010,0
3/23/2010,1.07
3/24/2010,0.08
3/25/2010,0
3/26/2010,0.11
3/27/2010,0.02
3/28/2010,0
3/29/2010,0
3/30/2010,0
3/31/2010,0
4/1/2010,0.47
4/2/2010,0.09
4/3/2010,0.95
4/4/2010,0.46
4/5/2010,0.65
4/6/2010,0.9
4/7/2010,0.12
4/8/2010,0
4/9/2010,0
4/10/2010,0
4/11/2010,0
4/12/2010,0.01
4/13/2010,0.28
4/14/2010,0
4/15/2010,0
4/16/2010,0
4/17/2010,0.13
4/18/2010,0
4/19/2010,0
4/20/2010,0.01
4/21/2010,0.6
4/22/2010,0.78
4/23/2010,0.75
4/24/2010,0.02
4/25/2010,0.47
4/26/2010,0.02
4/27/2010,0
4/28/2010,1.12
4/29/2010,1.25
4/30/2010,0.54
5/1/2010,0.24
5/2/2010,0.19
5/3/2010,0.11
5/4/2010,0.01
5/5/2010,0
5/6/2010,0.48
5/7/2010,0.13
5/8/2010,0
5/9/2010,0
5/10/2010,0.33
5/11/2010,1.1
5/12/2010,0.81
5/13/2010,0.31
5/14/2010,0.49
5/15/2010,0.2
5/16/2010,0
5/17/2010,0
5/18/2010,0.27
5/19/2010,0.28
5/20/2010,0.01
5/21/2010,0
5/22/2010,0
5/23/2010,0
5/24/2010,0.07
5/25/2010,0
5/26/2010,0
5/27/2010,0
5/28/2010,0
5/29/2010,0
5/30/2010,0
5/31/2010,0
6/1/2010,0
6/2/2010,0
6/3/2010,0
6/4/2010,0
6/5/2010,0
6/6/2010,0
6/7/2010,0.08
6/8/2010,0.14
6/9/2010,0
6/10/2010,0.04
6/11/2010,0.93
6/12/2010,0.6
6/13/2010,0.46
6/14/2010,0
6/15/2010,0
6/16/2010,0
6/17/2010,0
6/18/2010,0
6/19/2010,0
6/20/2010,0
6/21/2010,0
6/22/2010,0
6/23/2010,0
6/24/2010,0
6/25/2010,0
6/26/2010,0.07
6/27/2010,0.01
6/28/2010,0
6/29/2010,0
6/30/2010,0.07
7/1/2010,0.3
7/2/2010,0
7/3/2010,0
7/4/2010,0
7/5/2010,0
7/6/2010,0.01
7/7/2010,0.9
7/8/2010,0.17
7/9/2010,0.01
7/10/2010,0.11
7/11/2010,0.05
7/12/2010,0
7/13/2010,0.02
7/14/2010,0.01
7/15/2010,0
7/16/2010,0
7/17/2010,0
7/18/2010,0
7/19/2010,0.43
7/20/2010,0.04
7/21/2010,0.25
7/22/2010,0.19
7/23/2010,0
7/24/2010,0
7/25/2010,0
7/26/2010,0
7/27/2010,0.13
7/28/2010,0.52
7/29/2010,0.21
7/30/2010,0.83
7/31/2010,0
8/1/2010,0.73
8/2/2010,0.37
8/3/2010,0.79
8/4/2010,0.09
8/5/2010,0
8/6/2010,0.04
8/7/2010,0.07
8/8/2010,0.04
8/9/2010,0.24
8/10/2010,0
8/11/2010,0.3
8/12/2010,0.01
8/13/2010,0
8/14/2010,0
8/15/2010,0
8/16/2010,0
8/17/2010,0
8/18/2010,0.03
8/19/2010,0.31
8/20/2010,0
8/21/2010,0
8/22/2010,0
8/23/2010,0.02
8/24/2010,0
8/25/2010,0
8/26/2010,0
8/27/2010,0
8/28/2010,0.22
8/29/2010,0
8/30/2010,0.01
8/31/2010,0
9/1/2010,0
9/2/2010,0
9/3/2010,0
9/4/2010,0
9/5/2010,0
9/6/2010,0
9/7/2010,0
9/8/2010,0.44
9/9/2010,0
9/10/2010,0
9/11/2010,0
9/12/2010,0
9/13/2010,0
9/14/2010,0
9/15/2010,0
9/16/2010,0
9/17/2010,0
9/18/2010,0
9/19/2010,0
9/20/2010,0.04
9/21/2010,0
9/22/2010,0.36
9/23/2010,0.25
9/24/2010,0
9/25/2010,0
9/26/2010,0
9/27/2010,0
9/28/2010,0
9/29/2010,0
9/30/2010,0
10/1/2010,0
10/2/2010,0
10/3/2010,0
10/4/2010,0
10/5/2010,0.04
10/6/2010,0.15
10/7/2010,0.1
10/8/2010,0.31
10/9/2010,0.07
10/10/2010,0.07
10/11/2010,0
10/12/2010,0.52
10/13/2010,0
10/14/2010,0
10/15/2010,0
10/16/2010,0
10/17/2010,0
10/18/2010,0.56
10/19/2010,0
10/20/2010,0
10/21/2010,0.02
10/22/2010,0.81
10/23/2010,0.17
10/24/2010,0.38
10/25/2010,0.85
10/26/2010,
10/27/2010,
10/28/2010,0
10/29/2010,0
10/30/2010,0.17
10/31/2010,0.07
11/1/2010,0.21
11/2/2010,0
11/3/2010,0
11/4/2010,0
11/5/2010,0
11/6/2010,0
11/7/2010,0.14
11/8/2010,0
11/9/2010,0.23
11/10/2010,0.06
11/11/2010,0.05
11/12/2010,0
11/13/2010,0.36
11/14/2010,0.29
11/15/2010,0.27
11/16/2010,1.11
11/17/2010,0.04
11/18/2010,0
11/19/2010,0
11/20/2010,0
11/21/2010,0.81
11/22/2010,0.38
11/23/2010,0.02
11/24/2010,0.58
11/25/2010,0.04
11/26/2010,0
11/27/2010,0
11/28/2010,0.07
11/29/2010,0.03
11/30/2010,0.08
12/1/2010,0.31
12/2/2010,0.02
12/3/2010,0.03
12/7/2010,0
12/8/2010,0
12/9/2010,0.03
12/10/2010,0.54
12/13/2010,0
12/14/2010,0
12/15/2010,0.71
12/16/2010,0
12/17/2010,0.07
12/18/2010,0.62
12/19/2010,1.05
12/20/2010,0.12
12/24/2010,0
12/25/2010,0
12/26/2010,0.01
12/27/2010,0.01
12/28/2010,0
12/29/2010,0.16
12/30/2010,0.11
12/31/2010,0.08
1/2/2011,0.06
1/3/2011,0.13
1/4/2011,0.02
1/5/2011,0.09
1/6/2011,0.01
1/7/2011,0
1/8/2011,0.12
1/9/2011,0.25
1/10/2011,0.05
1/11/2011,0.1
1/12/2011,0.07
1/13/2011,0.08
1/14/2011,0.01
1/15/2011,0.05
1/16/2011,0.56
1/17/2011,1.34
1/18/2011,0.29
1/19/2011,0.74
1/20/2011,0.22
1/21/2011,0.32
1/22/2011,0.76
1/23/2011,0.02
1/24/2011,0.02
1/26/2011,0
1/27/2011,0
1/28/2011,0
1/29/2011,0
1/30/2011,0
1/31/2011,0.14
2/1/2011,0.04
2/2/2011,0
2/3/2011,0.09
2/4/2011,0.06
2/5/2011,0.6
2/6/2011,0.2
2/7/2011,0.49
2/9/2011,0.03
2/10/2011,0.04
2/11/2011,0.01
2/15/2011,0
2/16/2011,0
2/17/2011,0.81
2/18/2011,0.07
2/19/2011,0.17
2/20/2011,0.39
2/21/2011,0.12
2/22/2011,0.05
2/23/2011,0.06
2/24/2011,0.55
2/25/2011,1.13
2/26/2011,0.46
3/1/2011,0
3/2/2011,0.05
3/3/2011,0.53
3/4/2011,0.01
3/5/2011,0.07
3/6/2011,0.51
3/7/2011,0.11
3/8/2011,0.21
3/9/2011,0.5
3/10/2011,0.11
3/11/2011,0
3/12/2011,0.13
3/13/2011,0.39
3/14/2011,0.13
3/15/2011,0.02
3/16/2011,0.01
3/17/2011,1.14
3/18/2011,0.17
3/19/2011,0
3/20/2011,0
3/21/2011,0.14
3/22/2011,0.68
3/23/2011,0.14
3/24/2011,0.13
3/25/2011,0.33
3/26/2011,0.09
3/27/2011,0.5
3/28/2011,0.68
3/29/2011,0.09
3/30/2011,0.99
3/31/2011,1.14
4/1/2011,0.01
4/2/2011,0
4/3/2011,0.63
4/4/2011,0.44
4/5/2011,0.01
4/6/2011,0.43
4/7/2011,0
4/8/2011,0
4/9/2011,0.61
4/10/2011,0.65
4/11/2011,0.07
4/12/2011,0.04
4/13/2011,0.68
4/14/2011,3.31
4/15/2011,2.05
4/16/2011,2.72
4/17/2011,0.46
4/18/2011,0.03
4/19/2011,1.03
4/20/2011,0.55
4/21/2011,1.62
4/22/2011,2.15
4/23/2011,0
4/24/2011,0
4/25/2011,0
4/26/2011,0.73
4/27/2011,2.13
4/28/2011,0.31
4/29/2011,0.74
4/30/2011,0.25
5/1/2011,0
5/3/2011,0
5/4/2011,1.24
5/5/2011,0.03
5/6/2011,0
5/7/2011,0
5/8/2011,0
5/9/2011,0.07
5/10/2011,0.03
5/11/2011,1.69
5/12/2011,0.18
5/13/2011,0.11
5/14/2011,0.09
5/15/2011,0
5/16/2011,0
5/17/2011,0.01
5/18/2011,0.68
5/19/2011,1.02
5/20/2011,1.51
5/21/2011,1.51
5/22/2011,0.68
5/23/2011,0.24
5/24/2011,0.39
5/25/2011,0.08
5/26/2011,0.18
5/27/2011,0.9
5/28/2011,0.19
5/29/2011,0
5/30/2011,0.11
5/31/2011,0
6/1/2011,0
6/2/2011,0
6/3/2011,0
6/4/2011,0
6/5/2011,0
6/6/2011,0
6/7/2011,0
6/8/2011,0
6/9/2011,0.01
6/10/2011,0
6/11/2011,0
6/12/2011,0
6/13/2011,0
6/14/2011,0.04
6/15/2011,0
6/16/2011,0
6/17/2011,0.7
6/18/2011,0.11
6/19/2011,0.12
6/20/2011,0.76
6/21/2011,0.04
6/22/2011,0
6/23/2011,0.01
6/24/2011,0
6/25/2011,0
6/26/2011,0
6/27/2011,0
6/28/2011,0
6/29/2011,0.09
6/30/2011,0.77
7/1/2011,0.05
7/2/2011,0
7/3/2011,0
7/4/2011,0
7/5/2011,0.08
7/6/2011,0.15
7/7/2011,0.04
7/8/2011,0.22
7/9/2011,0.12
7/10/2011,0.2
7/11/2011,0
7/12/2011,0.6
7/13/2011,0
7/14/2011,0
7/15/2011,0
7/16/2011,0.12
7/17/2011,0.24
7/18/2011,0.54
7/19/2011,0.02
7/20/2011,0
7/21/2011,0
7/22/2011,0
7/23/2011,0
7/24/2011,0
7/25/2011,0
7/26/2011,0
7/27/2011,0
7/28/2011,0.09
7/29/2011,0
7/30/2011,0
7/31/2011,0.23
8/1/2011,0.09
8/2/2011,0.06
8/3/2011,0
8/4/2011,0.03
8/5/2011,0
8/6/2011,0
8/7/2011,0
8/8/2011,0
8/9/2011,0
8/10/2011,0
8/11/2011,0
8/12/2011,0
8/13/2011,0
8/14/2011,0.04
8/15/2011,0
8/16/2011,0.04
8/17/2011,0
8/18/2011,0
8/19/2011,0.05
8/20/2011,0
8/21/2011,0.06
8/22/2011,0.03
8/23/2011,0
8/24/2011,0
8/25/2011,0.16
8/26/2011,0.08
8/27/2011,0.1
8/28/2011,0.12
8/29/2011,0.11
8/30/2011,0.03
8/31/2011,0.22
9/1/2011,0
9/2/2011,0.04
9/3/2011,0.01
9/4/2011,0
9/5/2011,0
9/6/2011,0.67
9/7/2011,0.79
9/8/2011,0
9/9/2011,0
9/10/2011,0
9/11/2011,0
9/12/2011,0
9/13/2011,0.01
9/14/2011,0.22
9/15/2011,0.69
9/16/2011,0
9/17/2011,0.5
9/18/2011,0
9/19/2011,0
9/20/2011,0
9/21/2011,0.06
9/22/2011,0
9/23/2011,0
9/24/2011,0
9/25/2011,0
9/26/2011,0
9/27/2011,0
9/28/2011,0
9/29/2011,0
9/30/2011,0
10/1/2011,0.04
10/2/2011,0
10/3/2011,0.08
10/4/2011,0.08
10/5/2011,0.04
10/6/2011,0.26
10/7/2011,0
10/8/2011,0.48
10/9/2011,0
10/10/2011,0
10/11/2011,0.54
10/12/2011,0.04
10/13/2011,0
10/14/2011,0
10/15/2011,0
10/16/2011,0.01
10/17/2011,0.48
10/18/2011,0
10/19/2011,0
10/20/2011,0
10/21/2011,0
10/22/2011,0.04
10/23/2011,0
10/24/2011,0
10/25/2011,0.4
10/26/2011,0.55
10/27/2011,0
10/28/2011,0
10/29/2011,0
10/30/2011,0
10/31/2011,0
11/1/2011,0.8
11/2/2011,0.27
11/3/2011,0
11/4/2011,0
11/5/2011,0.16
11/6/2011,0.16
11/7/2011,0.08
11/8/2011,0
11/9/2011,0
11/10/2011,0
11/11/2011,0
11/12/2011,0.62
11/13/2011,1.01
11/14/2011,0.14
11/15/2011,0.1
11/16/2011,0.03
11/17/2011,0
11/18/2011,0
11/19/2011,0.8
11/20/2011,0.17
11/21/2011,0.2
11/22/2011,0.08
11/23/2011,0
11/24/2011,0
11/25/2011,0.3
11/26/2011,0.12
11/27/2011,0
11/28/2011,0
11/29/2011,0
11/30/2011,0.08
12/1/2011,0.6
12/2/2011,0.1
12/3/2011,0.32
12/4/2011,0.09
12/5/2011,0.01
12/6/2011,0
12/7/2011,0
12/8/2011,0.07
12/9/2011,0
12/10/2011,0
12/11/2011,0
12/12/2011,0
12/13/2011,0
12/14/2011,0
12/15/2011,0
12/16/2011,0
12/17/2011,0
12/18/2011,0
12/19/2011,0.04
12/20/2011,0
12/21/2011,0.39
12/22/2011,0.54
12/23/2011,0
12/24/2011,0
12/25/2011,0
12/26/2011,0
12/27/2011,0
12/28/2011,0.02
12/29/2011,0.41
12/30/2011,0
12/31/2011,0.17
1/1/2012,0
1/2/2012,0
1/3/2012,0
1/4/2012,0
1/5/2012,0
1/6/2012,0
1/7/2012,0.65
1/8/2012,0
1/9/2012,0
1/10/2012,0
1/11/2012,0.26
1/12/2012,0
1/13/2012,0
1/14/2012,0
1/15/2012,0
1/16/2012,0.46
1/17/2012,0.03
1/18/2012,0.2
1/19/2012,0.78
1/20/2012,0.57
1/21/2012,0.4
1/22/2012,0.26
1/23/2012,0
1/24/2012,0.09
1/25/2012,0
1/26/2012,0.26
1/27/2012,0.2
1/28/2012,0
1/29/2012,0
1/30/2012,0
1/31/2012,0
2/1/2012,0
2/2/2012,0.47
2/3/2012,0.67
2/4/2012,0.06
2/5/2012,0
2/6/2012,0.09
2/7/2012,0.03
2/8/2012,0.04
2/9/2012,0.09
2/10/2012,0.52
2/11/2012,0.26
2/12/2012,0.17
2/13/2012,0.28
2/14/2012,0.27
2/15/2012,0
2/16/2012,0.05
2/17/2012,0.05
2/18/2012,0
2/19/2012,0.22
2/20/2012,0.13
2/21/2012,0.67
2/22/2012,1.43
2/23/2012,0.73
2/24/2012,0.15
2/25/2012,0
2/26/2012,0.05
2/27/2012,0
2/28/2012,0.5
2/29/2012,0.1
3/1/2012,0.46
3/2/2012,0.08
3/3/2012,0.3
3/4/2012,0.08
3/5/2012,0
3/6/2012,0
3/7/2012,0
3/8/2012,0
3/9/2012,0
3/10/2012,0
3/11/2012,0
3/12/2012,0
3/13/2012,0
3/14/2012,0
3/15/2012,0
3/16/2012,0
3/17/2012,0
3/18/2012,0.4
3/19/2012,0.05
3/20/2012,0
3/21/2012,0
3/22/2012,0
3/23/2012,0
3/24/2012,0
3/25/2012,0
3/26/2012,0
3/27/2012,0
3/28/2012,0
3/29/2012,0
3/30/2012,0
3/31/2012,0
4/1/2012,0
4/2/2012,0.32
4/3/2012,0.49
4/4/2012,0
4/5/2012,0
4/6/2012,0
4/7/2012,0
4/8/2012,0
4/9/2012,0
4/10/2012,0
4/11/2012,0.23
4/12/2012,0
4/13/2012,0.12
4/14/2012,0.46
4/15/2012,0.46
4/16/2012,0.15
4/17/2012,0
4/18/2012,0.09
4/19/2012,0.32
4/20/2012,0.06
4/21/2012,0
4/22/2012,0
4/23/2012,0
4/24/2012,0
4/25/2012,0.02
4/26/2012,0.33
4/27/2012,0.14
4/28/2012,0.11
4/29/2012,0
4/30/2012,0
5/1/2012,0.03
5/2/2012,0.32
5/3/2012,0
5/4/2012,0
5/5/2012,0
5/6/2012,0.33
5/7/2012,0.34
5/8/2012,0
5/9/2012,0
5/10/2012,0
5/11/2012,0.21
5/12/2012,0.05
5/13/2012,0.09
5/14/2012,0
5/15/2012,0
5/16/2012,0
5/17/2012,0
5/18/2012,0.03
5/19/2012,0.51
5/20/2012,0.01
5/21/2012,0
5/22/2012,0
5/23/2012,0.68
5/24/2012,0.36
5/25/2012,0.04
5/26/2012,0
5/27/2012,0
5/28/2012,0
5/29/2012,0
5/30/2012,0
5/31/2012,0
6/1/2012,0
6/2/2012,0.35
6/3/2012,0
6/4/2012,0
6/5/2012,0
6/6/2012,0
6/7/2012,0
6/8/2012,0
6/9/2012,0
6/10/2012,0
6/11/2012,0
6/12/2012,0
6/13/2012,0
6/14/2012,0.01
6/15/2012,0
6/16/2012,0.01
6/17/2012,0
6/18/2012,0
6/19/2012,0
6/20/2012,0
6/21/2012,0
6/22/2012,0
6/23/2012,0
6/24/2012,0
6/25/2012,0
6/26/2012,0
6/27/2012,0.08
6/28/2012,0.2
6/29/2012,0
6/30/2012,0.05
7/1/2012,0
7/2/2012,0
7/3/2012,0
7/4/2012,0
7/5/2012,0.37
7/6/2012,0.65
7/7/2012,0.34
7/8/2012,0.14
7/9/2012,0
7/10/2012,0.01
7/11/2012,0.11
7/12/2012,0
7/13/2012,0
7/14/2012,0.02
7/15/2012,0
7/16/2012,0.14
7/17/2012,0
7/18/2012,0
7/19/2012,0
7/20/2012,0
7/21/2012,0
7/22/2012,0.13
7/23/2012,0.05
7/24/2012,0.71
7/25/2012,0.35
7/26/2012,0
7/27/2012,0.26
7/28/2012,0.14
7/29/2012,0.12
7/30/2012,0.16
7/31/2012,0
8/1/2012,0.01
8/2/2012,0
8/3/2012,0.02
8/4/2012,0
8/5/2012,0
8/6/2012,0.27
8/7/2012,0
8/8/2012,0
8/9/2012,0
8/10/2012,0
8/11/2012,0.06
8/12/2012,0
8/13/2012,0
8/14/2012,0
8/15/2012,0
8/16/2012,0
8/17/2012,0
8/18/2012,0
8/19/2012,0
8/20/2012,0
8/21/2012,0
8/22/2012,0.13
8/23/2012,0.11
8/24/2012,0.01
8/25/2012,0
8/26/2012,0
8/27/2012,0.16
8/28/2012,0.01
8/29/2012,0.01
8/30/2012,0.52
8/31/2012,0
9/1/2012,0
9/2/2012,0
9/3/2012,0.2
9/4/2012,0
9/5/2012,0
9/6/2012,0
9/7/2012,0.22
9/8/2012,0
9/9/2012,0
9/10/2012,0
9/11/2012,0.95
9/12/2012,0.17
9/13/2012,0
9/14/2012,0
9/15/2012,0
9/16/2012,0
9/17/2012,0.07
9/18/2012,0
9/19/2012,0
9/20/2012,0
9/21/2012,0
9/22/2012,0
9/23/2012,0.02
9/24/2012,0.22
9/25/2012,1.04
9/26/2012,0.4
9/27/2012,0.06
9/28/2012,0
9/29/2012,0
9/30/2012,0
10/1/2012,0
10/2/2012,0
10/3/2012,0
10/4/2012,0
10/5/2012,0.07
10/6/2012,0
10/7/2012,0
10/8/2012,0
10/9/2012,0
10/10/2012,0
10/11/2012,0
10/12/2012,0.36
10/13/2012,0.46
10/14/2012,0.07
10/15/2012,0
10/16/2012,0.44
10/17/2012,0
10/18/2012,0
10/19/2012,0
10/20/2012,0
10/21/2012,0
10/22/2012,0
10/23/2012,0
10/24/2012,0.27
10/25/2012,0.37
10/26/2012,0.05
10/27/2012,0.12
10/28/2012,0.07
10/29/2012,0
10/30/2012,0
10/31/2012,0
11/1/2012,0
11/2/2012,0
11/3/2012,0
11/4/2012,0
11/5/2012,0
11/6/2012,0
11/7/2012,0
11/8/2012,0
11/9/2012,0
11/10/2012,0.68
11/11/2012,0.16
11/12/2012,0.03
11/13/2012,0
11/14/2012,0
11/15/2012,0.03
11/16/2012,0
11/17/2012,0.09
11/18/2012,0.13
11/19/2012,0.02
11/20/2012,0
11/21/2012,0
11/22/2012,0
11/23/2012,0
11/24/2012,0
11/25/2012,0
11/26/2012,0
11/27/2012,0
11/28/2012,0
11/29/2012,0
11/30/2012,0
12/1/2012,0.01
12/2/2012,0
12/3/2012,0.09
12/4/2012,0
12/5/2012,0
12/6/2012,0
12/7/2012,0.25
12/8/2012,0.81
12/9/2012,0.09
12/10/2012,0.36
12/11/2012,0.16
12/12/2012,0.05
12/13/2012,0
12/14/2012,0.04
12/15/2012,0.17
12/16/2012,0.16
12/17/2012,0.78
12/18/2012,0.42
12/19/2012,0.44
12/20/2012,0
12/21/2012,0
12/22/2012,0
12/23/2012,0.07
12/24/2012,0.38
12/25/2012,0.05
12/26/2012,0.07
12/27/2012,0.19
12/28/2012,0.03
12/29/2012,0.01
12/30/2012,0
12/31/2012,0.03
1/1/2013,0
1/2/2013,0.02
1/3/2013,0
1/4/2013,0
1/5/2013,0
1/6/2013,0
1/7/2013,0
1/8/2013,0.05
1/9/2013,0
1/10/2013,0
1/11/2013,0.56
1/12/2013,0
1/13/2013,0.02
1/14/2013,0.01
1/15/2013,0
1/16/2013,0
1/17/2013,0
1/18/2013,0
1/19/2013,0
1/20/2013,0
1/21/2013,0
1/22/2013,0
1/23/2013,0
1/24/2013,0.06
1/25/2013,0.02
1/26/2013,0.14
1/27/2013,0.13
1/28/2013,0.23
1/29/2013,0.13
1/30/2013,0.83
1/31/2013,0.45
2/1/2013,0.35
2/2/2013,0.01
2/3/2013,0
2/4/2013,0
2/5/2013,0
2/6/2013,0.29
2/7/2013,0
2/8/2013,0
2/9/2013,0.13
2/10/2013,0.14
2/11/2013,0.09
2/12/2013,0.04
2/13/2013,0.08
2/14/2013,0.19
2/15/2013,0.3
2/16/2013,0
2/17/2013,0.07
2/18/2013,0.13
2/19/2013,0
2/20/2013,0.1
2/21/2013,0.04
2/22/2013,0.06
2/23/2013,0.09
2/24/2013,0.38
2/25/2013,0
2/26/2013,0.02
2/27/2013,0.02
2/28/2013,0.03
3/1/2013,0.15
3/2/2013,0.03
3/3/2013,0.29
3/4/2013,0.39
3/5/2013,0.01
3/6/2013,0
3/7/2013,0
3/8/2013,0
3/9/2013,0.36
3/10/2013,0.02
3/11/2013,0.52
3/12/2013,0.23
3/13/2013,0.01
3/14/2013,0
3/15/2013,0
3/16/2013,0.11
3/17/2013,0.35
3/18/2013,0.28
3/19/2013,0
3/20/2013,0.07
3/21/2013,0.39
3/22/2013,0.32
3/23/2013,0.37
3/24/2013,0.18
3/25/2013,0.03
3/26/2013,0.02
3/27/2013,0.12
3/28/2013,0
3/29/2013,0.32
3/30/2013,0.16
3/31/2013,0
4/1/2013,0.24
4/2/2013,0.49
4/3/2013,0
4/4/2013,0
4/5/2013,0.25
4/6/2013,0.08
4/7/2013,0.39
4/8/2013,0.45
4/9/2013,0.19
4/10/2013,0.05
4/11/2013,0.17
4/12/2013,0.03
4/13/2013,0
4/25/2013,0
4/26/2013,0
4/27/2013,0
4/28/2013,0.03
4/29/2013,0
4/30/2013,0.9
5/1/2013,1.62
5/2/2013,0
5/3/2013,0
5/4/2013,0
5/5/2013,0.03
5/6/2013,0
5/7/2013,0.13
5/8/2013,1.73
5/9/2013,0.95
5/10/2013,0
5/11/2013,0
5/12/2013,0.01
5/13/2013,0
5/14/2013,0
6/4/2013,0
6/5/2013,0
6/6/2013,0
6/7/2013,0.03
6/8/2013,0
6/9/2013,0
6/10/2013,0
6/11/2013,0
6/12/2013,0
6/13/2013,0
6/14/2013,0
6/15/2013,0
6/16/2013,0.1
6/17/2013,0
6/18/2013,0
6/19/2013,0
6/20/2013,0
6/21/2013,0
6/22/2013,0
6/23/2013,0
6/24/2013,0
6/25/2013,0
6/26/2013,0
6/27/2013,0
6/28/2013,0
6/29/2013,0.13
6/30/2013,0.04
7/1/2013,0.19
7/2/2013,0
7/3/2013,0
7/4/2013,0.02
7/5/2013,0.55
7/6/2013,0.41
7/7/2013,0.18
7/8/2013,0.28
7/9/2013,0
7/10/2013,0
7/11/2013,0
7/12/2013,0.14
7/13/2013,0.49
7/14/2013,0.22
7/15/2013,0
7/16/2013,0
7/17/2013,0.03
7/18/2013,0.36
7/19/2013,0
7/20/2013,0
7/21/2013,0
7/22/2013,0
7/23/2013,0
7/24/2013,0.03
7/25/2013,0.35
7/26/2013,0.02
7/27/2013,0.07
7/28/2013,0.15
7/29/2013,0.4
7/30/2013,0
7/31/2013,0.02
8/1/2013,0.01
8/2/2013,0
8/3/2013,0
8/4/2013,0.11
8/5/2013,0
8/6/2013,0
8/7/2013,0
8/8/2013,0
8/9/2013,0.08
8/10/2013,0.01
8/11/2013,0.06
8/12/2013,0.27
8/13/2013,0.25
8/14/2013,0
8/15/2013,0
8/16/2013,0
8/17/2013,0
8/18/2013,0
8/19/2013,0
8/20/2013,0
8/21/2013,0
8/22/2013,0.12
8/23/2013,0.05
8/24/2013,0.4
8/25/2013,0.08
8/26/2013,0.06
8/27/2013,0.19
8/28/2013,0
8/29/2013,0.17
8/30/2013,0.05
8/31/2013,0.63
9/1/2013,0
9/2/2013,0
9/3/2013,0.03
9/4/2013,0.18
9/5/2013,0
9/6/2013,0.34
9/7/2013,0
9/8/2013,0.07
9/9/2013,0.31
9/10/2013,0.45
9/11/2013,2.1
9/12/2013,1.76
9/13/2013,0.29
9/14/2013,0.05
9/15/2013,0.73
9/16/2013,0.05
9/17/2013,0
9/18/2013,0.62
9/19/2013,0.31
9/20/2013,0
9/21/2013,0
9/22/2013,0.73
9/23/2013,0.51
9/24/2013,0
9/25/2013,0
9/26/2013,0
9/27/2013,0.88
9/28/2013,0.03
9/29/2013,0
9/30/2013,0
10/1/2013,0
10/2/2013,0
10/3/2013,0.18
10/4/2013,0.62
10/5/2013,0.04
10/6/2013,0
10/7/2013,0
10/8/2013,0
10/9/2013,0
10/10/2013,0.35
10/11/2013,0.45
10/12/2013,0.04
10/13/2013,0.02
10/14/2013,0.33
10/15/2013,0.03
10/16/2013,0
10/17/2013,0.17
10/18/2013,0.19
10/19/2013,0
10/20/2013,0.33
10/21/2013,0
10/22/2013,0
10/23/2013,0
10/24/2013,0
10/25/2013,0
10/26/2013,0
10/27/2013,0
10/28/2013,0
10/29/2013,0.34
10/30/2013,0.39
10/31/2013,0.4
11/1/2013,0.31
11/2/2013,0
11/3/2013,0.21
11/4/2013,0.01
11/5/2013,0.13
11/6/2013,0.05
11/7/2013,0
11/8/2013,0
11/9/2013,0
11/10/2013,0
11/11/2013,0
11/12/2013,0
11/13/2013,0
11/14/2013,0
11/15/2013,0.32
11/16/2013,0.8
11/17/2013,0.56
11/18/2013,0
11/19/2013,0.05
11/20/2013,0.05
11/21/2013,0.7
11/22/2013,0.06
11/23/2013,0.09
11/24/2013,0
11/25/2013,0
11/26/2013,0
11/27/2013,0
11/28/2013,0
11/29/2013,0
11/30/2013,0
12/1/2013,0.15
12/2/2013,0.52
12/3/2013,0.56
12/4/2013,0.64
12/5/2013,0.02
12/6/2013,0.14
12/7/2013,0.17
12/8/2013,0.16
12/9/2013,0.12
12/10/2013,0.02
12/11/2013,0
12/12/2013,0
12/13/2013,0
12/14/2013,0.03
12/15/2013,0.05
12/16/2013,0
12/17/2013,0
12/18/2013,0
12/19/2013,0.07
12/20/2013,0.29
12/21/2013,0.01
12/22/2013,0.36
12/23/2013,0.39
12/24/2013,0.32
12/25/2013,0
12/26/2013,0
12/27/2013,0
12/28/2013,0.19
12/29/2013,0.11
12/30/2013,0.06
12/31/2013,0.12
1/1/2014,0.67
1/2/2014,0.02
1/3/2014,0.06
1/4/2014,0.84
1/5/2014,0.37
1/6/2014,0.22
1/7/2014,0.06
1/8/2014,0.04
1/9/2014,0.33
1/10/2014,0.86
1/11/2014,0.25
1/12/2014,0.49
1/13/2014,0.17
1/14/2014,0.45
1/15/2014,0.06
1/16/2014,0.02
1/17/2014,0.02
1/18/2014,0
1/19/2014,0
1/20/2014,0
1/21/2014,0
1/22/2014,0.04
1/23/2014,0.06
1/24/2014,0
1/25/2014,0
1/26/2014,0.04
1/27/2014,0.9
1/28/2014,0.11
1/29/2014,0.32
1/30/2014,1.18
1/31/2014,0.3
2/1/2014,0.24
2/2/2014,0.03
2/3/2014,0.1
2/4/2014,0.28
2/5/2014,0.06
2/6/2014,0
2/7/2014,0.04
2/8/2014,0.06
2/9/2014,0.02
2/11/2014,0.57
2/12/2014,0.54
2/13/2014,1.04
2/14/2014,0.7
2/15/2014,0.25
2/16/2014,0.52
2/17/2014,0.08
2/18/2014,0
2/19/2014,0.18
2/20/2014,0.24
2/21/2014,0.29
2/22/2014,0.28
2/23/2014,0.71
2/24/2014,0.21
2/25/2014,0.16
2/26/2014,0.05
2/27/2014,0.3
2/28/2014,0.41
3/1/2014,
3/2/2014,
3/3/2014,
3/4/2014,0.42
3/5/2014,0.05
3/6/2014,0.05
3/7/2014,0.94
3/8/2014,0
3/9/2014,0
3/10/2014,0
3/11/2014,0.12
3/12/2014,0
3/13/2014,0.01
3/14/2014,0
3/15/2014,0.21
3/16/2014,0.02
3/17/2014,0.27
3/18/2014,0.19
3/19/2014,0.03
3/20/2014,0
3/21/2014,0.26
3/22/2014,0.57
3/23/2014,0.02
3/24/2014,0
3/25/2014,0
3/26/2014,0.36
3/27/2014,0.7
3/28/2014,0.27
3/29/2014,0.04
3/30/2014,0.75
3/31/2014,0.21
4/1/2014,0.12
4/2/2014,0.43
4/3/2014,0.26
4/4/2014,0
4/5/2014,0.03
4/6/2014,0.18
4/7/2014,0.3
4/8/2014,0.04
4/9/2014,0
4/10/2014,0.01
4/11/2014,0
4/12/2014,0.02
4/13/2014,1.67
4/14/2014,0.05
4/15/2014,0.04
4/16/2014,0.12
4/17/2014,0
4/18/2014,0
4/19/2014,0
4/20/2014,0.02
4/21/2014,0.02
4/22/2014,0
4/23/2014,0.03
4/24/2014,0
4/25/2014,0
4/26/2014,0.11
4/27/2014,0.47
4/28/2014,0.37
4/29/2014,0.32
4/30/2014,0
5/1/2014,0
5/2/2014,0
5/3/2014,0
5/4/2014,0
5/5/2014,0
5/6/2014,0
5/7/2014,0.1
5/8/2014,0.18
5/9/2014,0.62
5/10/2014,0.48
5/11/2014,1.33
5/12/2014,0.11
5/13/2014,0.01
5/14/2014,0
5/15/2014,0
5/16/2014,0.35
5/17/2014,0.23
5/18/2014,0
5/19/2014,0
5/20/2014,0
5/21/2014,0
5/22/2014,0
5/23/2014,0.07
5/24/2014,1.15
5/25/2014,0.32
5/26/2014,0
5/27/2014,0
5/28/2014,0
5/29/2014,0.02
5/30/2014,0.5
5/31/2014,0
6/1/2014,0.06
6/2/2014,0
6/3/2014,0
6/4/2014,0
6/5/2014,0
6/6/2014,0.04
6/7/2014,0
6/8/2014,0.21
6/9/2014,0
6/10/2014,0.05
6/11/2014,0.14
6/12/2014,0
6/13/2014,0
6/14/2014,0.01
6/15/2014,0
6/16/2014,0
6/17/2014,0
6/18/2014,0.06
6/19/2014,0.04
6/20/2014,0
6/21/2014,0.01
6/22/2014,0.03
6/23/2014,0
6/24/2014,0
6/25/2014,0
6/26/2014,0
6/27/2014,0.09
6/28/2014,0.09
6/29/2014,0
6/30/2014,0
7/1/2014,0
7/2/2014,0
7/3/2014,0
7/4/2014,0.18
7/5/2014,0.07
7/6/2014,0
7/7/2014,0
7/8/2014,0
7/9/2014,0.03
7/10/2014,0
7/11/2014,0.16
7/12/2014,0.15
7/13/2014,0
7/14/2014,0.01
7/15/2014,0.18
7/16/2014,0.34
7/17/2014,0.02
7/18/2014,0.01
7/19/2014,0
7/20/2014,0
7/21/2014,0
7/22/2014,0
7/23/2014,0.05
7/24/2014,0
7/25/2014,0.05
7/26/2014,0.22
7/27/2014,0
7/28/2014,0.86
7/29/2014,0.86
7/30/2014,1.76
7/31/2014,0.14
8/1/2014,0
8/2/2014,0
8/3/2014,0
8/4/2014,0.15
8/5/2014,0.09
8/6/2014,0
8/7/2014,0.06
8/8/2014,0
8/9/2014,0.07
8/10/2014,0.35
8/11/2014,0
8/12/2014,0
8/13/2014,0.03
8/14/2014,0.05
8/15/2014,0.38
8/16/2014,0
8/17/2014,0
8/18/2014,0
8/19/2014,0.02
8/20/2014,0.01
8/21/2014,0
8/22/2014,0.33
8/23/2014,0.32
8/24/2014,0
8/25/2014,0.14
8/26/2014,0.06
8/27/2014,0.23
8/28/2014,0.12
8/29/2014,0.03
8/30/2014,0.18
8/31/2014,0.25
9/1/2014,0
9/2/2014,0
9/3/2014,0
9/4/2014,0.12
9/5/2014,0.18
9/6/2014,0
9/7/2014,0.05
9/8/2014,0.05
9/9/2014,1.03
9/10/2014,0.18
9/11/2014,0.08
9/12/2014,0
9/13/2014,0
9/14/2014,0
9/15/2014,0
9/16/2014,0
9/17/2014,0.02
9/18/2014,0
9/19/2014,0
9/20/2014,0
9/21/2014,0.01
9/22/2014,0.87
9/23/2014,0.27
9/24/2014,0
9/25/2014,0
9/26/2014,0
9/27/2014,0
9/28/2014,0.33
9/29/2014,0.82
9/30/2014,0.43
10/1/2014,0.5
10/2/2014,0
10/3/2014,0
10/4/2014,0
10/5/2014,0
10/6/2014,0
10/7/2014,0
10/8/2014,0
10/9/2014,0.69
10/10/2014,0
10/11/2014,0
10/12/2014,0.23
10/13/2014,0
10/14/2014,0
10/15/2014,0
10/16/2014,0
10/17/2014,0
10/18/2014,0
10/19/2014,0
10/20/2014,0
10/21/2014,0.02
10/22/2014,0.19
10/23/2014,0
10/24/2014,0
10/25/2014,0
10/26/2014,0.24
10/27/2014,0.65
10/28/2014,0
10/29/2014,0
10/30/2014,0
10/31/2014,0
11/1/2014,0
11/2/2014,0.01
11/3/2014,0.34
11/4/2014,0
11/5/2014,0
11/6/2014,0
11/7/2014,0.14
11/8/2014,0
11/9/2014,0
11/10/2014,0.47
11/11/2014,0.08
11/12/2014,0.29
11/13/2014,0.36
11/14/2014,0.23
11/15/2014,0.57
11/16/2014,0.02
11/17/2014,0.01
11/18/2014,0
11/19/2014,0
11/20/2014,0
11/21/2014,0
11/22/2014,0.23
11/23/2014,0.53
11/24/2014,0.56
11/25/2014,1.28
11/26/2014,1.22
11/27/2014,0
11/28/2014,0
11/29/2014,0
11/30/2014,0.04
12/1/2014,0.26
12/2/2014,0
12/3/2014,0.05
12/4/2014,0.01
12/5/2014,0.04
12/6/2014,0
12/7/2014,0
12/8/2014,0
12/9/2014,0
12/10/2014,0
12/11/2014,0
12/12/2014,0
12/13/2014,0
12/14/2014,0.63
12/15/2014,0.08
12/16/2014,0.07
12/17/2014,0.04
12/18/2014,0.04
12/19/2014,0.01
12/20/2014,0.07
12/21/2014,1.69
12/22/2014,0.69
12/23/2014,0.12
12/24/2014,0.02
12/25/2014,0.82
12/26/2014,0.09
12/27/2014,0.13
12/28/2014,0.19
12/29/2014,0.02
12/30/2014,0
12/31/2014,0
1/1/2015,0
1/2/2015,0
1/3/2015,0.18
1/4/2015,0.25
1/5/2015,0.47
1/6/2015,0.03
1/7/2015,0
1/8/2015,0
1/9/2015,0
1/10/2015,0
1/11/2015,0.19
1/12/2015,0
1/13/2015,0.06
1/14/2015,0
1/15/2015,0
1/16/2015,0
1/17/2015,0.19
1/18/2015,0
1/19/2015,0.28
1/20/2015,0.06
1/21/2015,0.31
1/22/2015,0
1/23/2015,0
1/24/2015,0.05
1/25/2015,0.2
1/26/2015,0
1/27/2015,0
1/28/2015,0.05
1/29/2015,0
1/30/2015,0.07
1/31/2015,0.23
2/1/2015,0.29
2/2/2015,0.25
2/3/2015,0.44
2/4/2015,1.84
2/5/2015,0.11
2/6/2015,0
2/7/2015,0
2/8/2015,0
2/9/2015,0
2/10/2015,0.15
2/11/2015,0
2/12/2015,0
2/13/2015,0
2/14/2015,0
2/15/2015,0.18
2/16/2015,0.39
2/17/2015,0.18
2/18/2015,0.01
2/19/2015,0
2/20/2015,0.34
2/21/2015,0.6
2/22/2015,0.24
2/23/2015,0
2/24/2015,0
2/25/2015,0.24
2/26/2015,0.23
2/27/2015,0.04
2/28/2015,0.07
3/1/2015,0.49
3/2/2015,0.79
3/3/2015,0.75
3/4/2015,0.17
3/5/2015,0.04
3/6/2015,0
3/7/2015,0
3/8/2015,0
3/9/2015,0
3/10/2015,0
3/11/2015,0
3/12/2015,0
3/13/2015,0.26
3/14/2015,0
3/15/2015,0
3/16/2015,0
3/17/2015,0
3/18/2015,0.01
3/19/2015,0.17
3/20/2015,0
3/21/2015,0
3/22/2015,0
3/23/2015,0.33
3/24/2015,0.5
3/25/2015,0.23
3/26/2015,0.01
3/27/2015,0
3/28/2015,0
3/29/2015,0
3/30/2015,0
3/31/2015,0
4/1/2015,0.01
4/2/2015,0.39
4/3/2015,0.18
4/4/2015,0
4/5/2015,0
4/6/2015,0
4/7/2015,0
4/8/2015,0.06
4/9/2015,0.14
4/10/2015,0
4/11/2015,0
4/12/2015,0.01
4/13/2015,0
4/14/2015,0
4/15/2015,0.18
4/16/2015,1.77
4/17/2015,2.68
4/18/2015,0.14
4/19/2015,0.06
4/20/2015,0.15
4/21/2015,0
4/22/2015,0.01
4/23/2015,0.12
4/24/2015,0.04
4/25/2015,0.07
4/26/2015,0.57
4/27/2015,0.18
4/28/2015,0
4/29/2015,0
4/30/2015,0.19
5/1/2015,0.13
5/2/2015,0.02
5/3/2015,0.01
5/4/2015,0.17
5/5/2015,0.06
5/6/2015,0.51
5/7/2015,0.16
5/8/2015,1.01
5/9/2015,0.4
5/10/2015,0.07
5/11/2015,0
5/12/2015,0
5/13/2015,0.16
5/14/2015,0.07
5/15/2015,0.19
5/16/2015,0.28
5/17/2015,0.21
5/18/2015,0.15
5/19/2015,1.24
5/20/2015,0.09
5/21/2015,0.15
5/22/2015,0.44
5/23/2015,0.46
5/24/2015,0.08
5/25/2015,0.05
5/26/2015,0.1
5/27/2015,0
5/28/2015,0.14
5/29/2015,0.16
5/30/2015,0
5/31/2015,0.04
6/1/2015,0.02
6/2/2015,0
6/3/2015,0.04
6/4/2015,0
6/5/2015,0.07
6/6/2015,0
6/7/2015,0.02
6/8/2015,0
6/9/2015,0
6/10/2015,0.09
6/11/2015,0.25
6/12/2015,0
6/13/2015,0
6/14/2015,0.04
6/15/2015,0.19
6/16/2015,0.17
6/17/2015,0.05
6/18/2015,0
6/19/2015,0
6/20/2015,0
6/21/2015,0
6/22/2015,0
6/23/2015,0
6/24/2015,0.04
6/25/2015,0
6/26/2015,0
6/27/2015,0
6/28/2015,0.02
6/29/2015,0
6/30/2015,0.24
7/1/2015,0
7/2/2015,0.02
7/3/2015,0
7/4/2015,0
7/5/2015,0.08
7/6/2015,0.46
7/7/2015,0.65
7/8/2015,0.62
7/9/2015,0
7/10/2015,0.11
7/11/2015,0.07
7/12/2015,0
7/13/2015,0.08
7/14/2015,0.16
7/15/2015,0.08
7/16/2015,0
7/17/2015,0
7/18/2015,0.04
7/19/2015,0.02
7/20/2015,0
7/21/2015,0.02
7/22/2015,0
7/23/2015,0
7/24/2015,0
7/25/2015,0
7/26/2015,0
7/27/2015,0
7/28/2015,0
7/29/2015,0
7/30/2015,0
7/31/2015,0
8/1/2015,0
8/2/2015,0.22
8/3/2015,0
8/4/2015,0
8/5/2015,0
8/6/2015,0
8/7/2015,0
8/8/2015,0
8/9/2015,0
8/10/2015,0
8/11/2015,0.03
8/12/2015,0
8/13/2015,0.04
8/14/2015,0.24
8/15/2015,0.11
8/16/2015,0.05
8/17/2015,0.01
8/18/2015,0.02
8/19/2015,0
8/20/2015,0
8/21/2015,0
8/22/2015,0
8/23/2015,0
8/24/2015,0
8/25/2015,0.01
8/26/2015,0.07
8/27/2015,0.42
8/28/2015,0.04
8/29/2015,0
8/30/2015,0
8/31/2015,0.05
9/1/2015,0
9/2/2015,0
9/3/2015,0.28
9/4/2015,0.16
9/5/2015,0.02
9/6/2015,0
9/7/2015,0.32
9/8/2015,0
9/9/2015,0
9/10/2015,0
9/11/2015,0
9/12/2015,0
9/13/2015,0
9/14/2015,0.12
9/15/2015,0.14
9/16/2015,0.1
9/17/2015,0.03
9/18/2015,0.21
9/19/2015,0
9/20/2015,0
9/21/2015,0
9/22/2015,0
9/23/2015,0
9/24/2015,0
9/25/2015,0
9/26/2015,0
9/27/2015,0
9/28/2015,0.02
9/29/2015,0.04
9/30/2015,0
10/1/2015,0
10/2/2015,0.12
10/3/2015,0.1
10/4/2015,0
10/5/2015,0
10/6/2015,0.31
10/7/2015,0
10/8/2015,0
10/9/2015,0
10/10/2015,0
10/11/2015,0
10/12/2015,0
10/13/2015,0
10/14/2015,0
10/15/2015,0
10/16/2015,0
10/17/2015,0
10/18/2015,0
10/19/2015,0.1
10/20/2015,0.1
10/21/2015,0.44
10/22/2015,0.82
10/23/2015,0.04
10/24/2015,0
10/25/2015,0
10/26/2015,0.18
10/27/2015,0.36
10/28/2015,0
10/29/2015,0
10/30/2015,0.2
10/31/2015,0.03
11/1/2015,0
11/2/2015,0
11/3/2015,0
11/4/2015,0.62
11/5/2015,0.36
11/6/2015,0.15
11/7/2015,0.01
11/8/2015,0
11/9/2015,0
11/10/2015,0.94
11/11/2015,0.63
11/12/2015,0.05
11/13/2015,0
11/14/2015,0
11/15/2015,0
11/16/2015,0.42
11/17/2015,0.13
11/18/2015,0.55
11/19/2015,0.08
11/20/2015,0.77
11/21/2015,0
11/22/2015,0
11/23/2015,0
11/24/2015,0
11/25/2015,0
11/26/2015,0.64
11/27/2015,0
11/28/2015,0.21
11/29/2015,0.29
11/30/2015,0.21
12/1/2015,0.18
12/2/2015,0
12/3/2015,0
12/4/2015,0
12/5/2015,0.08
12/6/2015,0
12/7/2015,0
12/8/2015,0.11
12/9/2015,0
12/10/2015,0
12/11/2015,0.47
12/12/2015,0.27
12/13/2015,0
12/14/2015,0.1
12/15/2015,0.68
12/16/2015,0.18
12/17/2015,0.29
12/18/2015,0.08
12/19/2015,0
12/20/2015,0.07
12/21/2015,0.07
12/22/2015,1.09
12/23/2015,0.86
12/24/2015,0.07
12/25/2015,0.15
12/26/2015,0
12/27/2015,0
12/28/2015,0
12/29/2015,0.02
12/30/2015,0.06
12/31/2015,0
1/1/2016,0
1/2/2016,0
1/3/2016,0
1/4/2016,0
1/5/2016,0
1/6/2016,0
1/7/2016,0.13
1/8/2016,0.07
1/9/2016,0.07
1/10/2016,0.05
1/11/2016,0
1/12/2016,0
1/13/2016,0
1/14/2016,0.28
1/15/2016,0.32
1/16/2016,0.46
1/17/2016,0.46
1/18/2016,0.12
1/19/2016,0.03
1/20/2016,0.22
1/21/2016,0.08
1/22/2016,0
1/23/2016,0
1/24/2016,0.18
1/25/2016,0.03
1/26/2016,0.01
1/27/2016,0
1/28/2016,0
1/29/2016,0.09
1/30/2016,1.05
1/31/2016,0.47
2/1/2016,0.8
2/2/2016,0.1
2/3/2016,0.13
2/4/2016,0.19
2/5/2016,0.01
2/6/2016,0.01
2/7/2016,0.01
2/8/2016,0
2/9/2016,0
2/10/2016,0
2/11/2016,0
2/12/2016,0
2/13/2016,0
2/14/2016,0.5
2/15/2016,1.11
2/16/2016,0.26
2/17/2016,0
2/18/2016,0.48
2/19/2016,0
2/20/2016,0
2/21/2016,0
2/22/2016,0.38
2/23/2016,0.26
2/24/2016,0.02
2/25/2016,0
2/26/2016,0
2/27/2016,0
2/28/2016,0
2/29/2016,0.26
3/1/2016,0.07
3/2/2016,0.36
3/3/2016,0
3/4/2016,0
3/5/2016,0
3/6/2016,0.11
3/7/2016,0.46
3/8/2016,0.01
3/9/2016,0.11
3/10/2016,0.01
3/11/2016,0
3/12/2016,0.17
3/13/2016,0
3/14/2016,0.84
3/15/2016,0.38
3/16/2016,0.51
3/17/2016,0.66
3/18/2016,0.12
3/19/2016,0.04
3/20/2016,0
3/21/2016,0
3/22/2016,0.03
3/23/2016,0.52
3/24/2016,0.24
3/25/2016,0.49
3/26/2016,0.1
3/27/2016,0.01
3/28/2016,0
3/29/2016,0.26
3/30/2016,0.1
3/31/2016,0.05
4/1/2016,0
4/2/2016,0
4/3/2016,0
4/4/2016,0
4/5/2016,0.35
4/6/2016,0
4/7/2016,0
4/8/2016,0
4/9/2016,0.11
4/10/2016,0.08
4/11/2016,0
4/12/2016,0.16
4/13/2016,0
4/14/2016,0
4/15/2016,1.01
4/16/2016,1.26
4/17/2016,0.45
4/18/2016,0.03
4/19/2016,0
4/20/2016,0.15
4/21/2016,0
4/22/2016,0
4/23/2016,0.2
4/24/2016,0.32
4/25/2016,0.13
4/26/2016,0.35
4/27/2016,0.12
4/28/2016,0.42
4/29/2016,0.37
4/30/2016,0.18
5/1/2016,0.12
5/2/2016,0
5/3/2016,0
5/4/2016,0
5/5/2016,0
5/6/2016,0.09
5/7/2016,1.02
5/8/2016,0.42
5/9/2016,0.63
5/10/2016,0.28
5/11/2016,0.02
5/12/2016,0
5/13/2016,0
5/14/2016,0
5/15/2016,0.75
5/16/2016,0.34
5/17/2016,0.11
5/18/2016,0.12
5/19/2016,0
5/20/2016,0.02
5/21/2016,0
5/22/2016,0
5/23/2016,0
5/24/2016,0
5/25/2016,0
5/26/2016,0.03
5/27/2016,0.15
5/28/2016,0.04
5/29/2016,0
5/30/2016,0.01
5/31/2016,0.02
6/1/2016,0
6/2/2016,0
6/3/2016,0
6/4/2016,0
6/5/2016,0
6/6/2016,0.04
6/7/2016,0.05
6/8/2016,0
6/9/2016,0.04
6/10/2016,0
6/11/2016,0.07
6/12/2016,0
6/13/2016,0.38
6/14/2016,0
6/15/2016,0
6/16/2016,0
6/17/2016,0
6/18/2016,0
6/19/2016,0
6/20/2016,0
6/21/2016,0
6/22/2016,0.22
6/23/2016,0.15
6/24/2016,0
6/25/2016,0
6/26/2016,0
6/27/2016,0
6/28/2016,0
6/29/2016,0.02
6/30/2016,0.24
7/1/2016,0.42
7/2/2016,0.12
7/3/2016,0
7/4/2016,0.1
7/5/2016,0.05
7/6/2016,0
7/7/2016,0
7/8/2016,0
7/9/2016,0
7/10/2016,0
7/11/2016,0
7/12/2016,0
7/13/2016,0
7/14/2016,0
7/15/2016,0
7/16/2016,0
7/17/2016,0
7/18/2016,0.04
7/19/2016,0
7/20/2016,0.22
7/21/2016,0.09
7/22/2016,0.02
7/23/2016,0.02
7/24/2016,0
7/25/2016,0
7/26/2016,0
7/27/2016,0
7/28/2016,0
7/29/2016,0
7/30/2016,0
7/31/2016,0.07
8/1/2016,0
8/2/2016,0.16
8/3/2016,0.01
8/4/2016,0.1
8/5/2016,0.19
8/6/2016,0.09
8/7/2016,0
8/8/2016,0
8/9/2016,0.15
8/10/2016,0.2
8/11/2016,0.1
8/12/2016,0
8/13/2016,0
8/14/2016,0
8/15/2016,0
8/16/2016,0
8/17/2016,0
8/18/2016,0.11
8/19/2016,0.06
8/20/2016,0
8/21/2016,0
8/22/2016,0.12
8/23/2016,0
8/24/2016,0.12
8/25/2016,0.2
8/26/2016,0.01
8/27/2016,0.05
8/28/2016,0.02
8/29/2016,0.31
8/30/2016,0.02
8/31/2016,0
9/1/2016,0
9/2/2016,0.3
9/3/2016,0.1
9/4/2016,0.1
9/5/2016,0
9/6/2016,0
9/7/2016,0
9/8/2016,0
9/9/2016,0
9/10/2016,0
9/11/2016,0
9/12/2016,0.17
9/13/2016,0.01
9/14/2016,0.08
9/15/2016,0
9/16/2016,0
9/17/2016,0
9/18/2016,0
9/19/2016,0
9/20/2016,0
9/21/2016,0
9/22/2016,0.01
9/23/2016,0.19
9/24/2016,0.02
9/25/2016,0
9/26/2016,0
9/27/2016,0
9/28/2016,0
9/29/2016,0
9/30/2016,0.28
10/1/2016,0
10/2/2016,0
10/3/2016,0.14
10/4/2016,0.02
10/5/2016,0.1
10/6/2016,0.61
10/7/2016,0
10/8/2016,0
10/9/2016,0
10/10/2016,0.03
10/11/2016,0.99
10/12/2016,0.22
10/13/2016,0
10/14/2016,0
10/15/2016,0
10/16/2016,0
10/17/2016,0.05
10/18/2016,0.22
10/19/2016,0.11
10/20/2016,0
10/21/2016,0
10/22/2016,0
10/23/2016,0
10/24/2016,0
10/25/2016,0.23
10/26/2016,0
10/27/2016,0
10/28/2016,0
10/29/2016,0.27
10/30/2016,0.01
10/31/2016,0
11/1/2016,0.35
11/2/2016,0
11/3/2016,0
11/4/2016,0
11/5/2016,0
11/6/2016,0
11/7/2016,0
11/8/2016,0
11/9/2016,0
11/10/2016,0
11/11/2016,0
11/12/2016,0
11/13/2016,0.02
11/14/2016,0
11/15/2016,0
11/16/2016,0
11/17/2016,1
11/18/2016,0.07
11/19/2016,0
11/20/2016,0
11/21/2016,0.22
11/22/2016,0.18
11/23/2016,0
11/24/2016,0.23
11/25/2016,0
11/26/2016,0
11/27/2016,0.3
11/28/2016,0.24
11/29/2016,0.06
11/30/2016,0.03
12/1/2016,0.06
12/2/2016,0.09
12/3/2016,0.06
12/4/2016,0.06
12/5/2016,0.19
12/6/2016,0.36
12/7/2016,0.14
12/8/2016,0.22
12/9/2016,0.55
12/10/2016,0.8
12/11/2016,0.99
12/12/2016,0.01
12/13/2016,0.03
12/14/2016,0.95
12/15/2016,0.33
12/16/2016,2.26
12/17/2016,0.23
12/18/2016,0.05
12/19/2016,0.03
12/20/2016,0
12/21/2016,0.18
12/22/2016,0.02
12/23/2016,0.31
12/24/2016,0
12/25/2016,0.81
12/26/2016,0.05
12/27/2016,0.04
12/28/2016,1.04
12/29/2016,0
12/30/2016,0
12/31/2016,0
1/1/2017,0
1/2/2017,0.16
1/3/2017,0.72
1/4/2017,1.23
1/5/2017,0.26
1/6/2017,0.16
1/7/2017,0.47
1/8/2017,0.46
1/9/2017,0.72
1/10/2017,0.07
1/11/2017,0.02
1/12/2017,0.01
1/13/2017,0.03
1/14/2017,0.21
1/15/2017,0.31
1/16/2017,0.23
1/17/2017,0.02
1/18/2017,0
1/19/2017,0
1/20/2017,0.26
1/21/2017,0.07
1/22/2017,0.12
1/23/2017,0.92
1/24/2017,0.27
1/25/2017,0.2
1/26/2017,0.07
1/27/2017,0.03
1/28/2017,0
1/29/2017,0
1/30/2017,0.06
1/31/2017,0.11
2/1/2017,0.02
2/2/2017,0.57
2/3/2017,0.17
2/4/2017,0.84
2/5/2017,0.04
2/6/2017,0.2
2/7/2017,1.5
2/8/2017,0.62
2/9/2017,0.11
2/10/2017,0.22
2/11/2017,1.05
2/12/2017,0
2/13/2017,0
2/14/2017,0
2/15/2017,0
2/16/2017,0
2/17/2017,0
2/18/2017,0
2/19/2017,0.27
2/20/2017,0.04
2/21/2017,0.03
2/22/2017,0.12
2/23/2017,1.31
2/24/2017,0.19
2/25/2017,0.71
2/26/2017,0.61
2/27/2017,0.47
2/28/2017,0.59
3/1/2017,0.41
3/2/2017,0
3/3/2017,0
3/4/2017,0
3/5/2017,0
3/6/2017,0.61
3/7/2017,0.51
3/8/2017,0.12
3/9/2017,0.01
3/10/2017,0
3/11/2017,0.06
3/12/2017,0.12
3/13/2017,0
3/14/2017,0
3/15/2017,0
3/16/2017,0
3/17/2017,0
3/18/2017,0
3/19/2017,0
3/20/2017,0
3/21/2017,0
3/22/2017,0
3/23/2017,0.08
3/24/2017,0.2
3/25/2017,0.32
3/26/2017,0.12
3/27/2017,0.13
3/28/2017,0.39
3/29/2017,0.01
3/30/2017,0.15
3/31/2017,0.27
4/1/2017,0.02
4/2/2017,0.19
4/3/2017,0.12
4/4/2017,0.91
4/5/2017,0.03
4/6/2017,0
4/7/2017,0
4/8/2017,0.28
4/9/2017,0.3
4/10/2017,0
4/11/2017,0
4/12/2017,0
4/13/2017,0
4/14/2017,0
4/15/2017,0
4/16/2017,0
4/17/2017,0
4/18/2017,0
4/19/2017,0.57
4/20/2017,0.28
4/21/2017,0.48
4/22/2017,0.01
4/23/2017,0
4/24/2017,0.56
4/25/2017,0.21
4/26/2017,0.28
4/27/2017,0.42
4/28/2017,0.55
4/29/2017,0.25
4/30/2017,0.2
5/1/2017,0.23
5/2/2017,0.13
5/3/2017,0.3
5/4/2017,0
5/5/2017,0
5/6/2017,0
5/7/2017,0.02
5/8/2017,0.22
5/9/2017,0.04
5/10/2017,0.55
5/11/2017,0.03
5/12/2017,0
5/13/2017,0
5/14/2017,0
5/15/2017,0
5/16/2017,0
5/17/2017,0.63
5/18/2017,3.77
5/19/2017,0.62
5/20/2017,0
5/21/2017,0
5/22/2017,0.14
5/23/2017,0
5/24/2017,0
5/25/2017,0.18
5/26/2017,0
5/27/2017,0.04
5/28/2017,0
5/29/2017,0.02
5/30/2017,0.02
5/31/2017,0
6/1/2017,0
6/2/2017,0.24
6/3/2017,0
6/4/2017,0
6/5/2017,0.06
6/6/2017,0.11
6/7/2017,0
6/8/2017,0
6/9/2017,0
6/10/2017,0
6/11/2017,0
6/12/2017,0
6/13/2017,0
6/14/2017,0
6/15/2017,0
6/16/2017,0
6/17/2017,0
6/18/2017,0
6/19/2017,0
6/20/2017,0
6/21/2017,0
6/22/2017,0.01
6/23/2017,0
6/24/2017,0
6/25/2017,0
6/26/2017,0
6/27/2017,0
6/28/2017,0
6/29/2017,0.07
6/30/2017,0.01
7/1/2017,0
7/2/2017,0
7/3/2017,0
7/4/2017,0.02
7/5/2017,0.01
7/6/2017,0
7/7/2017,0.04
7/8/2017,0
7/9/2017,0
7/10/2017,0.18
7/11/2017,0.17
7/12/2017,0.07
7/13/2017,0
7/14/2017,0
7/15/2017,0
7/16/2017,0
7/17/2017,0
7/18/2017,0
7/19/2017,0.49
7/20/2017,0.21
7/21/2017,0.22
7/22/2017,0
7/23/2017,0
7/24/2017,0
7/25/2017,0.61
7/26/2017,0.33
7/27/2017,0.03
7/28/2017,0.11
7/29/2017,0.01
7/30/2017,0.18
7/31/2017,0
8/1/2017,0
8/2/2017,0
8/3/2017,0.14
8/4/2017,0.14
8/5/2017,0.21
8/6/2017,0.04
8/7/2017,1.08
8/8/2017,0.46
8/9/2017,0.5
8/10/2017,0.12
8/11/2017,0.04
8/12/2017,0.37
8/13/2017,0.17
8/14/2017,0.1
8/15/2017,0.11
8/16/2017,0.06
8/17/2017,0
8/18/2017,0
8/19/2017,0
8/20/2017,0
8/21/2017,0
8/22/2017,0.08
8/23/2017,0.09
8/24/2017,0.13
8/25/2017,0
8/26/2017,0
8/27/2017,0
8/28/2017,0
8/29/2017,0
8/30/2017,0.01
8/31/2017,0.11
9/1/2017,0
9/2/2017,0
9/3/2017,0
9/4/2017,0
9/5/2017,0
9/6/2017,0
9/7/2017,0
9/8/2017,0.1
9/9/2017,0.05
9/10/2017,0.26
9/11/2017,0.03
9/12/2017,0.29
9/13/2017,0.01
9/14/2017,0.06
9/15/2017,0.25
9/16/2017,0.1
9/17/2017,0
9/18/2017,0
9/19/2017,0
9/20/2017,0
9/21/2017,0
9/22/2017,0.01
9/23/2017,0.42
9/24/2017,0.51
9/25/2017,0
9/26/2017,0
9/27/2017,0.07
9/28/2017,0.42
9/29/2017,0.04
9/30/2017,0.26
10/1/2017,1.19
10/2/2017,1.15
10/3/2017,0.01
10/4/2017,0
10/5/2017,0
10/6/2017,0.02
10/7/2017,0
10/8/2017,0.2
10/9/2017,0.45
10/10/2017,0
10/11/2017,0
10/12/2017,0
10/13/2017,0
10/14/2017,0.04
10/15/2017,0
10/16/2017,0
10/17/2017,0
10/24/2017,0
10/25/2017,0
10/26/2017,0.07
10/27/2017,0
10/28/2017,0
10/29/2017,0
10/30/2017,0.02
10/31/2017,0.26
11/1/2017,0
11/2/2017,0
11/3/2017,0
11/4/2017,0.72
11/5/2017,1.08
11/6/2017,0
11/7/2017,0.12
11/8/2017,0
11/9/2017,0
11/10/2017,0
11/11/2017,0
11/12/2017,0
11/13/2017,0
11/14/2017,0
11/15/2017,0
11/16/2017,0
11/17/2017,0.86
11/18/2017,0.25
11/19/2017,0
11/20/2017,0.01
11/21/2017,0.61
11/22/2017,0.26
11/23/2017,0
11/24/2017,0.06
11/25/2017,0
11/26/2017,0
11/27/2017,0
11/28/2017,0
11/29/2017,0
11/30/2017,0
12/1/2017,0
12/2/2017,0.01
12/3/2017,0.12
12/4/2017,0.23
12/5/2017,0
12/6/2017,
12/7/2017,
12/8/2017,
12/9/2017,
12/10/2017,
12/11/2017,
12/12/2017,0
12/13/2017,0.18
12/14/2017,0.17
12/15/2017,0
12/16/2017,0
12/17/2017,0
12/18/2017,0
12/19/2017,0
12/20/2017,0
12/21/2017,0.57
12/22/2017,0.06
12/23/2017,0.21
12/24/2017,0.02
12/25/2017,0.01
12/28/2017,0
12/29/2017,0.05
12/30/2017,0
12/31/2017,0.01
1/1/2018,0
1/2/2018,0
1/3/2018,0
1/4/2018,0
1/5/2018,0
1/6/2018,0
1/7/2018,0
1/8/2018,0
1/9/2018,0.01
1/11/2018,0.01
1/13/2018,0.01
1/14/2018,0
1/15/2018,0
1/16/2018,0
1/17/2018,0
1/18/2018,0
1/19/2018,0
1/20/2018,0.04
1/21/2018,0.73
1/22/2018,0.04
1/23/2018,0.05
1/24/2018,0
1/25/2018,0.02
1/26/2018,0.3
1/27/2018,0.01
1/28/2018,0.02
1/29/2018,0
1/30/2018,0
1/31/2018,0.01
2/1/2018,0.17
2/3/2018,0
2/6/2018,0.1
2/7/2018,0.03
2/8/2018,0
2/9/2018,0
2/11/2018,0
2/12/2018,0
2/16/2018,0
2/17/2018,0.01
2/18/2018,0
2/19/2018,0.63
2/20/2018,0.07
2/21/2018,0.03
2/22/2018,0.09
2/23/2018,0.26
2/24/2018,0.28
2/25/2018,0.12
2/26/2018,0
2/27/2018,0
2/28/2018,0.09
3/1/2018,0.03
3/2/2018,0
3/3/2018,0
3/4/2018,0.19
3/5/2018,0.15
3/6/2018,0.04
3/7/2018,0
3/8/2018,0
3/9/2018,0.03
3/10/2018,0.19
3/11/2018,0
3/12/2018,0
3/13/2018,0
3/14/2018,0
3/15/2018,0.77
3/16/2018,0.09
3/17/2018,0
3/18/2018,0.32
3/19/2018,0.06
3/20/2018,0.13
3/21/2018,0.02
3/22/2018,0.15
3/23/2018,0.72
3/24/2018,0
3/25/2018,0
3/26/2018,0.14
3/27/2018,0.01
3/28/2018,0.21
3/29/2018,0.4
3/30/2018,0.01
3/31/2018,0
4/1/2018,0.22
4/2/2018,0.02
4/3/2018,0
4/4/2018,0
4/5/2018,0.09
4/6/2018,1.21
4/7/2018,0.56
4/8/2018,1.02
4/9/2018,0.32
4/10/2018,0
4/11/2018,0
4/12/2018,0.28
4/13/2018,0.21
4/14/2018,0.32
4/15/2018,0.13
4/16/2018,0
4/17/2018,0.23
4/18/2018,0.05
4/19/2018,0
4/20/2018,0.34
4/21/2018,0.05
4/22/2018,0
4/23/2018,0.08
4/24/2018,0.22
4/25/2018,0
4/26/2018,0
4/27/2018,0
4/28/2018,0
4/29/2018,0
4/30/2018,0
5/1/2018,0.02
5/2/2018,0.69
5/3/2018,0.45
5/4/2018,0
5/5/2018,0
5/6/2018,0
5/7/2018,0
5/8/2018,0
5/9/2018,0
5/10/2018,0
5/11/2018,0
5/12/2018,0.36
5/13/2018,0.04
5/14/2018,0
5/15/2018,0
5/16/2018,0
5/17/2018,0
5/18/2018,0.14
5/19/2018,0.35
5/20/2018,0.02
5/21/2018,0
5/22/2018,0.25
5/23/2018,0
5/24/2018,0
5/25/2018,0
5/26/2018,0
5/27/2018,0
5/28/2018,0.4
5/29/2018,0.05
5/30/2018,0
5/31/2018,0
6/1/2018,0
6/2/2018,0
6/3/2018,0.1
6/4/2018,0
6/5/2018,0
6/6/2018,0
6/7/2018,0
6/8/2018,0
6/9/2018,0
6/10/2018,0
6/11/2018,0
6/12/2018,0
6/13/2018,0
6/14/2018,0
6/15/2018,0
6/16/2018,0.22
6/17/2018,0.64
6/18/2018,0
6/19/2018,0
6/20/2018,0
6/21/2018,0
6/22/2018,0.04
6/23/2018,0
6/24/2018,0.16
6/25/2018,0
6/26/2018,0
6/27/2018,0
6/28/2018,0
6/29/2018,0
6/30/2018,0
7/1/2018,0
7/2/2018,0
7/3/2018,0
7/4/2018,0
7/5/2018,0.03
7/6/2018,0.01
7/7/2018,0.13
7/8/2018,0.4
7/9/2018,0
7/10/2018,0
7/11/2018,0
7/12/2018,0.88
7/13/2018,0
7/14/2018,0
7/15/2018,0.08
7/16/2018,0
7/17/2018,0.02
7/18/2018,0
7/19/2018,0
7/20/2018,0
7/21/2018,0
7/22/2018,0.12
7/23/2018,0.33
7/24/2018,0
7/25/2018,0
7/26/2018,0
7/27/2018,0
7/28/2018,0.06
7/29/2018,0
7/30/2018,0
7/31/2018,0
8/1/2018,0
8/2/2018,0
8/3/2018,0.05
8/4/2018,0
8/5/2018,0.11
8/6/2018,0
8/7/2018,0
8/8/2018,0
8/9/2018,0
8/10/2018,0
8/11/2018,0
8/12/2018,0
8/13/2018,0
8/14/2018,NA
8/15/2018,0
8/16/2018,0
8/17/2018,0.16
8/18/2018,NA
8/19/2018,0
8/20/2018,0
8/21/2018,0.14
8/22/2018,0.11
8/23/2018,0
8/24/2018,0
8/25/2018,0
8/26/2018,0.04
8/27/2018,0
8/28/2018,0
8/29/2018,0
8/30/2018,0
8/31/2018,0
9/1/2018,0
9/2/2018,0
9/3/2018,0
9/4/2018,0
9/5/2018,0.02
9/6/2018,0.03
9/7/2018,0
9/8/2018,0.04
9/9/2018,0
9/10/2018,0
9/11/2018,0
9/12/2018,0
9/13/2018,0
9/14/2018,0
9/15/2018,0
9/16/2018,0
9/17/2018,0
9/18/2018,0
9/19/2018,0.2
9/20/2018,0
9/21/2018,0
9/22/2018,0
9/23/2018,0
9/24/2018,0.02
9/25/2018,0
9/26/2018,0
9/27/2018,0
9/28/2018,0
9/29/2018,0
9/30/2018,0
10/1/2018,0.14
10/2/2018,0.04
10/4/2018,0.11
10/6/2018,0.03
10/7/2018,0.04
10/11/2018,0.45
10/12/2018,0
10/13/2018,0.14
10/14/2018,0.25
10/15/2018,0
10/16/2018,0
10/17/2018,0
10/18/2018,0.01
10/19/2018,0
10/20/2018,0
10/21/2018,0
10/22/2018,0
10/23/2018,0
10/24/2018,0.02
10/25/2018,0.01
10/26/2018,0
10/27/2018,0
10/28/2018,0
10/29/2018,0
10/31/2018,0
11/1/2018,0.12
11/5/2018,0.05
11/7/2018,0
11/8/2018,0.01
11/9/2018,0
11/10/2018,0
3/12/2019,0.1
3/13/2019,1.91
3/14/2019,0
3/16/2019,0
3/17/2019,0
3/18/2019,0
3/19/2019,0
3/20/2019,0
3/21/2019,0
3/22/2019,0.12
3/23/2019,0.16
3/24/2019,0.21
3/25/2019,0.11
3/26/2019,0
3/27/2019,0
3/28/2019,0
3/29/2019,0.15
3/30/2019,0.09
3/31/2019,0
4/1/2019,0.07
4/2/2019,0.34
4/3/2019,0.27
4/4/2019,0.03
4/5/2019,0
4/6/2019,0.07
4/7/2019,0
4/8/2019,0
4/9/2019,0
7/8/2019,0
7/9/2019,0
7/10/2019,0
7/11/2019,0
7/12/2019,0.02
7/13/2019,0
7/14/2019,0
7/15/2019,0.13
7/16/2019,0
10/15/2019,0
10/16/2019,0
10/17/2019,0
10/18/2019,0.08
10/19/2019,0
10/20/2019,1.39
10/21/2019,0.27
10/22/2019,0.24
10/23/2019,0.96
10/24/2019,0.23
10/25/2019,0
10/26/2019,0
10/27/2019,0.57
10/28/2019,0.23
10/29/2019,0.55
10/30/2019,0.06
10/31/2019,0
11/1/2019,0
11/2/2019,0
11/3/2019,0
11/4/2019,0
11/5/2019,0
11/6/2019,0
11/7/2019,0
11/8/2019,0
11/9/2019,0
11/10/2019,0
11/11/2019,0.03
11/12/2019,0
11/13/2019,0
11/14/2019,0
11/15/2019,0
11/16/2019,0
11/17/2019,0
11/18/2019,0
11/19/2019,0
11/20/2019,0.41
11/21/2019,0.11
11/22/2019,0.16
11/23/2019,0
11/24/2019,0
11/25/2019,0.9
11/26/2019,0.63
11/27/2019,0.01
11/28/2019,0
11/29/2019,0.3
11/30/2019,0.09
12/1/2019,0.01
12/2/2019,0
12/3/2019,0.25
12/4/2019,0
12/5/2019,0.49
12/6/2019,0
12/7/2019,0
12/8/2019,0.51
12/9/2019,0.23
12/10/2019,0.11
12/11/2019,0.08
12/12/2019,0.42
12/13/2019,0.54
12/14/2019,0.66
12/15/2019,0
12/16/2019,0
12/17/2019,0
12/18/2019,0
12/19/2019,0
12/20/2019,0
12/21/2019,0
12/22/2019,0
12/23/2019,0
12/24/2019,0
12/25/2019,0.12
12/26/2019,0
12/27/2019,0
12/28/2019,0.22
12/29/2019,0.04
12/30/2019,0
12/31/2019,0
1/1/2020,0.71
1/2/2020,0.14
1/3/2020,0.3
1/4/2020,0.03
1/5/2020,0.24
1/6/2020,0.34
1/7/2020,0.01
1/8/2020,0.04
1/9/2020,0.13
1/10/2020,0.05
1/11/2020,0.15
1/12/2020,0.17
1/13/2020,0.34
1/14/2020,0.11
1/15/2020,0.27
1/16/2020,0
1/17/2020,0.54
1/18/2020,0.04
1/19/2020,0
1/20/2020,0
1/21/2020,0.13
1/22/2020,0.34
1/23/2020,0.22
1/24/2020,0.07
1/25/2020,0.12
1/26/2020,0.03
1/27/2020,0.12
1/28/2020,0.04
1/29/2020,0.01
1/30/2020,0.03
1/31/2020,0.01
2/1/2020,0
2/2/2020,0
2/3/2020,0.9
2/4/2020,0.09
2/5/2020,0
2/6/2020,0.43
2/7/2020,0.34
2/8/2020,0.05
2/9/2020,0.06
2/10/2020,0.02
2/11/2020,0.03
2/12/2020,0.08
2/13/2020,0.28
2/14/2020,0.01
2/15/2020,0.04
2/16/2020,0.66
2/17/2020,0.57
2/18/2020,0.01
2/19/2020,0.23
2/20/2020,0
2/21/2020,0
2/22/2020,0
2/23/2020,0.24
2/24/2020,0.51
2/25/2020,0.04
2/26/2020,0.01
2/27/2020,0.17
2/28/2020,0
2/29/2020,0
3/1/2020,0.01
3/2/2020,0
3/3/2020,5.37
3/4/2020,0
3/5/2020,0
3/6/2020,0
3/7/2020,0
3/8/2020,0.22
3/9/2020,0.09
3/10/2020,0.6
3/11/2020,0.43
3/12/2020,0.17
3/13/2020,0.35
3/14/2020,0.11
3/15/2020,0
3/16/2020,0
3/17/2020,0
3/18/2020,0.36
3/19/2020,1.86
3/20/2020,0.26
3/21/2020,0.08
3/22/2020,0.26
3/23/2020,0.44
3/24/2020,0.12
3/25/2020,0.04
3/26/2020,0
3/27/2020,0.19
3/28/2020,0.14
3/29/2020,0.01
3/30/2020,0
3/31/2020,0.03
4/1/2020,0.01
4/2/2020,0.46
4/3/2020,0.09
4/4/2020,0.04
4/5/2020,0
4/6/2020,0
4/7/2020,0
4/8/2020,0
4/9/2020,0
4/10/2020,0.02
4/11/2020,0.54
4/12/2020,0.74
4/13/2020,0.2
4/14/2020,1.14
4/15/2020,1.08
4/16/2020,1.53
4/17/2020,0.45
4/18/2020,0.54
4/19/2020,0.03
4/20/2020,0
4/21/2020,0
4/22/2020,0
4/23/2020,0.71
4/24/2020,0.23
4/25/2020,0.07
4/26/2020,0.24
4/27/2020,0.01
4/28/2020,0
4/29/2020,0
4/30/2020,0
5/1/2020,0
5/2/2020,0.29
5/3/2020,0
5/4/2020,0.15
5/5/2020,0
5/6/2020,0
5/7/2020,0
5/8/2020,0
5/9/2020,0
5/10/2020,0
5/11/2020,0.39
5/12/2020,0.03
5/13/2020,0
5/14/2020,0.13
5/15/2020,0.28
5/16/2020,0
5/17/2020,0
5/18/2020,0
5/19/2020,0
5/20/2020,0
5/21/2020,0
