Reading,Receive,Value,Unit,Data Quality
2021-10-12 22:56:48,2021-10-12 22:57:05,1.85,ft,A
2021-10-12 16:56:46,2021-10-12 16:57:05,1.75,ft,A
2021-10-12 10:56:46,2021-10-12 10:57:05,1.75,ft,A
2021-10-12 04:56:45,2021-10-12 04:57:05,1.75,ft,A
2021-10-11 22:56:43,2021-10-11 22:57:05,1.75,ft,A
2021-10-11 16:56:42,2021-10-11 16:56:50,1.75,ft,A
2021-10-11 10:56:42,2021-10-11 10:56:50,1.75,ft,A
2021-10-11 04:56:41,2021-10-11 04:56:50,1.75,ft,A
2021-10-10 22:56:40,2021-10-10 22:56:50,1.75,ft,A
2021-10-10 16:56:39,2021-10-10 16:56:50,1.75,ft,A
2021-10-10 10:56:38,2021-10-10 10:56:50,1.65,ft,A
2021-10-10 04:56:37,2021-10-10 04:56:50,1.75,ft,A
2021-10-09 22:56:36,2021-10-09 22:56:50,1.75,ft,A
2021-10-09 16:56:36,2021-10-09 16:56:50,1.75,ft,A
2021-10-09 10:56:35,2021-10-09 10:56:50,1.65,ft,A
2021-10-09 04:56:33,2021-10-09 04:56:50,1.75,ft,A
2021-10-08 22:56:33,2021-10-08 22:56:50,1.75,ft,A
2021-10-08 16:56:32,2021-10-08 16:56:50,1.75,ft,A
2021-10-08 10:56:31,2021-10-08 10:56:50,1.75,ft,A
2021-10-06 10:56:24,2021-10-06 10:56:35,1.65,ft,A
2021-10-06 04:56:23,2021-10-06 04:56:35,1.75,ft,A
2021-10-05 22:56:22,2021-10-05 22:56:35,1.75,ft,A
2021-10-05 16:56:21,2021-10-05 16:56:35,1.75,ft,A
2021-10-05 10:56:21,2021-10-05 10:56:35,1.65,ft,A
2021-10-05 04:56:19,2021-10-05 04:56:35,1.75,ft,A
2021-10-04 22:56:18,2021-10-04 22:56:35,1.75,ft,A
2021-10-04 16:56:17,2021-10-04 16:56:35,1.75,ft,A
2021-10-04 10:56:16,2021-10-04 10:56:35,1.65,ft,A
2021-10-04 04:56:16,2021-10-04 04:56:35,1.75,ft,A
2021-10-03 22:56:15,2021-10-03 22:56:35,1.75,ft,A
2021-10-03 16:56:14,2021-10-03 16:56:35,1.75,ft,A
2021-10-03 10:56:13,2021-10-03 10:56:35,1.65,ft,A
2021-10-02 22:56:11,2021-10-02 22:56:20,1.75,ft,A
2021-10-02 16:56:10,2021-10-02 16:56:20,1.75,ft,A
2021-10-02 10:56:09,2021-10-02 10:56:20,1.65,ft,A
2021-10-02 04:56:09,2021-10-02 04:56:20,1.75,ft,A
2021-10-01 22:56:07,2021-10-01 22:56:20,1.75,ft,A
2021-10-01 16:56:06,2021-10-01 16:56:20,1.75,ft,A
2021-10-01 10:56:05,2021-10-01 10:56:20,1.75,ft,A
2021-10-01 04:56:05,2021-10-01 04:56:20,1.75,ft,A
2021-09-30 22:56:04,2021-09-30 22:56:20,1.75,ft,A
2021-09-30 16:56:03,2021-09-30 16:56:20,1.75,ft,A
2021-09-30 10:56:02,2021-09-30 10:56:20,1.75,ft,A
2021-09-28 16:55:55,2021-09-28 16:56:05,1.75,ft,A
2021-09-28 10:55:55,2021-09-28 10:56:05,1.65,ft,A
2021-09-28 04:55:55,2021-09-28 04:56:05,1.75,ft,A
2021-09-27 22:55:53,2021-09-27 22:56:05,1.75,ft,A
2021-09-27 16:55:52,2021-09-27 16:56:05,1.65,ft,A
2021-09-27 10:55:51,2021-09-27 10:56:05,1.65,ft,A
2021-09-26 22:55:50,2021-09-26 22:56:05,1.75,ft,A
2021-09-26 16:55:49,2021-09-26 16:56:05,1.65,ft,A
2021-09-26 10:55:48,2021-09-26 10:56:05,1.65,ft,A
2021-09-26 04:55:47,2021-09-26 04:56:05,1.75,ft,A
2021-09-25 16:55:45,2021-09-25 16:56:05,1.75,ft,A
2021-09-25 10:55:45,2021-09-25 10:56:05,1.65,ft,A
2021-09-24 16:55:42,2021-09-24 16:55:50,1.75,ft,A
2021-09-24 10:55:41,2021-09-24 10:55:50,1.65,ft,A
2021-09-24 04:55:41,2021-09-24 04:55:50,1.75,ft,A
2021-09-23 22:55:40,2021-09-23 22:55:50,1.75,ft,A
2021-09-23 16:55:38,2021-09-23 16:55:50,1.65,ft,A
2021-09-23 10:55:37,2021-09-23 10:55:50,1.65,ft,A
2021-09-23 04:55:37,2021-09-23 04:55:50,1.75,ft,A
2021-09-22 22:55:36,2021-09-22 22:55:50,1.75,ft,A
2021-09-22 16:55:35,2021-09-22 16:55:50,1.75,ft,A
2021-09-22 10:55:34,2021-09-22 10:55:50,1.65,ft,A
2021-09-22 04:55:33,2021-09-22 04:55:50,1.75,ft,A
2021-09-21 22:55:32,2021-09-21 22:55:50,1.75,ft,A
2021-09-21 16:55:31,2021-09-21 16:55:50,1.75,ft,A
2021-09-21 10:55:30,2021-09-21 10:55:50,1.65,ft,A
2021-09-21 04:55:29,2021-09-21 04:55:50,1.75,ft,A
2021-09-20 16:55:28,2021-09-20 16:55:50,1.65,ft,A
2021-09-20 10:55:27,2021-09-20 10:55:35,1.65,ft,A
2021-09-20 04:55:25,2021-09-20 04:55:35,1.75,ft,A
2021-09-19 22:55:25,2021-09-19 22:55:35,1.75,ft,A
2021-09-19 16:55:25,2021-09-19 16:55:35,1.65,ft,A
2021-09-19 10:55:24,2021-09-19 10:55:35,1.65,ft,A
2021-09-19 04:55:23,2021-09-19 04:55:35,1.75,ft,A
2021-09-18 22:55:22,2021-09-18 22:55:35,1.75,ft,A
2021-09-18 10:55:20,2021-09-18 10:55:35,1.65,ft,A
2021-09-18 04:55:20,2021-09-18 04:55:35,1.75,ft,A
2021-09-17 22:55:19,2021-09-17 22:55:35,1.75,ft,A
2021-09-17 16:55:17,2021-09-17 16:55:35,1.65,ft,A
2021-09-17 10:55:16,2021-09-17 10:55:35,1.65,ft,A
2021-09-17 04:55:16,2021-09-17 04:55:35,1.75,ft,A
2021-09-16 22:55:16,2021-09-16 22:55:35,1.65,ft,A
2021-09-16 16:55:14,2021-09-16 16:55:35,1.65,ft,A
2021-09-16 10:55:14,2021-09-16 10:55:35,1.65,ft,A
2021-09-16 04:55:13,2021-09-16 04:55:35,1.75,ft,A
2021-09-15 22:55:13,2021-09-15 22:55:35,1.75,ft,A
2021-09-15 16:55:13,2021-09-15 16:55:20,1.65,ft,A
2021-09-15 10:55:11,2021-09-15 10:55:20,1.65,ft,A
2021-09-15 04:55:10,2021-09-15 04:55:20,1.75,ft,A
2021-09-14 22:55:08,2021-09-14 22:55:20,1.75,ft,A
2021-09-14 16:55:07,2021-09-14 16:55:20,1.65,ft,A
2021-09-14 10:55:07,2021-09-14 10:55:20,1.65,ft,A
2021-09-14 04:55:06,2021-09-14 04:55:20,1.75,ft,A
2021-09-13 22:55:05,2021-09-13 22:55:20,1.75,ft,A
2021-09-13 16:55:05,2021-09-13 16:55:20,1.65,ft,A
2021-09-13 10:55:04,2021-09-13 10:55:20,1.65,ft,A
2021-09-13 04:55:04,2021-09-13 04:55:20,1.75,ft,A
2021-09-12 22:55:02,2021-09-12 22:55:20,1.75,ft,A
2021-09-12 16:55:01,2021-09-12 16:55:20,1.65,ft,A
2021-09-12 10:55:00,2021-09-12 10:55:20,1.75,ft,A
2021-09-12 04:54:59,2021-09-12 04:55:20,1.75,ft,A
2021-09-11 22:54:58,2021-09-11 22:55:20,1.65,ft,A
2021-09-11 16:54:58,2021-09-11 16:55:20,1.65,ft,A
2021-09-11 10:54:57,2021-09-11 10:55:05,1.65,ft,A
2021-09-11 04:54:56,2021-09-11 04:55:05,1.75,ft,A
2021-09-10 22:54:55,2021-09-10 22:55:05,1.75,ft,A
2021-09-10 16:54:54,2021-09-10 16:55:05,1.65,ft,A
2021-09-10 10:54:53,2021-09-10 10:55:05,1.65,ft,A
2021-09-10 04:54:53,2021-09-10 04:55:05,1.75,ft,A
2021-09-09 22:54:52,2021-09-09 22:55:05,1.75,ft,A
2021-09-09 16:54:51,2021-09-09 16:55:05,1.65,ft,A
2021-09-09 04:54:49,2021-09-09 04:55:05,1.75,ft,A
2021-09-08 22:54:48,2021-09-08 22:55:05,1.75,ft,A
2021-09-08 16:54:47,2021-09-08 16:55:05,1.65,ft,A
2021-09-08 04:54:46,2021-09-08 04:55:05,1.75,ft,A
2021-09-07 22:54:45,2021-09-07 22:55:05,1.75,ft,A
2021-09-07 10:54:44,2021-09-07 10:55:05,1.65,ft,A
2021-09-06 22:54:41,2021-09-06 22:54:50,1.75,ft,A
2021-09-06 16:54:41,2021-09-06 16:54:50,1.65,ft,A
2021-09-06 10:54:40,2021-09-06 10:54:50,1.65,ft,A
2021-09-06 04:54:40,2021-09-06 04:54:50,1.75,ft,A
2021-09-05 22:54:39,2021-09-05 22:54:50,1.75,ft,A
2021-09-05 16:54:38,2021-09-05 16:54:50,1.65,ft,A
2021-09-05 10:54:37,2021-09-05 10:54:50,1.65,ft,A
2021-09-05 04:54:36,2021-09-05 04:54:50,1.75,ft,A
2021-09-04 22:54:35,2021-09-04 22:54:50,1.75,ft,A
2021-09-04 16:54:35,2021-09-04 16:54:50,1.65,ft,A
2021-09-04 04:54:33,2021-09-04 04:54:50,1.75,ft,A
2021-09-03 22:54:32,2021-09-03 22:54:50,1.75,ft,A
2021-09-03 16:54:31,2021-09-03 16:54:50,1.65,ft,A
2021-09-03 10:54:30,2021-09-03 10:54:50,1.65,ft,A
2021-09-03 04:54:30,2021-09-03 04:54:50,1.75,ft,A
2021-09-02 16:54:28,2021-09-02 16:54:50,1.65,ft,A
2021-09-02 10:54:27,2021-09-02 10:54:35,1.65,ft,A
2021-09-02 04:54:26,2021-09-02 04:54:35,1.75,ft,A
2021-09-01 22:54:25,2021-09-01 22:54:35,1.75,ft,A
2021-09-01 16:54:25,2021-09-01 16:54:35,1.65,ft,A
2021-09-01 10:54:24,2021-09-01 10:54:35,1.65,ft,A
2021-09-01 04:54:23,2021-09-01 04:54:35,1.75,ft,A
2021-08-31 22:54:22,2021-08-31 22:54:35,1.75,ft,A
2021-08-31 10:54:21,2021-08-31 10:54:35,1.65,ft,A
2021-08-31 04:54:19,2021-08-31 04:54:35,1.75,ft,A
2021-08-30 22:54:18,2021-08-30 22:54:35,1.75,ft,A
2021-08-30 16:54:17,2021-08-30 16:54:35,1.65,ft,A
2021-08-30 10:54:17,2021-08-30 10:54:35,1.65,ft,A
2021-08-30 04:54:14,2021-08-30 04:54:20,1.75,ft,A
2021-08-29 22:54:16,2021-08-29 22:54:35,1.75,ft,A
2021-08-29 16:54:14,2021-08-29 16:54:35,1.65,ft,A
2021-08-29 10:54:14,2021-08-29 10:54:35,1.65,ft,A
2021-08-29 04:54:13,2021-08-29 04:54:35,1.75,ft,A
2021-08-28 22:54:13,2021-08-28 22:54:20,1.75,ft,A
2021-08-28 10:54:11,2021-08-28 10:54:20,1.65,ft,A
2021-08-28 04:54:10,2021-08-28 04:54:20,1.75,ft,A
2021-08-27 22:54:09,2021-08-27 22:54:20,1.75,ft,A
2021-08-27 16:54:08,2021-08-27 16:54:20,1.65,ft,A
2021-08-27 10:54:07,2021-08-27 10:54:20,1.65,ft,A
2021-08-27 04:54:07,2021-08-27 04:54:20,1.75,ft,A
2021-08-26 22:54:06,2021-08-26 22:54:20,1.75,ft,A
2021-08-26 16:54:06,2021-08-26 16:54:20,1.65,ft,A
2021-08-26 04:54:04,2021-08-26 04:54:20,1.75,ft,A
2021-08-25 22:54:03,2021-08-25 22:54:20,1.75,ft,A
2021-08-25 16:54:02,2021-08-25 16:54:20,1.65,ft,A
2021-08-25 10:54:01,2021-08-25 10:54:20,1.65,ft,A
2021-08-25 04:54:00,2021-08-25 04:54:20,1.75,ft,A
2021-08-24 22:54:00,2021-08-24 22:54:20,1.75,ft,A
2021-08-24 16:53:59,2021-08-24 16:54:20,1.65,ft,A
2021-08-24 10:53:58,2021-08-24 10:54:20,1.65,ft,A
2021-08-24 04:53:57,2021-08-24 04:54:20,1.75,ft,A
2021-08-23 22:53:56,2021-08-23 22:54:05,1.75,ft,A
2021-08-23 16:53:55,2021-08-23 16:54:05,1.65,ft,A
2021-08-23 10:53:55,2021-08-23 10:54:05,1.65,ft,A
2021-08-23 04:53:53,2021-08-23 04:54:05,1.75,ft,A
2021-08-22 22:53:52,2021-08-22 22:54:05,1.75,ft,A
2021-08-22 16:53:51,2021-08-22 16:54:05,1.65,ft,A
2021-08-22 10:53:49,2021-08-22 10:54:05,1.65,ft,A
2021-08-22 04:53:50,2021-08-22 04:54:05,1.75,ft,A
2021-08-21 22:53:49,2021-08-21 22:54:05,1.75,ft,A
2021-08-21 16:53:48,2021-08-21 16:54:05,1.65,ft,A
2021-08-21 10:53:47,2021-08-21 10:54:05,1.65,ft,A
2021-08-21 04:53:47,2021-08-21 04:54:05,1.75,ft,A
2021-08-20 22:53:46,2021-08-20 22:54:05,1.75,ft,A
2021-08-20 16:53:45,2021-08-20 16:54:05,1.65,ft,A
2021-08-20 10:53:44,2021-08-20 10:54:05,1.65,ft,A
2021-08-20 04:53:43,2021-08-20 04:54:05,1.75,ft,A
2021-08-19 22:53:43,2021-08-19 22:54:05,1.75,ft,A
2021-08-19 16:53:42,2021-08-19 16:53:50,1.65,ft,A
2021-08-19 04:53:40,2021-08-19 04:53:50,1.75,ft,A
2021-08-18 22:53:39,2021-08-18 22:53:50,1.65,ft,A
2021-08-18 16:53:38,2021-08-18 16:53:50,1.65,ft,A
2021-08-18 10:53:38,2021-08-18 10:53:50,1.65,ft,A
2021-08-18 04:53:37,2021-08-18 04:53:50,1.75,ft,A
2021-08-16 22:53:33,2021-08-16 22:53:50,1.75,ft,A
2021-08-16 16:53:32,2021-08-16 16:53:50,1.65,ft,A
2021-08-16 10:53:31,2021-08-16 10:53:50,1.65,ft,A
2021-08-16 04:53:30,2021-08-16 04:53:50,1.75,ft,A
2021-08-15 16:53:28,2021-08-15 16:53:50,1.65,ft,A
2021-08-15 04:53:26,2021-08-15 04:53:35,1.65,ft,A
2021-08-14 22:53:27,2021-08-14 22:53:35,1.75,ft,A
2021-08-14 10:53:22,2021-08-14 10:53:35,1.65,ft,A
2021-08-14 04:53:24,2021-08-14 04:53:35,1.75,ft,A
2021-08-13 16:53:22,2021-08-13 16:53:35,1.65,ft,A
2021-08-13 04:53:20,2021-08-13 04:53:35,1.75,ft,A
2021-08-12 16:53:19,2021-08-12 16:53:35,1.65,ft,A
2021-08-12 04:53:18,2021-08-12 04:53:35,1.75,ft,A
2021-08-11 22:53:17,2021-08-11 22:53:35,1.75,ft,A
2021-08-11 16:53:16,2021-08-11 16:53:35,1.65,ft,A
2021-08-11 10:53:15,2021-08-11 10:53:35,1.65,ft,A
2021-08-11 04:53:14,2021-08-11 04:53:35,1.75,ft,A
2021-08-10 22:53:13,2021-08-10 22:53:35,1.75,ft,A
2021-08-10 16:53:12,2021-08-10 16:53:20,1.65,ft,A
2021-08-10 10:53:11,2021-08-10 10:53:20,1.65,ft,A
2021-08-10 04:53:11,2021-08-10 04:53:20,1.75,ft,A
2021-08-09 22:53:10,2021-08-09 22:53:20,1.65,ft,A
2021-08-09 16:53:09,2021-08-09 16:53:20,1.65,ft,A
2021-08-09 10:53:09,2021-08-09 10:53:20,1.65,ft,A
2021-08-09 04:53:08,2021-08-09 04:53:20,1.75,ft,A
2021-08-08 22:53:07,2021-08-08 22:53:20,1.75,ft,A
2021-08-08 16:53:06,2021-08-08 16:53:20,1.65,ft,A
2021-08-08 10:53:05,2021-08-08 10:53:20,1.65,ft,A
2021-08-07 22:53:04,2021-08-07 22:53:20,1.75,ft,A
2021-08-07 16:53:03,2021-08-07 16:53:20,1.65,ft,A
2021-08-07 10:53:02,2021-08-07 10:53:20,1.65,ft,A
2021-08-07 04:53:01,2021-08-07 04:53:20,1.75,ft,A
2021-08-06 22:53:01,2021-08-06 22:53:20,1.75,ft,A
2021-08-06 16:53:00,2021-08-06 16:53:20,1.65,ft,A
2021-08-05 10:52:55,2021-08-05 10:53:05,1.55,ft,A
2021-08-05 04:52:55,2021-08-05 04:53:05,1.65,ft,A
2021-08-04 16:52:53,2021-08-04 16:53:05,1.55,ft,A
2021-08-04 10:52:52,2021-08-04 10:53:05,1.65,ft,A
2021-08-04 04:52:51,2021-08-04 04:53:05,1.75,ft,A
2021-08-04 01:12:50,2021-08-04 01:13:05,1.75,ft,A
2021-08-04 01:10:50,2021-08-04 01:11:05,1.95,ft,A
2021-08-04 01:06:50,2021-08-04 01:07:05,1.75,ft,A
2021-08-04 01:01:50,2021-08-04 01:02:05,1.95,ft,A
2021-08-04 00:57:50,2021-08-04 00:58:05,1.75,ft,A
2021-08-04 00:20:50,2021-08-04 00:21:05,1.95,ft,A
2021-08-04 00:05:50,2021-08-04 00:06:05,2.15,ft,A
2021-08-03 23:50:50,2021-08-03 23:51:05,2.35,ft,A
2021-08-03 23:42:50,2021-08-03 23:43:05,2.55,ft,A
2021-08-03 23:41:50,2021-08-03 23:42:05,2.35,ft,A
2021-08-03 23:30:50,2021-08-03 23:31:05,2.55,ft,A
2021-08-03 23:29:50,2021-08-03 23:30:05,2.85,ft,A
2021-08-03 23:11:50,2021-08-03 23:12:05,2.65,ft,A
2021-08-03 22:52:50,2021-08-03 22:53:05,2.45,ft,A
2021-08-03 22:46:50,2021-08-03 22:47:05,2.35,ft,A
2021-08-03 22:28:50,2021-08-03 22:29:05,2.55,ft,A
2021-08-03 22:22:50,2021-08-03 22:23:05,2.35,ft,A
2021-08-03 22:17:50,2021-08-03 22:18:05,2.15,ft,A
2021-08-03 22:14:50,2021-08-03 22:15:05,1.85,ft,A
2021-08-03 16:52:50,2021-08-03 16:53:05,1.65,ft,A
2021-08-03 10:52:49,2021-08-03 10:53:05,1.65,ft,A
2021-08-03 04:52:48,2021-08-03 04:53:05,1.65,ft,A
2021-08-02 22:52:47,2021-08-02 22:53:05,1.65,ft,A
2021-08-02 16:52:46,2021-08-02 16:53:05,1.55,ft,A
2021-08-02 10:52:45,2021-08-02 10:53:05,1.55,ft,A
2021-08-02 04:52:45,2021-08-02 04:53:05,1.65,ft,A
2021-08-01 22:52:44,2021-08-01 22:53:05,1.65,ft,A
2021-08-01 10:52:42,2021-08-01 10:52:50,1.65,ft,A
2021-07-31 22:52:41,2021-07-31 22:52:50,1.75,ft,A
2021-07-31 18:04:40,2021-07-31 18:04:50,1.75,ft,A
2021-07-31 18:03:40,2021-07-31 18:03:50,1.95,ft,A
2021-07-31 17:59:40,2021-07-31 17:59:50,1.75,ft,A
2021-07-31 17:42:40,2021-07-31 17:42:50,1.95,ft,A
2021-07-31 17:29:40,2021-07-31 17:29:50,2.15,ft,A
2021-07-31 17:18:40,2021-07-31 17:18:50,2.35,ft,A
2021-07-31 16:52:40,2021-07-31 16:52:50,2.55,ft,A
2021-07-31 16:44:40,2021-07-31 16:44:50,2.55,ft,A
2021-07-31 16:29:40,2021-07-31 16:29:50,2.75,ft,A
2021-07-31 16:24:40,2021-07-31 16:24:50,2.55,ft,A
2021-07-31 16:22:40,2021-07-31 16:22:50,2.35,ft,A
2021-07-31 16:19:40,2021-07-31 16:19:50,2.55,ft,A
2021-07-31 16:16:40,2021-07-31 16:16:50,2.35,ft,A
2021-07-31 16:14:40,2021-07-31 16:14:50,2.15,ft,A
2021-07-31 16:11:40,2021-07-31 16:11:50,1.95,ft,A
2021-07-31 10:52:39,2021-07-31 10:52:50,1.65,ft,A
2021-07-30 22:52:37,2021-07-30 22:52:50,1.75,ft,A
2021-07-30 21:22:37,2021-07-30 21:22:50,1.85,ft,A
2021-07-30 21:14:34,2021-07-30 21:14:50,1.85,ft,A
2021-07-30 21:12:36,2021-07-30 21:12:50,2.05,ft,A
2021-07-30 21:11:37,2021-07-30 21:11:50,1.85,ft,A
2021-07-30 21:02:37,2021-07-30 21:02:50,2.05,ft,A
2021-07-30 20:23:36,2021-07-30 20:23:50,2.05,ft,A
2021-07-30 20:15:37,2021-07-30 20:15:50,2.25,ft,A
2021-07-30 20:04:37,2021-07-30 20:04:50,2.45,ft,A
2021-07-30 19:58:36,2021-07-30 19:58:50,2.75,ft,A
2021-07-30 19:52:37,2021-07-30 19:52:50,2.95,ft,A
2021-07-30 19:50:37,2021-07-30 19:50:50,3.15,ft,A
2021-07-30 19:44:37,2021-07-30 19:44:50,3.35,ft,A
2021-07-30 19:27:37,2021-07-30 19:27:50,3.35,ft,A
2021-07-30 19:22:37,2021-07-30 19:22:50,3.75,ft,A
2021-07-30 19:20:36,2021-07-30 19:20:50,3.55,ft,A
2021-07-30 19:17:37,2021-07-30 19:17:50,3.75,ft,A
2021-07-30 19:10:36,2021-07-30 19:10:50,3.95,ft,A
2021-07-30 19:07:37,2021-07-30 19:07:50,4.15,ft,A
2021-07-30 19:06:37,2021-07-30 19:06:50,3.85,ft,A
2021-07-30 19:02:36,2021-07-30 19:02:50,4.15,ft,A
2021-07-30 18:59:37,2021-07-30 18:59:50,4.35,ft,A
2021-07-30 18:57:36,2021-07-30 18:57:50,4.05,ft,A
2021-07-30 18:54:36,2021-07-30 18:54:50,4.05,ft,A
2021-07-30 18:50:37,2021-07-30 18:50:50,3.85,ft,A
2021-07-30 18:48:37,2021-07-30 18:48:50,3.65,ft,A
2021-07-30 18:46:36,2021-07-30 18:46:50,3.45,ft,A
2021-07-30 18:45:36,2021-07-30 18:45:50,3.75,ft,A
2021-07-30 18:41:36,2021-07-30 18:41:50,3.25,ft,A
2021-07-30 18:40:37,2021-07-30 18:40:50,3.05,ft,A
2021-07-30 18:37:36,2021-07-30 18:37:50,2.75,ft,A
2021-07-30 18:32:37,2021-07-30 18:32:50,2.55,ft,A
2021-07-30 18:26:36,2021-07-30 18:26:50,2.35,ft,A
2021-07-30 18:20:36,2021-07-30 18:20:50,2.15,ft,A
2021-07-30 18:16:36,2021-07-30 18:16:50,1.95,ft,A
2021-07-30 16:52:36,2021-07-30 16:52:50,1.75,ft,A
2021-07-29 10:52:33,2021-07-29 10:52:50,1.65,ft,A
2021-07-29 04:52:32,2021-07-29 04:52:50,1.75,ft,A
2021-07-28 16:52:30,2021-07-28 16:52:50,1.65,ft,A
2021-07-27 10:52:26,2021-07-27 10:52:35,1.65,ft,A
2021-07-26 22:52:24,2021-07-26 22:52:35,1.75,ft,A
2021-07-26 16:52:23,2021-07-26 16:52:35,1.65,ft,A
2021-07-26 10:52:22,2021-07-26 10:52:35,1.65,ft,A
2021-07-26 04:52:21,2021-07-26 04:52:35,1.75,ft,A
2021-07-25 22:52:22,2021-07-25 22:52:35,1.75,ft,A
2021-07-25 16:52:21,2021-07-25 16:52:35,1.65,ft,A
2021-07-25 04:52:19,2021-07-25 04:52:35,1.75,ft,A
2021-07-24 22:52:18,2021-07-24 22:52:35,1.75,ft,A
2021-07-24 16:52:17,2021-07-24 16:52:35,1.65,ft,A
2021-07-24 10:52:16,2021-07-24 10:52:35,1.65,ft,A
2021-07-23 22:52:15,2021-07-23 22:52:35,1.75,ft,A
2021-07-23 04:52:13,2021-07-23 04:52:35,1.75,ft,A
2021-07-22 22:52:11,2021-07-22 22:52:20,1.75,ft,A
2021-07-22 16:52:10,2021-07-22 16:52:20,1.65,ft,A
2021-07-22 10:52:10,2021-07-22 10:52:20,1.65,ft,A
2021-07-22 04:52:09,2021-07-22 04:52:20,1.75,ft,A
2021-07-21 22:52:09,2021-07-21 22:52:20,1.75,ft,A
2021-07-21 16:52:08,2021-07-21 16:52:20,1.65,ft,A
2021-07-21 10:52:07,2021-07-21 10:52:20,1.65,ft,A
2021-07-20 10:52:04,2021-07-20 10:52:20,1.65,ft,A
2021-07-19 22:52:02,2021-07-19 22:52:20,1.75,ft,A
2021-07-19 16:52:02,2021-07-19 16:52:20,1.65,ft,A
2021-07-19 10:52:00,2021-07-19 10:52:20,1.65,ft,A
2021-07-19 04:52:00,2021-07-19 04:52:20,1.75,ft,A
2021-07-18 16:51:59,2021-07-18 16:52:20,1.65,ft,A
2021-07-18 10:51:58,2021-07-18 10:52:05,1.65,ft,A
2021-07-17 22:51:56,2021-07-17 22:52:05,1.75,ft,A
2021-07-17 16:51:55,2021-07-17 16:52:05,1.65,ft,A
2021-07-17 10:51:54,2021-07-17 10:52:05,1.65,ft,A
2021-07-17 04:51:53,2021-07-17 04:52:05,1.75,ft,A
2021-07-16 16:51:51,2021-07-16 16:52:05,1.65,ft,A
2021-07-16 12:41:50,2021-07-16 12:42:05,1.65,ft,A
2021-07-16 12:25:50,2021-07-16 12:26:05,1.55,ft,A
2021-07-16 10:51:51,2021-07-16 10:52:05,1.55,ft,A
2021-07-16 04:51:50,2021-07-16 04:52:05,1.55,ft,A
2021-07-15 22:51:49,2021-07-15 22:52:05,1.55,ft,A
2021-07-15 16:51:48,2021-07-15 16:52:05,1.55,ft,A
2021-07-15 10:51:47,2021-07-15 10:52:05,1.55,ft,A
2021-07-15 04:51:46,2021-07-15 04:52:05,1.55,ft,A
2021-07-14 22:51:46,2021-07-14 22:52:05,1.55,ft,A
2021-07-14 16:30:45,2021-07-14 16:31:05,1.55,ft,A
2021-07-14 10:51:44,2021-07-14 10:52:05,1.55,ft,A
2021-07-14 04:51:40,2021-07-14 04:51:50,1.55,ft,A
2021-07-13 22:51:42,2021-07-13 22:51:50,1.55,ft,A
2021-07-13 16:51:41,2021-07-13 16:51:50,1.55,ft,A
2021-07-13 04:51:40,2021-07-13 04:51:50,1.55,ft,A
2021-07-12 22:51:39,2021-07-12 22:51:50,1.55,ft,A
2021-07-12 16:51:39,2021-07-12 16:51:50,1.55,ft,A
2021-07-12 10:51:35,2021-07-12 10:51:50,1.55,ft,A
2021-07-12 04:51:37,2021-07-12 04:51:50,1.55,ft,A
2021-07-11 22:51:36,2021-07-11 22:51:50,1.55,ft,A
2021-07-11 16:51:35,2021-07-11 16:51:50,1.55,ft,A
2021-07-11 10:51:34,2021-07-11 10:51:50,1.55,ft,A
2021-07-11 04:51:33,2021-07-11 04:51:50,1.55,ft,A
2021-07-10 10:51:31,2021-07-10 10:51:50,1.65,ft,A
2021-07-10 04:51:30,2021-07-10 04:51:50,1.55,ft,A
2021-07-09 22:51:27,2021-07-09 22:51:35,1.55,ft,A
2021-07-09 16:51:28,2021-07-09 16:51:50,1.55,ft,A
2021-07-09 10:51:24,2021-07-09 10:51:35,1.55,ft,A
2021-07-09 04:51:27,2021-07-09 04:51:35,1.55,ft,A
2021-07-08 22:51:27,2021-07-08 22:51:35,1.55,ft,A
2021-07-08 04:51:21,2021-07-08 04:51:35,1.55,ft,A
2021-07-07 22:51:23,2021-07-07 22:51:35,1.55,ft,A
2021-07-07 16:51:22,2021-07-07 16:51:35,1.55,ft,A
2021-07-07 04:51:21,2021-07-07 04:51:35,1.55,ft,A
2021-07-06 16:51:19,2021-07-06 16:51:35,1.55,ft,A
2021-07-06 10:51:19,2021-07-06 10:51:35,1.55,ft,A
2021-07-06 04:51:18,2021-07-06 04:51:35,1.55,ft,A
2021-07-05 22:51:17,2021-07-05 22:51:35,1.55,ft,A
2021-07-05 16:51:16,2021-07-05 16:51:35,1.55,ft,A
2021-07-04 22:51:14,2021-07-04 22:51:35,1.65,ft,A
2021-07-04 16:51:13,2021-07-04 16:51:35,1.85,ft,A
2021-07-04 16:48:12,2021-07-04 16:48:35,1.95,ft,A
2021-07-04 16:43:13,2021-07-04 16:43:35,1.75,ft,A
2021-07-04 10:51:09,2021-07-04 10:51:20,1.55,ft,A
2021-07-03 22:51:10,2021-07-03 22:51:20,1.65,ft,A
2021-07-03 18:06:09,2021-07-03 18:06:20,1.75,ft,A
2021-07-03 16:51:09,2021-07-03 16:51:20,2.15,ft,A
2021-07-03 16:47:09,2021-07-03 16:47:20,2.15,ft,A
2021-07-03 16:42:09,2021-07-03 16:42:20,2.35,ft,A
2021-07-03 16:33:09,2021-07-03 16:33:20,2.75,ft,A
2021-07-03 16:20:09,2021-07-03 16:20:20,2.95,ft,A
2021-07-03 16:19:09,2021-07-03 16:19:20,3.25,ft,A
2021-07-03 16:18:09,2021-07-03 16:18:20,2.95,ft,A
2021-07-03 16:12:09,2021-07-03 16:12:20,2.75,ft,A
2021-07-03 16:00:09,2021-07-03 16:00:21,2.35,ft,A
2021-07-03 15:58:09,2021-07-03 15:58:20,2.05,ft,A
2021-07-03 12:41:09,2021-07-03 12:41:20,1.55,ft,A
2021-07-03 10:26:08,2021-07-03 10:26:20,1.65,ft,A
2021-07-03 04:51:07,2021-07-03 04:51:20,1.85,ft,A
2021-07-02 22:51:05,2021-07-02 22:51:20,1.85,ft,A
2021-07-02 20:08:07,2021-07-02 20:08:20,1.95,ft,A
2021-07-02 18:06:06,2021-07-02 18:06:20,1.75,ft,A
2021-07-02 16:51:06,2021-07-02 16:51:20,1.95,ft,A
2021-07-02 16:21:05,2021-07-02 16:21:20,1.95,ft,A
2021-07-02 15:03:06,2021-07-02 15:03:20,1.75,ft,A
2021-07-02 04:51:04,2021-07-02 04:51:20,1.65,ft,A
2021-07-01 22:51:04,2021-07-01 22:51:20,1.75,ft,A
2021-07-01 20:16:04,2021-07-01 20:16:20,1.75,ft,A
2021-07-01 19:26:03,2021-07-01 19:26:20,1.75,ft,A
2021-07-01 18:30:04,2021-07-01 18:30:20,1.95,ft,A
2021-07-01 18:16:03,2021-07-01 18:16:20,2.15,ft,A
2021-07-01 18:10:04,2021-07-01 18:10:20,2.35,ft,A
2021-07-01 18:03:03,2021-07-01 18:03:20,2.55,ft,A
2021-07-01 17:54:03,2021-07-01 17:54:20,2.35,ft,A
2021-07-01 17:49:03,2021-07-01 17:49:20,2.15,ft,A
2021-07-01 16:51:03,2021-07-01 16:51:20,1.75,ft,A
2021-07-01 16:51:01,2021-07-01 16:51:20,1.85,ft,A
2021-07-01 10:51:02,2021-07-01 10:51:20,1.65,ft,A
2021-07-01 04:51:01,2021-07-01 04:51:20,1.75,ft,A
2021-06-30 22:51:00,2021-06-30 22:51:20,1.75,ft,A
2021-06-30 16:51:00,2021-06-30 16:51:05,1.65,ft,A
2021-06-30 10:50:57,2021-06-30 10:51:05,1.65,ft,A
2021-06-29 22:50:57,2021-06-29 22:51:20,1.75,ft,A
2021-06-29 16:50:56,2021-06-29 16:51:05,1.65,ft,A
2021-06-29 10:50:56,2021-06-29 10:51:05,1.65,ft,A
2021-06-29 04:50:55,2021-06-29 04:51:05,1.75,ft,A
2021-06-28 22:50:51,2021-06-28 22:51:05,1.75,ft,A
2021-06-28 16:50:53,2021-06-28 16:51:05,1.65,ft,A
2021-06-28 04:50:51,2021-06-28 04:51:05,1.55,ft,A
2021-06-27 22:50:50,2021-06-27 22:51:05,1.55,ft,A
2021-06-27 16:50:50,2021-06-27 16:51:05,1.75,ft,A
2021-06-27 13:22:49,2021-06-27 13:23:05,1.75,ft,A
2021-06-27 10:50:48,2021-06-27 10:51:05,1.55,ft,A
2021-06-27 04:50:48,2021-06-27 04:51:05,1.65,ft,A
2021-06-26 22:50:48,2021-06-26 22:51:05,1.65,ft,A
2021-06-26 10:50:45,2021-06-26 10:51:05,1.65,ft,A
2021-06-26 07:39:45,2021-06-26 07:40:05,1.65,ft,A
2021-06-26 04:50:45,2021-06-26 04:51:05,1.85,ft,A
2021-06-26 03:49:45,2021-06-26 03:50:05,1.95,ft,A
2021-06-26 03:03:42,2021-06-26 03:03:50,2.15,ft,A
2021-06-26 01:53:44,2021-06-26 01:54:05,2.35,ft,A
2021-06-26 01:35:44,2021-06-26 01:36:05,2.15,ft,A
2021-06-26 00:45:44,2021-06-26 00:46:05,2.35,ft,A
2021-06-26 00:42:41,2021-06-26 00:42:50,2.15,ft,A
2021-06-26 00:37:41,2021-06-26 00:37:50,1.95,ft,A
2021-06-25 16:50:42,2021-06-25 16:50:50,1.65,ft,A
2021-06-25 10:50:43,2021-06-25 10:51:05,1.65,ft,A
2021-06-25 04:50:42,2021-06-25 04:50:50,1.75,ft,A
2021-06-24 22:50:38,2021-06-24 22:50:50,1.75,ft,A
2021-06-24 10:50:36,2021-06-24 10:50:50,1.65,ft,A
2021-06-24 04:50:38,2021-06-24 04:50:50,1.75,ft,A
2021-06-23 10:50:34,2021-06-23 10:50:50,1.65,ft,A
2021-06-23 04:50:32,2021-06-23 04:50:50,1.75,ft,A
2021-06-22 10:50:33,2021-06-22 10:50:50,1.65,ft,A
2021-06-22 04:50:29,2021-06-22 04:50:50,1.75,ft,A
2021-06-21 22:50:31,2021-06-21 22:50:50,1.75,ft,A
2021-06-21 16:50:30,2021-06-21 16:50:50,1.65,ft,A
2021-06-21 10:50:29,2021-06-21 10:50:50,1.65,ft,A
2021-06-21 04:50:28,2021-06-21 04:50:50,1.75,ft,A
2021-06-20 22:50:27,2021-06-20 22:50:50,1.75,ft,A
2021-06-20 16:50:27,2021-06-20 16:50:35,1.65,ft,A
2021-06-20 04:50:22,2021-06-20 04:50:35,1.75,ft,A
2021-06-19 22:50:22,2021-06-19 22:50:35,1.75,ft,A
2021-06-19 16:50:23,2021-06-19 16:50:35,1.65,ft,A
2021-06-18 22:50:21,2021-06-18 22:50:35,1.75,ft,A
2021-06-18 16:50:18,2021-06-18 16:50:35,1.65,ft,A
2021-06-18 10:50:17,2021-06-18 10:50:35,1.65,ft,A
2021-06-18 04:50:19,2021-06-18 04:50:35,1.75,ft,A
2021-06-17 22:50:17,2021-06-17 22:50:35,1.75,ft,A
2021-06-17 10:50:16,2021-06-17 10:50:35,1.65,ft,A
2021-06-17 04:50:16,2021-06-17 04:50:20,1.75,ft,A
2021-06-16 22:50:13,2021-06-16 22:50:35,1.75,ft,A
2021-06-16 20:57:12,2021-06-16 20:57:20,1.75,ft,A
2021-06-16 16:50:12,2021-06-16 16:50:20,1.55,ft,A
2021-06-16 10:50:11,2021-06-16 10:50:20,1.65,ft,A
2021-06-15 22:50:11,2021-06-15 22:50:20,1.75,ft,A
2021-06-15 21:42:09,2021-06-15 21:42:20,1.75,ft,A
2021-06-15 10:50:10,2021-06-15 10:50:20,1.55,ft,A
2021-06-15 09:03:10,2021-06-15 09:03:20,1.55,ft,A
2021-06-15 04:50:09,2021-06-15 04:50:20,1.75,ft,A
2021-06-14 22:50:05,2021-06-14 22:50:20,1.65,ft,A
2021-06-14 22:27:08,2021-06-14 22:27:20,1.75,ft,A
2021-06-14 16:50:07,2021-06-14 16:50:20,1.55,ft,A
2021-06-14 10:50:04,2021-06-14 10:50:20,1.55,ft,A
2021-06-14 04:50:04,2021-06-14 04:50:20,1.55,ft,A
2021-06-13 22:50:04,2021-06-13 22:50:20,1.55,ft,A
2021-06-13 10:50:04,2021-06-13 10:50:20,1.55,ft,A
2021-06-13 04:50:00,2021-06-13 04:50:20,1.55,ft,A
2021-06-12 16:49:58,2021-06-12 16:50:20,1.55,ft,A
2021-06-12 10:49:58,2021-06-12 10:50:20,1.55,ft,A
2021-06-12 04:49:57,2021-06-12 04:50:20,1.65,ft,A
2021-06-11 22:49:56,2021-06-11 22:50:05,1.55,ft,A
2021-06-11 16:49:55,2021-06-11 16:50:05,1.55,ft,A
2021-06-11 10:49:55,2021-06-11 10:50:05,1.55,ft,A
2021-06-10 22:49:56,2021-06-10 22:50:05,1.55,ft,A
2021-06-10 04:49:50,2021-06-10 04:50:05,1.65,ft,A
2021-06-09 22:49:49,2021-06-09 22:50:05,1.55,ft,A
2021-06-09 10:49:50,2021-06-09 10:50:05,1.55,ft,A
2021-06-09 04:49:47,2021-06-09 04:50:05,1.65,ft,A
2021-06-08 10:49:48,2021-06-08 10:50:05,1.55,ft,A
2021-06-08 04:49:44,2021-06-08 04:50:05,1.65,ft,A
2021-06-07 22:49:43,2021-06-07 22:50:05,1.65,ft,A
2021-06-07 22:15:43,2021-06-07 22:16:05,1.75,ft,A
2021-06-07 16:49:42,2021-06-07 16:49:50,1.55,ft,A
2021-06-07 10:49:41,2021-06-07 10:49:50,1.65,ft,A
2021-06-07 09:27:41,2021-06-07 09:27:50,1.55,ft,A
2021-06-07 04:49:40,2021-06-07 04:49:50,1.75,ft,A
2021-06-06 22:49:40,2021-06-06 22:49:50,1.75,ft,A
2021-06-06 16:49:39,2021-06-06 16:49:50,1.75,ft,A
2021-06-06 14:52:38,2021-06-06 14:52:50,1.65,ft,A
2021-06-06 14:48:38,2021-06-06 14:48:50,1.85,ft,A
2021-06-06 10:49:38,2021-06-06 10:49:50,1.65,ft,A
2021-06-05 22:49:37,2021-06-05 22:49:50,1.75,ft,A
2021-06-05 16:49:36,2021-06-05 16:49:50,1.75,ft,A
2021-06-05 10:49:35,2021-06-05 10:49:50,1.65,ft,A
2021-06-05 04:49:34,2021-06-05 04:49:50,1.75,ft,A
2021-06-03 10:40:28,2021-06-03 10:40:50,1.85,ft,A
2021-06-03 04:49:27,2021-06-03 04:49:35,1.85,ft,A
2021-06-02 22:49:27,2021-06-02 22:49:35,1.85,ft,A
2021-06-02 16:49:26,2021-06-02 16:49:35,1.75,ft,A
2021-06-02 04:49:24,2021-06-02 04:49:35,1.85,ft,A
2021-06-01 22:49:23,2021-06-01 22:49:35,1.95,ft,A
2021-06-01 17:27:23,2021-06-01 17:27:35,1.95,ft,A
2021-06-01 16:49:22,2021-06-01 16:49:35,1.75,ft,A
2021-06-01 10:49:24,2021-06-01 10:49:35,1.85,ft,A
2021-06-01 04:49:19,2021-06-01 04:49:35,1.85,ft,A
2021-05-31 22:49:20,2021-05-31 22:49:35,1.95,ft,A
2021-05-31 16:49:18,2021-05-31 16:49:35,1.95,ft,A
2021-05-31 10:49:17,2021-05-31 10:49:35,1.95,ft,A
2021-05-31 10:09:17,2021-05-31 10:09:35,1.85,ft,A
2021-05-31 09:56:17,2021-05-31 09:56:35,2.05,ft,A
2021-05-31 09:31:17,2021-05-31 09:31:35,1.85,ft,A
2021-05-31 08:55:17,2021-05-31 08:55:35,2.05,ft,A
2021-05-31 08:42:17,2021-05-31 08:42:35,1.85,ft,A
2021-05-31 07:31:17,2021-05-31 07:31:35,2.05,ft,A
2021-05-31 07:29:17,2021-05-31 07:29:35,1.85,ft,A
2021-05-31 04:49:16,2021-05-31 04:49:35,2.05,ft,A
2021-05-31 03:46:16,2021-05-31 03:46:35,1.95,ft,A
2021-05-31 03:37:16,2021-05-31 03:37:35,2.15,ft,A
2021-05-31 03:29:16,2021-05-31 03:29:35,1.95,ft,A
2021-05-31 02:07:17,2021-05-31 02:07:35,1.95,ft,A
2021-05-31 02:03:16,2021-05-31 02:03:35,2.15,ft,A
2021-05-31 02:02:17,2021-05-31 02:02:35,1.95,ft,A
2021-05-31 01:41:17,2021-05-31 01:41:35,2.15,ft,A
2021-05-31 01:37:17,2021-05-31 01:37:20,1.95,ft,A
2021-05-30 22:17:16,2021-05-30 22:17:35,2.15,ft,A
2021-05-30 22:15:16,2021-05-30 22:15:35,2.35,ft,A
2021-05-30 21:23:16,2021-05-30 21:23:35,2.15,ft,A
2021-05-30 21:22:16,2021-05-30 21:22:35,2.35,ft,A
2021-05-30 21:18:16,2021-05-30 21:18:35,2.15,ft,A
2021-05-30 21:14:16,2021-05-30 21:14:35,2.35,ft,A
2021-05-30 20:46:16,2021-05-30 20:46:35,2.35,ft,A
2021-05-30 20:22:16,2021-05-30 20:22:35,2.15,ft,A
2021-05-30 20:19:15,2021-05-30 20:19:35,2.35,ft,A
2021-05-30 20:15:16,2021-05-30 20:15:35,2.15,ft,A
2021-05-30 20:06:16,2021-05-30 20:06:35,2.35,ft,A
2021-05-30 16:49:14,2021-05-30 16:49:35,2.15,ft,A
2021-05-30 16:34:17,2021-05-30 16:34:35,2.05,ft,A
2021-05-30 16:32:15,2021-05-30 16:32:35,2.25,ft,A
2021-05-30 14:14:14,2021-05-30 14:14:35,2.05,ft,A
2021-05-30 14:11:14,2021-05-30 14:11:35,2.25,ft,A
2021-05-30 13:13:14,2021-05-30 13:13:35,2.05,ft,A
2021-05-30 12:31:14,2021-05-30 12:31:35,2.25,ft,A
2021-05-30 10:49:16,2021-05-30 10:49:35,1.85,ft,A
2021-05-30 04:49:16,2021-05-30 04:49:35,1.85,ft,A
2021-05-29 22:49:12,2021-05-29 22:49:35,1.85,ft,A
2021-05-29 16:49:11,2021-05-29 16:49:20,1.85,ft,A
2021-05-29 04:49:10,2021-05-29 04:49:20,1.85,ft,A
2021-05-28 22:49:09,2021-05-28 22:49:20,1.85,ft,A
2021-05-28 16:49:07,2021-05-28 16:49:20,1.85,ft,A
2021-05-28 10:49:07,2021-05-28 10:49:20,1.75,ft,A
2021-05-28 04:49:07,2021-05-28 04:49:20,1.85,ft,A
2021-05-27 22:49:05,2021-05-27 22:49:20,1.85,ft,A
2021-05-27 22:16:06,2021-05-27 22:16:20,1.95,ft,A
2021-05-27 16:49:04,2021-05-27 16:49:20,1.75,ft,A
2021-05-27 10:49:03,2021-05-27 10:49:20,1.75,ft,A
2021-05-27 04:49:04,2021-05-27 04:49:05,1.85,ft,A
2021-05-26 22:49:02,2021-05-26 22:49:20,1.85,ft,A
2021-05-26 22:21:02,2021-05-26 22:21:20,1.95,ft,A
2021-05-26 16:49:01,2021-05-26 16:49:20,1.75,ft,A
2021-05-26 10:49:00,2021-05-26 10:49:20,1.85,ft,A
2021-05-26 04:48:59,2021-05-26 04:49:20,1.95,ft,A
2021-05-25 22:48:59,2021-05-25 22:49:05,1.95,ft,A
2021-05-24 04:48:55,2021-05-24 04:49:05,2.05,ft,A
2021-05-23 22:48:55,2021-05-23 22:49:05,2.05,ft,A
2021-05-23 22:35:54,2021-05-23 22:36:05,1.95,ft,A
2021-05-23 22:34:54,2021-05-23 22:35:05,2.15,ft,A
2021-05-23 22:32:53,2021-05-23 22:33:05,1.95,ft,A
2021-05-23 22:21:54,2021-05-23 22:22:05,2.15,ft,A
2021-05-23 22:07:54,2021-05-23 22:08:05,1.95,ft,A
2021-05-23 21:47:53,2021-05-23 21:48:05,2.15,ft,A
2021-05-23 21:21:54,2021-05-23 21:22:05,1.95,ft,A
2021-05-23 21:19:54,2021-05-23 21:20:05,2.15,ft,A
2021-05-23 21:16:54,2021-05-23 21:17:05,1.95,ft,A
2021-05-23 21:12:54,2021-05-23 21:13:05,2.15,ft,A
2021-05-23 16:48:53,2021-05-23 16:49:05,1.95,ft,A
2021-05-23 11:21:52,2021-05-23 11:22:05,2.05,ft,A
2021-05-23 11:19:52,2021-05-23 11:20:05,2.25,ft,A
2021-05-23 10:48:53,2021-05-23 10:49:05,2.05,ft,A
2021-05-23 07:04:51,2021-05-23 07:05:05,2.15,ft,A
2021-05-23 06:59:51,2021-05-23 07:00:05,2.35,ft,A
2021-05-23 05:17:51,2021-05-23 05:18:05,2.15,ft,A
2021-05-23 05:14:51,2021-05-23 05:15:05,2.35,ft,A
2021-05-23 00:58:52,2021-05-23 00:59:05,2.15,ft,A
2021-05-22 22:48:51,2021-05-22 22:49:05,2.15,ft,A
2021-05-22 22:46:11,2021-05-22 22:46:35,2.15,ft,A
2021-05-22 22:43:52,2021-05-22 22:44:05,1.95,ft,A
2021-05-22 22:11:52,2021-05-22 22:12:05,2.15,ft,A
2021-05-22 22:03:52,2021-05-22 22:04:05,1.95,ft,A
2021-05-22 21:50:50,2021-05-22 21:51:05,2.15,ft,A
2021-05-22 21:38:50,2021-05-22 21:39:05,1.95,ft,A
2021-05-22 21:15:51,2021-05-22 21:16:05,2.15,ft,A
2021-05-22 20:51:50,2021-05-22 20:52:05,1.95,ft,A
2021-05-22 20:49:50,2021-05-22 20:50:05,2.15,ft,A
2021-05-22 20:36:50,2021-05-22 20:37:05,1.95,ft,A
2021-05-22 20:31:50,2021-05-22 20:32:05,2.15,ft,A
2021-05-22 10:48:50,2021-05-22 10:49:05,1.95,ft,A
2021-05-22 08:53:49,2021-05-22 08:54:05,1.85,ft,A
2021-05-22 08:52:49,2021-05-22 08:53:05,2.05,ft,A
2021-05-22 08:49:49,2021-05-22 08:50:05,1.85,ft,A
2021-05-22 08:43:49,2021-05-22 08:44:05,2.05,ft,A
2021-05-22 08:40:49,2021-05-22 08:41:05,1.85,ft,A
2021-05-22 04:26:49,2021-05-22 04:27:05,2.15,ft,A
2021-05-22 02:56:48,2021-05-22 02:57:05,1.95,ft,A
2021-05-22 02:55:48,2021-05-22 02:56:05,2.15,ft,A
2021-05-22 02:50:48,2021-05-22 02:51:05,1.95,ft,A
2021-05-22 01:06:48,2021-05-22 01:07:05,1.95,ft,A
2021-05-22 01:04:48,2021-05-22 01:05:05,2.15,ft,A
2021-05-21 22:48:48,2021-05-21 22:49:05,1.95,ft,A
2021-05-21 22:33:48,2021-05-21 22:34:05,1.95,ft,A
2021-05-21 22:31:48,2021-05-21 22:32:05,2.15,ft,A
2021-05-21 22:26:48,2021-05-21 22:27:05,1.95,ft,A
2021-05-21 22:25:48,2021-05-21 22:26:05,2.15,ft,A
2021-05-21 16:48:47,2021-05-21 16:49:05,1.95,ft,A
2021-05-21 10:48:46,2021-05-21 10:49:05,1.95,ft,A
2021-05-21 04:48:44,2021-05-21 04:49:05,2.05,ft,A
2021-05-21 03:52:44,2021-05-21 03:53:05,2.15,ft,A
2021-05-21 03:51:44,2021-05-21 03:52:05,1.95,ft,A
2021-05-20 20:08:43,2021-05-20 20:09:05,2.15,ft,A
2021-05-20 20:04:43,2021-05-20 20:05:05,1.95,ft,A
2021-05-20 19:54:43,2021-05-20 19:55:05,2.15,ft,A
2021-05-20 19:45:43,2021-05-20 19:46:05,1.95,ft,A
2021-05-20 19:34:43,2021-05-20 19:35:05,2.15,ft,A
2021-05-20 19:33:44,2021-05-20 19:34:05,1.95,ft,A
2021-05-20 19:29:43,2021-05-20 19:30:05,2.15,ft,A
2021-05-20 16:48:43,2021-05-20 16:49:05,1.95,ft,A
2021-05-20 16:47:43,2021-05-20 16:48:05,1.85,ft,A
2021-05-20 15:56:43,2021-05-20 15:57:05,2.05,ft,A
2021-05-20 15:54:43,2021-05-20 15:55:05,1.85,ft,A
2021-05-20 15:01:43,2021-05-20 15:02:05,2.05,ft,A
2021-05-20 10:48:41,2021-05-20 10:49:05,2.05,ft,A
2021-05-20 08:22:42,2021-05-20 08:23:05,1.95,ft,A
2021-05-20 07:09:42,2021-05-20 07:10:05,2.15,ft,A
2021-05-20 07:08:43,2021-05-20 07:09:05,1.95,ft,A
2021-05-20 04:48:41,2021-05-20 04:49:05,2.15,ft,A
2021-05-20 04:20:41,2021-05-20 04:21:05,2.05,ft,A
2021-05-20 04:18:41,2021-05-20 04:19:05,2.25,ft,A
2021-05-20 04:17:41,2021-05-20 04:18:05,2.05,ft,A
2021-05-20 03:52:41,2021-05-20 03:53:05,2.25,ft,A
2021-05-20 03:39:42,2021-05-20 03:40:05,2.05,ft,A
2021-05-20 02:50:41,2021-05-20 02:51:05,2.25,ft,A
2021-05-20 02:39:40,2021-05-20 02:40:05,2.05,ft,A
2021-05-20 01:55:42,2021-05-20 01:56:05,2.25,ft,A
2021-05-20 01:53:42,2021-05-20 01:54:05,2.05,ft,A
2021-05-20 01:48:41,2021-05-20 01:49:05,2.25,ft,A
2021-05-20 01:46:42,2021-05-20 01:47:05,2.05,ft,A
2021-05-20 01:00:40,2021-05-20 01:01:05,2.25,ft,A
2021-05-20 00:56:40,2021-05-20 00:57:35,2.05,ft,A
2021-05-20 00:14:40,2021-05-20 00:15:05,2.25,ft,A
2021-05-20 00:06:40,2021-05-20 00:07:05,2.05,ft,A
2021-05-19 22:48:40,2021-05-19 22:49:05,2.25,ft,A
2021-05-19 21:48:40,2021-05-19 21:49:05,2.25,ft,A
2021-05-19 21:30:40,2021-05-19 21:31:05,2.05,ft,A
2021-05-19 21:15:41,2021-05-19 21:16:05,2.25,ft,A
2021-05-19 20:39:41,2021-05-19 20:40:05,2.05,ft,A
2021-05-19 20:34:41,2021-05-19 20:35:05,2.25,ft,A
2021-05-19 16:48:39,2021-05-19 16:49:05,2.05,ft,A
2021-05-19 16:47:40,2021-05-19 16:48:05,2.15,ft,A
2021-05-19 16:16:40,2021-05-19 16:17:05,1.95,ft,A
2021-05-19 16:10:40,2021-05-19 16:11:05,2.15,ft,A
2021-05-19 15:26:40,2021-05-19 15:27:05,1.95,ft,A
2021-05-19 15:23:40,2021-05-19 15:24:05,2.15,ft,A
2021-05-19 15:15:40,2021-05-19 15:16:05,1.95,ft,A
2021-05-19 15:11:40,2021-05-19 15:12:05,2.15,ft,A
2021-05-19 12:44:39,2021-05-19 12:45:05,1.95,ft,A
2021-05-19 12:43:40,2021-05-19 12:44:05,2.15,ft,A
2021-05-19 12:12:39,2021-05-19 12:13:05,1.95,ft,A
2021-05-19 12:04:39,2021-05-19 12:05:05,1.95,ft,A
2021-05-19 11:57:39,2021-05-19 11:58:05,2.15,ft,A
2021-05-19 11:19:39,2021-05-19 11:20:05,1.95,ft,A
2021-05-19 10:27:38,2021-05-19 10:28:05,1.95,ft,A
2021-05-19 10:18:39,2021-05-19 10:19:05,2.15,ft,A
2021-05-19 10:11:39,2021-05-19 10:12:05,1.95,ft,A
2021-05-19 10:08:39,2021-05-19 10:09:05,2.15,ft,A
2021-05-19 10:00:39,2021-05-19 10:01:05,1.95,ft,A
2021-05-19 09:59:39,2021-05-19 10:00:05,2.15,ft,A
2021-05-19 09:56:39,2021-05-19 09:57:05,1.95,ft,A
2021-05-19 09:49:38,2021-05-19 09:50:05,2.15,ft,A
2021-05-19 09:42:39,2021-05-19 09:43:05,1.95,ft,A
2021-05-19 09:39:39,2021-05-19 09:40:05,2.15,ft,A
2021-05-19 09:30:39,2021-05-19 09:31:05,1.95,ft,A
2021-05-19 09:19:39,2021-05-19 09:20:05,2.15,ft,A
2021-05-19 09:15:59,2021-05-19 09:16:05,1.95,ft,A
2021-05-19 09:09:38,2021-05-19 09:10:05,2.15,ft,A
2021-05-19 09:08:38,2021-05-19 09:09:05,1.95,ft,A
2021-05-19 09:03:39,2021-05-19 09:04:05,2.15,ft,A
2021-05-18 22:48:36,2021-05-18 22:49:05,2.25,ft,A
2021-05-18 20:43:37,2021-05-18 20:44:05,2.35,ft,A
2021-05-18 20:40:37,2021-05-18 20:41:05,2.15,ft,A
2021-05-18 20:35:37,2021-05-18 20:36:05,2.35,ft,A
2021-05-18 19:46:37,2021-05-18 19:47:05,2.15,ft,A
2021-05-18 19:45:37,2021-05-18 19:46:05,2.35,ft,A
2021-05-18 14:07:36,2021-05-18 14:08:05,2.15,ft,A
2021-05-18 14:02:36,2021-05-18 14:03:05,1.95,ft,A
2021-05-18 11:42:35,2021-05-18 11:43:05,2.15,ft,A
2021-05-18 11:39:35,2021-05-18 11:40:05,1.95,ft,A
2021-05-18 10:57:34,2021-05-18 10:58:05,2.15,ft,A
2021-05-18 10:52:34,2021-05-18 10:53:05,1.95,ft,A
2021-05-18 08:44:34,2021-05-18 08:45:05,2.05,ft,A
2021-05-18 08:42:35,2021-05-18 08:43:05,2.25,ft,A
2021-05-18 08:37:34,2021-05-18 08:38:05,2.05,ft,A
2021-05-18 08:10:35,2021-05-18 08:11:05,2.25,ft,A
2021-05-18 08:06:35,2021-05-18 08:07:05,2.05,ft,A
2021-05-18 07:59:35,2021-05-18 08:00:05,2.25,ft,A
2021-05-18 07:56:34,2021-05-18 07:57:05,2.05,ft,A
2021-05-18 04:48:33,2021-05-18 04:49:05,2.25,ft,A
2021-05-18 04:46:34,2021-05-18 04:46:35,2.15,ft,A
2021-05-18 04:34:34,2021-05-18 04:34:35,2.35,ft,A
2021-05-18 04:32:35,2021-05-18 04:32:35,2.15,ft,A
2021-05-18 04:23:34,2021-05-18 04:23:35,2.35,ft,A
2021-05-18 04:21:34,2021-05-18 04:21:35,2.15,ft,A
2021-05-18 03:54:35,2021-05-18 03:55:05,2.35,ft,A
2021-05-18 03:49:34,2021-05-18 03:49:35,2.15,ft,A
2021-05-18 03:45:34,2021-05-18 03:45:35,2.35,ft,A
2021-05-18 03:44:34,2021-05-18 03:44:35,2.15,ft,A
2021-05-18 03:36:34,2021-05-18 03:36:35,2.35,ft,A
2021-05-18 03:34:33,2021-05-18 03:34:35,2.15,ft,A
2021-05-18 03:32:34,2021-05-18 03:32:35,2.35,ft,A
2021-05-18 03:29:34,2021-05-18 03:29:35,2.15,ft,A
2021-05-18 03:06:34,2021-05-18 03:06:35,2.35,ft,A
2021-05-18 03:01:34,2021-05-18 03:01:35,2.15,ft,A
2021-05-17 22:48:33,2021-05-17 22:48:35,2.35,ft,A
2021-05-17 18:34:32,2021-05-17 18:34:35,2.35,ft,A
2021-05-17 18:27:33,2021-05-17 18:27:35,2.15,ft,A
2021-05-17 18:25:32,2021-05-17 18:25:35,2.35,ft,A
2021-05-17 16:48:33,2021-05-17 16:48:35,2.15,ft,A
2021-05-17 10:48:32,2021-05-17 10:48:35,2.15,ft,A
2021-05-17 10:07:30,2021-05-17 10:08:05,2.25,ft,A
2021-05-17 09:54:31,2021-05-17 09:54:35,2.05,ft,A
2021-05-17 04:48:30,2021-05-17 04:48:35,2.25,ft,A
2021-05-17 03:08:30,2021-05-17 03:08:35,2.25,ft,A
2021-05-17 03:06:31,2021-05-17 03:06:35,2.45,ft,A
2021-05-16 20:40:28,2021-05-16 20:41:05,2.35,ft,A
2021-05-16 20:38:29,2021-05-16 20:38:35,2.15,ft,A
2021-05-16 20:14:30,2021-05-16 20:14:35,2.35,ft,A
2021-05-16 19:42:30,2021-05-16 19:42:35,2.15,ft,A
2021-05-16 19:40:29,2021-05-16 19:40:35,2.35,ft,A
2021-05-16 19:39:30,2021-05-16 19:39:35,2.15,ft,A
2021-05-16 19:12:29,2021-05-16 19:12:35,2.15,ft,A
2021-05-16 19:08:29,2021-05-16 19:08:35,2.35,ft,A
2021-05-16 18:54:29,2021-05-16 18:54:35,2.35,ft,A
2021-05-16 17:52:29,2021-05-16 17:52:35,2.15,ft,A
2021-05-16 16:48:28,2021-05-16 16:48:35,2.15,ft,A
2021-05-16 08:34:26,2021-05-16 08:35:05,2.15,ft,A
2021-05-16 08:33:27,2021-05-16 08:34:05,2.35,ft,A
2021-05-16 08:10:30,2021-05-16 08:10:35,2.15,ft,A
2021-05-16 08:04:28,2021-05-16 08:04:35,2.35,ft,A
2021-05-16 07:54:28,2021-05-16 07:54:35,2.15,ft,A
2021-05-16 04:48:26,2021-05-16 04:49:05,2.35,ft,A
2021-05-16 04:27:26,2021-05-16 04:28:05,2.25,ft,A
2021-05-16 04:24:26,2021-05-16 04:24:35,2.45,ft,A
2021-05-16 04:22:26,2021-05-16 04:22:35,2.25,ft,A
2021-05-16 04:21:26,2021-05-16 04:21:35,2.45,ft,A
2021-05-16 03:30:27,2021-05-16 03:30:35,2.25,ft,A
2021-05-16 03:28:27,2021-05-16 03:28:35,2.45,ft,A
2021-05-16 03:17:26,2021-05-16 03:18:05,2.25,ft,A
2021-05-16 02:45:27,2021-05-16 02:45:35,2.45,ft,A
2021-05-16 02:35:27,2021-05-16 02:35:35,2.25,ft,A
2021-05-16 02:09:26,2021-05-16 02:09:35,2.45,ft,A
2021-05-16 02:06:26,2021-05-16 02:06:35,2.25,ft,A
2021-05-16 01:39:26,2021-05-16 01:39:35,2.45,ft,A
2021-05-16 01:35:26,2021-05-16 01:35:35,2.25,ft,A
2021-05-15 22:48:25,2021-05-15 22:49:05,2.45,ft,A
2021-05-15 19:30:27,2021-05-15 19:30:35,2.35,ft,A
2021-05-15 19:27:25,2021-05-15 19:28:05,2.15,ft,A
2021-05-15 19:19:25,2021-05-15 19:20:05,2.35,ft,A
2021-05-15 18:57:26,2021-05-15 18:57:35,2.15,ft,A
2021-05-15 18:42:26,2021-05-15 18:42:35,2.35,ft,A
2021-05-15 18:40:26,2021-05-15 18:40:35,2.15,ft,A
2021-05-15 18:38:26,2021-05-15 18:38:35,2.35,ft,A
2021-05-15 18:35:26,2021-05-15 18:35:35,2.15,ft,A
2021-05-15 18:30:26,2021-05-15 18:30:35,2.35,ft,A
2021-05-15 18:24:26,2021-05-15 18:24:35,2.15,ft,A
2021-05-15 18:21:25,2021-05-15 18:22:05,2.35,ft,A
2021-05-15 18:20:27,2021-05-15 18:20:35,2.15,ft,A
2021-05-15 18:18:25,2021-05-15 18:18:35,2.35,ft,A
2021-05-15 16:36:25,2021-05-15 16:36:35,2.15,ft,A
2021-05-15 16:34:25,2021-05-15 16:34:35,2.35,ft,A
2021-05-15 10:48:24,2021-05-15 10:49:05,2.15,ft,A
2021-05-15 10:06:25,2021-05-15 10:07:05,2.15,ft,A
2021-05-15 10:05:24,2021-05-15 10:06:05,2.35,ft,A
2021-05-15 09:36:24,2021-05-15 09:37:05,2.35,ft,A
2021-05-15 09:29:24,2021-05-15 09:30:05,2.15,ft,A
2021-05-15 08:47:25,2021-05-15 08:47:35,2.15,ft,A
2021-05-15 08:35:25,2021-05-15 08:35:35,2.15,ft,A
2021-05-15 08:20:24,2021-05-15 08:20:35,2.35,ft,A
2021-05-15 08:17:24,2021-05-15 08:17:35,2.15,ft,A
2021-05-15 08:06:23,2021-05-15 08:06:35,2.35,ft,A
2021-05-15 07:56:23,2021-05-15 07:57:05,2.15,ft,A
2021-05-15 04:48:23,2021-05-15 04:48:35,2.35,ft,A
2021-05-14 22:48:23,2021-05-14 22:48:35,2.35,ft,A
2021-05-14 22:47:23,2021-05-14 22:47:35,2.25,ft,A
2021-05-14 22:43:22,2021-05-14 22:43:35,2.45,ft,A
2021-05-14 22:39:22,2021-05-14 22:39:35,2.25,ft,A
2021-05-14 22:23:22,2021-05-14 22:23:35,2.45,ft,A
2021-05-14 22:16:23,2021-05-14 22:16:35,2.25,ft,A
2021-05-14 22:05:22,2021-05-14 22:05:35,2.45,ft,A
2021-05-14 22:01:22,2021-05-14 22:01:35,2.25,ft,A
2021-05-14 21:56:22,2021-05-14 21:56:35,2.45,ft,A
2021-05-14 21:53:22,2021-05-14 21:53:35,2.25,ft,A
2021-05-14 21:52:23,2021-05-14 21:52:35,2.45,ft,A
2021-05-14 16:53:22,2021-05-14 16:53:35,2.25,ft,A
2021-05-14 16:50:22,2021-05-14 16:50:35,2.05,ft,A
2021-05-14 16:48:22,2021-05-14 16:48:35,2.25,ft,A
2021-05-14 10:48:20,2021-05-14 10:48:35,2.15,ft,A
2021-05-14 08:42:20,2021-05-14 08:42:35,2.15,ft,A
2021-05-14 08:40:21,2021-05-14 08:40:35,2.35,ft,A
2021-05-14 08:14:20,2021-05-14 08:14:35,2.15,ft,A
2021-05-14 08:08:20,2021-05-14 08:08:35,2.35,ft,A
2021-05-14 08:06:20,2021-05-14 08:06:35,2.15,ft,A
2021-05-14 07:50:39,2021-05-14 07:51:05,2.35,ft,A
2021-05-14 07:45:21,2021-05-14 07:45:35,2.15,ft,A
2021-05-14 04:48:20,2021-05-14 04:48:35,2.35,ft,A
2021-05-13 22:48:19,2021-05-13 22:48:35,2.35,ft,A
2021-05-13 19:32:18,2021-05-13 19:32:35,2.35,ft,A
2021-05-13 19:27:18,2021-05-13 19:27:35,2.15,ft,A
2021-05-13 19:25:18,2021-05-13 19:25:35,2.35,ft,A
2021-05-13 18:43:18,2021-05-13 18:43:35,2.35,ft,A
2021-05-13 18:31:18,2021-05-13 18:31:35,2.15,ft,A
2021-05-13 18:29:17,2021-05-13 18:29:35,2.35,ft,A
2021-05-13 18:08:30,2021-05-13 18:08:35,2.15,ft,A
2021-05-13 17:55:18,2021-05-13 17:56:05,2.35,ft,A
2021-05-13 17:54:18,2021-05-13 17:54:35,2.15,ft,A
2021-05-13 17:49:18,2021-05-13 17:49:35,2.35,ft,A
2021-05-13 17:37:17,2021-05-13 17:37:35,2.15,ft,A
2021-05-13 17:35:17,2021-05-13 17:36:05,2.35,ft,A
2021-05-13 16:54:19,2021-05-13 16:54:35,2.35,ft,A
2021-05-13 16:48:19,2021-05-13 16:48:35,2.15,ft,A
2021-05-13 15:49:19,2021-05-13 15:49:35,2.25,ft,A
2021-05-13 15:47:18,2021-05-13 15:47:35,2.05,ft,A
2021-05-13 15:42:18,2021-05-13 15:42:35,2.25,ft,A
2021-05-13 15:16:17,2021-05-13 15:16:35,2.05,ft,A
2021-05-13 15:06:17,2021-05-13 15:06:35,2.25,ft,A
2021-05-13 14:59:18,2021-05-13 14:59:35,2.05,ft,A
2021-05-13 14:57:18,2021-05-13 14:57:35,2.25,ft,A
2021-05-13 14:51:17,2021-05-13 14:51:35,2.05,ft,A
2021-05-13 14:46:18,2021-05-13 14:46:35,2.25,ft,A
2021-05-13 14:39:18,2021-05-13 14:39:35,2.05,ft,A
2021-05-13 14:37:18,2021-05-13 14:37:35,2.25,ft,A
2021-05-13 14:29:18,2021-05-13 14:29:35,2.05,ft,A
2021-05-13 14:28:18,2021-05-13 14:28:35,2.25,ft,A
2021-05-13 13:30:17,2021-05-13 13:31:05,2.05,ft,A
2021-05-13 13:25:18,2021-05-13 13:25:35,2.25,ft,A
2021-05-13 13:01:19,2021-05-13 13:01:35,2.05,ft,A
2021-05-13 10:48:17,2021-05-13 10:48:35,2.05,ft,A
2021-05-13 07:37:16,2021-05-13 07:37:35,2.15,ft,A
2021-05-13 07:36:16,2021-05-13 07:36:35,2.35,ft,A
2021-05-13 06:52:17,2021-05-13 06:52:35,2.35,ft,A
2021-05-13 06:36:17,2021-05-13 06:36:35,2.15,ft,A
2021-05-13 06:35:17,2021-05-13 06:35:35,2.35,ft,A
2021-05-13 06:11:16,2021-05-13 06:11:35,2.15,ft,A
2021-05-13 06:08:39,2021-05-13 06:09:05,2.35,ft,A
2021-05-13 05:55:16,2021-05-13 05:55:35,2.15,ft,A
2021-05-13 05:54:16,2021-05-13 05:54:35,2.35,ft,A
2021-05-13 05:26:17,2021-05-13 05:26:35,2.15,ft,A
2021-05-13 05:19:40,2021-05-13 05:20:05,2.35,ft,A
2021-05-13 05:09:40,2021-05-13 05:10:05,2.15,ft,A
2021-05-13 05:07:16,2021-05-13 05:07:35,2.35,ft,A
2021-05-13 04:55:16,2021-05-13 04:55:35,2.15,ft,A
2021-05-13 04:48:15,2021-05-13 04:49:05,2.15,ft,A
2021-05-13 04:45:17,2021-05-13 04:45:35,2.35,ft,A
2021-05-13 04:38:17,2021-05-13 04:38:35,2.35,ft,A
2021-05-13 04:20:17,2021-05-13 04:20:35,2.15,ft,A
2021-05-13 04:09:17,2021-05-13 04:09:35,2.35,ft,A
2021-05-13 03:59:16,2021-05-13 03:59:35,2.15,ft,A
2021-05-13 03:58:15,2021-05-13 03:59:05,2.35,ft,A
2021-05-13 03:53:16,2021-05-13 03:54:05,2.15,ft,A
2021-05-13 03:50:15,2021-05-13 03:51:05,2.35,ft,A
2021-05-13 03:46:16,2021-05-13 03:46:35,2.15,ft,A
2021-05-13 03:44:18,2021-05-13 03:44:35,2.35,ft,A
2021-05-13 03:36:16,2021-05-13 03:36:35,2.15,ft,A
2021-05-13 03:16:16,2021-05-13 03:16:35,2.35,ft,A
2021-05-13 03:14:16,2021-05-13 03:14:35,2.15,ft,A
2021-05-13 01:45:16,2021-05-13 01:45:35,2.35,ft,A
2021-05-13 01:41:16,2021-05-13 01:41:35,2.15,ft,A
2021-05-12 23:22:15,2021-05-12 23:22:35,2.35,ft,A
2021-05-12 23:21:16,2021-05-12 23:21:35,2.15,ft,A
2021-05-12 22:48:15,2021-05-12 22:49:05,2.35,ft,A
2021-05-12 21:14:16,2021-05-12 21:14:35,2.35,ft,A
2021-05-12 21:13:15,2021-05-12 21:13:35,2.15,ft,A
2021-05-12 20:35:14,2021-05-12 20:36:05,2.35,ft,A
2021-05-12 20:29:14,2021-05-12 20:29:35,2.15,ft,A
2021-05-12 20:13:15,2021-05-12 20:13:35,2.35,ft,A
2021-05-12 19:59:15,2021-05-12 19:59:35,2.15,ft,A
2021-05-12 19:49:15,2021-05-12 19:49:35,2.35,ft,A
2021-05-12 16:48:15,2021-05-12 16:48:35,2.15,ft,A
2021-05-12 16:35:15,2021-05-12 16:35:35,2.15,ft,A
2021-05-12 16:27:14,2021-05-12 16:27:35,1.95,ft,A
2021-05-12 16:22:14,2021-05-12 16:22:35,1.95,ft,A
2021-05-12 16:10:14,2021-05-12 16:10:35,2.15,ft,A
2021-05-12 16:05:14,2021-05-12 16:05:35,1.95,ft,A
2021-05-12 16:04:15,2021-05-12 16:04:35,2.15,ft,A
2021-05-12 15:32:13,2021-05-12 15:33:05,1.95,ft,A
2021-05-12 15:27:14,2021-05-12 15:28:05,2.15,ft,A
2021-05-12 14:58:14,2021-05-12 14:58:35,2.15,ft,A
2021-05-12 13:35:13,2021-05-12 13:36:05,1.95,ft,A
2021-05-12 13:33:12,2021-05-12 13:34:05,2.15,ft,A
2021-05-12 10:48:13,2021-05-12 10:49:05,1.95,ft,A
2021-05-12 10:08:47,2021-05-12 10:09:05,1.85,ft,A
2021-05-12 10:03:13,2021-05-12 10:03:35,2.05,ft,A
2021-05-12 09:59:15,2021-05-12 09:59:35,1.85,ft,A
2021-05-12 09:40:13,2021-05-12 09:40:35,2.05,ft,A
2021-05-12 04:48:12,2021-05-12 04:48:35,2.05,ft,A
2021-05-11 22:48:11,2021-05-11 22:48:35,2.05,ft,A
2021-05-11 16:48:09,2021-05-11 16:49:05,2.05,ft,A
2021-05-11 14:47:09,2021-05-11 14:47:35,2.15,ft,A
2021-05-11 14:42:10,2021-05-11 14:42:35,1.95,ft,A
2021-05-11 14:30:09,2021-05-11 14:30:35,2.15,ft,A
2021-05-11 14:18:09,2021-05-11 14:18:35,1.95,ft,A
2021-05-11 14:16:10,2021-05-11 14:16:35,2.15,ft,A
2021-05-11 13:45:09,2021-05-11 13:45:35,1.95,ft,A
2021-05-11 13:04:10,2021-05-11 13:04:35,2.15,ft,A
2021-05-11 12:23:09,2021-05-11 12:24:05,1.95,ft,A
2021-05-11 12:20:09,2021-05-11 12:20:35,2.15,ft,A
2021-05-11 10:48:08,2021-05-11 10:49:05,1.95,ft,A
2021-05-11 10:08:15,2021-05-11 10:08:35,1.95,ft,A
2021-05-11 09:18:10,2021-05-11 09:18:35,2.15,ft,A
2021-05-11 09:11:09,2021-05-11 09:11:35,1.95,ft,A
2021-05-11 09:03:09,2021-05-11 09:03:35,2.15,ft,A
2021-05-11 09:01:09,2021-05-11 09:01:35,1.95,ft,A
2021-05-11 04:48:09,2021-05-11 04:48:35,2.15,ft,A
2021-05-10 22:48:07,2021-05-10 22:48:35,2.15,ft,A
2021-05-10 16:48:07,2021-05-10 16:48:35,2.25,ft,A
2021-05-10 10:48:05,2021-05-10 10:48:35,2.15,ft,A
2021-05-10 10:38:05,2021-05-10 10:38:35,2.25,ft,A
2021-05-10 10:36:05,2021-05-10 10:36:35,2.05,ft,A
2021-05-10 10:09:05,2021-05-10 10:09:35,2.25,ft,A
2021-05-10 10:08:16,2021-05-10 10:08:35,2.05,ft,A
2021-05-10 09:18:05,2021-05-10 09:18:35,2.25,ft,A
2021-05-10 09:15:05,2021-05-10 09:15:35,2.05,ft,A
2021-05-10 08:20:05,2021-05-10 08:20:35,2.25,ft,A
2021-05-10 08:18:05,2021-05-10 08:18:35,2.05,ft,A
2021-05-10 04:48:04,2021-05-10 04:48:05,2.25,ft,A
2021-05-09 22:48:03,2021-05-09 22:48:05,2.25,ft,A
2021-05-09 22:29:03,2021-05-09 22:29:05,2.15,ft,A
2021-05-09 22:28:03,2021-05-09 22:28:05,2.35,ft,A
2021-05-09 21:31:03,2021-05-09 21:31:05,2.15,ft,A
2021-05-09 21:28:03,2021-05-09 21:28:05,2.35,ft,A
2021-05-09 20:49:03,2021-05-09 20:49:05,2.15,ft,A
2021-05-09 20:47:03,2021-05-09 20:47:05,2.35,ft,A
2021-05-09 20:29:03,2021-05-09 20:29:05,2.15,ft,A
2021-05-09 20:25:04,2021-05-09 20:25:05,2.35,ft,A
2021-05-09 19:48:03,2021-05-09 19:48:05,2.15,ft,A
2021-05-09 19:45:22,2021-05-09 19:45:35,2.35,ft,A
2021-05-09 19:37:02,2021-05-09 19:37:05,2.15,ft,A
2021-05-09 19:34:03,2021-05-09 19:34:05,2.35,ft,A
2021-05-09 18:57:02,2021-05-09 18:57:05,2.15,ft,A
2021-05-09 18:53:03,2021-05-09 18:53:05,2.35,ft,A
2021-05-09 18:32:03,2021-05-09 18:32:05,2.15,ft,A
2021-05-09 18:27:02,2021-05-09 18:27:05,2.35,ft,A
2021-05-09 18:23:02,2021-05-09 18:23:05,2.15,ft,A
2021-05-09 18:21:02,2021-05-09 18:21:05,2.35,ft,A
2021-05-09 17:52:02,2021-05-09 17:52:05,2.15,ft,A
2021-05-09 17:46:02,2021-05-09 17:46:05,2.35,ft,A
2021-05-09 17:42:02,2021-05-09 17:42:05,2.15,ft,A
2021-05-09 17:38:02,2021-05-09 17:38:05,2.35,ft,A
2021-05-09 17:04:02,2021-05-09 17:04:05,2.15,ft,A
2021-05-09 16:57:02,2021-05-09 16:57:05,2.35,ft,A
2021-05-09 16:48:02,2021-05-09 16:48:05,2.15,ft,A
2021-05-09 12:20:01,2021-05-09 12:20:05,2.35,ft,A
2021-05-09 11:00:01,2021-05-09 11:00:05,2.15,ft,A
2021-05-09 10:59:01,2021-05-09 10:59:05,2.35,ft,A
2021-05-09 10:48:01,2021-05-09 10:48:05,2.15,ft,A
2021-05-09 09:24:01,2021-05-09 09:24:05,2.15,ft,A
2021-05-09 09:00:01,2021-05-09 09:00:05,2.15,ft,A
2021-05-09 08:49:01,2021-05-09 08:49:05,2.35,ft,A
2021-05-09 08:48:01,2021-05-09 08:48:05,2.15,ft,A
2021-05-09 08:30:21,2021-05-09 08:30:35,2.35,ft,A
2021-05-09 08:28:01,2021-05-09 08:28:05,2.15,ft,A
2021-05-09 07:36:01,2021-05-09 07:36:05,2.35,ft,A
2021-05-09 07:34:00,2021-05-09 07:34:05,2.15,ft,A
2021-05-09 04:48:01,2021-05-09 04:48:05,2.35,ft,A
2021-05-09 00:44:00,2021-05-09 00:44:05,2.45,ft,A
2021-05-09 00:40:01,2021-05-09 00:40:05,2.65,ft,A
2021-05-08 22:48:00,2021-05-08 22:48:05,2.45,ft,A
2021-05-08 21:45:59,2021-05-08 21:46:05,2.45,ft,A
2021-05-08 21:39:00,2021-05-08 21:39:05,2.65,ft,A
2021-05-08 20:28:00,2021-05-08 20:28:05,2.45,ft,A
2021-05-08 20:27:00,2021-05-08 20:27:05,2.65,ft,A
2021-05-08 18:01:59,2021-05-08 18:02:05,2.45,ft,A
2021-05-08 17:57:59,2021-05-08 17:58:05,2.25,ft,A
2021-05-08 17:27:59,2021-05-08 17:28:05,2.45,ft,A
2021-05-08 16:47:59,2021-05-08 16:48:05,2.25,ft,A
2021-05-08 16:30:59,2021-05-08 16:31:05,2.25,ft,A
2021-05-08 16:29:59,2021-05-08 16:30:05,2.45,ft,A
2021-05-08 12:24:58,2021-05-08 12:25:05,2.25,ft,A
2021-05-08 12:21:59,2021-05-08 12:22:05,2.45,ft,A
2021-05-08 10:47:58,2021-05-08 10:48:05,2.25,ft,A
2021-05-08 10:32:58,2021-05-08 10:33:05,2.25,ft,A
2021-05-08 10:16:58,2021-05-08 10:17:05,2.25,ft,A
2021-05-08 10:02:58,2021-05-08 10:03:05,2.45,ft,A
2021-05-08 09:51:57,2021-05-08 09:52:05,2.25,ft,A
2021-05-08 09:46:57,2021-05-08 09:47:05,2.45,ft,A
2021-05-08 09:40:58,2021-05-08 09:41:05,2.25,ft,A
2021-05-08 09:12:58,2021-05-08 09:13:05,2.25,ft,A
2021-05-08 09:05:58,2021-05-08 09:06:05,2.45,ft,A
2021-05-08 09:04:58,2021-05-08 09:05:05,2.25,ft,A
2021-05-08 08:59:58,2021-05-08 09:00:05,2.45,ft,A
2021-05-08 08:54:57,2021-05-08 08:55:05,2.25,ft,A
2021-05-08 08:48:58,2021-05-08 08:49:05,2.45,ft,A
2021-05-08 08:45:57,2021-05-08 08:46:05,2.25,ft,A
2021-05-08 08:42:58,2021-05-08 08:43:05,2.45,ft,A
2021-05-08 08:39:57,2021-05-08 08:40:05,2.25,ft,A
2021-05-08 08:29:58,2021-05-08 08:30:05,2.45,ft,A
2021-05-08 08:28:58,2021-05-08 08:29:05,2.25,ft,A
2021-05-08 04:47:57,2021-05-08 04:48:05,2.45,ft,A
2021-05-08 04:04:57,2021-05-08 04:05:05,2.55,ft,A
2021-05-08 04:01:57,2021-05-08 04:02:05,2.35,ft,A
2021-05-08 03:26:57,2021-05-08 03:27:05,2.55,ft,A
2021-05-08 03:23:57,2021-05-08 03:24:05,2.35,ft,A
2021-05-07 22:47:56,2021-05-07 22:48:05,2.55,ft,A
2021-05-07 18:16:56,2021-05-07 18:17:05,2.35,ft,A
2021-05-07 18:07:55,2021-05-07 18:08:05,2.55,ft,A
2021-05-07 16:47:56,2021-05-07 16:48:05,2.35,ft,A
2021-05-07 15:32:54,2021-05-07 15:33:05,2.45,ft,A
2021-05-07 15:31:55,2021-05-07 15:32:05,2.25,ft,A
2021-05-07 10:47:55,2021-05-07 10:48:05,2.45,ft,A
2021-05-07 10:27:53,2021-05-07 10:28:05,2.35,ft,A
2021-05-07 10:24:53,2021-05-07 10:25:05,2.55,ft,A
2021-05-07 10:02:54,2021-05-07 10:03:05,2.35,ft,A
2021-05-07 09:51:54,2021-05-07 09:52:05,2.55,ft,A
2021-05-07 09:33:54,2021-05-07 09:34:05,2.35,ft,A
2021-05-07 09:27:54,2021-05-07 09:28:05,2.55,ft,A
2021-05-07 08:49:53,2021-05-07 08:50:05,2.35,ft,A
2021-05-07 04:47:53,2021-05-07 04:48:05,2.55,ft,A
2021-05-07 03:56:53,2021-05-07 03:57:05,2.65,ft,A
2021-05-07 03:55:53,2021-05-07 03:56:05,2.45,ft,A
2021-05-06 22:47:52,2021-05-06 22:48:05,2.65,ft,A
2021-05-06 22:37:52,2021-05-06 22:38:05,2.55,ft,A
2021-05-06 22:36:52,2021-05-06 22:37:05,2.75,ft,A
2021-05-06 18:08:51,2021-05-06 18:09:05,2.55,ft,A
2021-05-06 18:07:51,2021-05-06 18:08:05,2.35,ft,A
2021-05-06 17:42:51,2021-05-06 17:43:05,2.55,ft,A
2021-05-06 17:30:52,2021-05-06 17:31:05,2.35,ft,A
2021-05-06 17:16:51,2021-05-06 17:17:05,2.55,ft,A
2021-05-06 17:12:52,2021-05-06 17:13:05,2.35,ft,A
2021-05-06 17:08:51,2021-05-06 17:09:05,2.55,ft,A
2021-05-06 16:55:52,2021-05-06 16:56:05,2.35,ft,A
2021-05-06 16:53:52,2021-05-06 16:54:05,2.55,ft,A
2021-05-06 16:47:52,2021-05-06 16:48:05,2.35,ft,A
2021-05-06 16:46:51,2021-05-06 16:47:05,2.55,ft,A
2021-05-06 14:33:52,2021-05-06 14:34:05,2.35,ft,A
2021-05-06 14:32:52,2021-05-06 14:33:05,2.55,ft,A
2021-05-06 10:47:51,2021-05-06 10:48:05,2.35,ft,A
2021-05-06 09:22:51,2021-05-06 09:23:05,2.35,ft,A
2021-05-06 09:21:51,2021-05-06 09:22:05,2.55,ft,A
2021-05-06 08:48:50,2021-05-06 08:49:05,2.35,ft,A
2021-05-06 08:45:10,2021-05-06 08:45:35,2.55,ft,A
2021-05-06 08:31:51,2021-05-06 08:32:05,2.35,ft,A
2021-05-06 08:26:50,2021-05-06 08:27:05,2.35,ft,A
2021-05-06 04:47:50,2021-05-06 04:48:05,2.55,ft,A
2021-05-05 22:31:49,2021-05-05 22:32:05,2.55,ft,A
2021-05-05 22:30:48,2021-05-05 22:31:05,2.75,ft,A
2021-05-05 22:29:49,2021-05-05 22:30:05,2.45,ft,A
2021-05-05 21:57:48,2021-05-05 21:58:05,2.65,ft,A
2021-05-05 21:54:48,2021-05-05 21:55:05,2.45,ft,A
2021-05-05 20:11:49,2021-05-05 20:12:05,2.65,ft,A
2021-05-05 20:07:48,2021-05-05 20:08:05,2.45,ft,A
2021-05-05 19:45:48,2021-05-05 19:46:05,2.65,ft,A
2021-05-05 19:34:48,2021-05-05 19:35:05,2.45,ft,A
2021-05-05 19:28:48,2021-05-05 19:29:05,2.65,ft,A
2021-05-05 19:23:48,2021-05-05 19:24:05,2.45,ft,A
2021-05-05 19:07:47,2021-05-05 19:08:05,2.45,ft,A
2021-05-05 18:55:47,2021-05-05 18:56:05,2.45,ft,A
2021-05-05 18:54:48,2021-05-05 18:55:05,2.65,ft,A
2021-05-05 18:40:47,2021-05-05 18:41:05,2.45,ft,A
2021-05-05 18:33:47,2021-05-05 18:34:05,2.65,ft,A
2021-05-05 16:47:48,2021-05-05 16:48:05,2.45,ft,A
2021-05-05 14:49:47,2021-05-05 14:50:05,2.45,ft,A
2021-05-05 14:48:47,2021-05-05 14:49:05,2.65,ft,A
2021-05-05 14:47:47,2021-05-05 14:48:05,2.35,ft,A
2021-05-05 14:29:47,2021-05-05 14:30:05,2.55,ft,A
2021-05-05 14:05:47,2021-05-05 14:06:05,2.35,ft,A
2021-05-05 14:02:47,2021-05-05 14:03:05,2.55,ft,A
2021-05-05 13:59:47,2021-05-05 14:00:05,2.35,ft,A
2021-05-05 13:48:47,2021-05-05 13:49:05,2.55,ft,A
2021-05-05 13:45:48,2021-05-05 13:46:05,2.35,ft,A
2021-05-05 13:38:46,2021-05-05 13:39:05,2.55,ft,A
2021-05-05 13:33:47,2021-05-05 13:34:05,2.35,ft,A
2021-05-05 13:31:46,2021-05-05 13:32:05,2.55,ft,A
2021-05-05 13:28:46,2021-05-05 13:29:05,2.35,ft,A
2021-05-05 13:14:47,2021-05-05 13:15:05,2.55,ft,A
2021-05-05 12:53:46,2021-05-05 12:54:05,2.55,ft,A
2021-05-05 12:38:47,2021-05-05 12:39:05,2.35,ft,A
2021-05-05 12:32:46,2021-05-05 12:33:05,2.55,ft,A
2021-05-05 12:05:47,2021-05-05 12:06:05,2.35,ft,A
2021-05-05 11:58:46,2021-05-05 11:59:05,2.55,ft,A
2021-05-05 11:45:47,2021-05-05 11:46:05,2.35,ft,A
2021-05-05 11:42:47,2021-05-05 11:43:05,2.55,ft,A
2021-05-05 11:22:47,2021-05-05 11:23:05,2.35,ft,A
2021-05-05 11:16:46,2021-05-05 11:17:05,2.55,ft,A
2021-05-05 10:47:47,2021-05-05 10:48:05,2.35,ft,A
2021-05-05 10:26:46,2021-05-05 10:27:05,2.35,ft,A
2021-05-05 10:22:46,2021-05-05 10:23:05,2.55,ft,A
2021-05-05 10:16:46,2021-05-05 10:17:05,2.55,ft,A
2021-05-05 09:39:46,2021-05-05 09:40:05,2.35,ft,A
2021-05-05 09:20:46,2021-05-05 09:21:05,2.55,ft,A
2021-05-05 09:03:46,2021-05-05 09:04:05,2.35,ft,A
2021-05-05 08:43:46,2021-05-05 08:44:05,2.55,ft,A
2021-05-05 08:42:46,2021-05-05 08:43:05,2.35,ft,A
2021-05-05 08:39:46,2021-05-05 08:40:05,2.55,ft,A
2021-05-05 08:36:46,2021-05-05 08:37:05,2.35,ft,A
2021-05-05 08:25:46,2021-05-05 08:26:05,2.55,ft,A
2021-05-05 08:22:46,2021-05-05 08:23:05,2.35,ft,A
2021-05-05 06:20:46,2021-05-05 06:21:05,2.55,ft,A
2021-05-05 06:19:46,2021-05-05 06:20:05,2.35,ft,A
2021-05-05 04:47:45,2021-05-05 04:48:05,2.55,ft,A
2021-05-05 04:43:45,2021-05-05 04:44:05,2.65,ft,A
2021-05-05 04:14:45,2021-05-05 04:15:05,2.45,ft,A
2021-05-05 04:13:45,2021-05-05 04:14:05,2.65,ft,A
2021-05-05 04:10:45,2021-05-05 04:11:05,2.45,ft,A
2021-05-05 04:07:45,2021-05-05 04:08:05,2.65,ft,A
2021-05-05 03:39:45,2021-05-05 03:40:05,2.45,ft,A
2021-05-05 03:33:46,2021-05-05 03:34:05,2.65,ft,A
2021-05-05 03:28:45,2021-05-05 03:29:05,2.45,ft,A
2021-05-05 03:20:45,2021-05-05 03:21:05,2.65,ft,A
2021-05-05 03:16:45,2021-05-05 03:17:05,2.45,ft,A
2021-05-05 03:09:45,2021-05-05 03:10:05,2.65,ft,A
2021-05-05 03:07:45,2021-05-05 03:08:05,2.45,ft,A
2021-05-05 03:04:45,2021-05-05 03:05:05,2.65,ft,A
2021-05-05 02:56:45,2021-05-05 02:57:05,2.45,ft,A
2021-05-05 02:39:45,2021-05-05 02:40:05,2.65,ft,A
2021-05-05 02:32:45,2021-05-05 02:33:05,2.45,ft,A
2021-05-05 02:30:45,2021-05-05 02:31:05,2.65,ft,A
2021-05-05 02:23:44,2021-05-05 02:24:05,2.45,ft,A
2021-05-05 02:19:45,2021-05-05 02:20:05,2.65,ft,A
2021-05-05 02:11:44,2021-05-05 02:12:05,2.45,ft,A
2021-05-05 01:53:45,2021-05-05 01:54:05,2.65,ft,A
2021-05-05 01:52:45,2021-05-05 01:53:05,2.45,ft,A
2021-05-05 01:18:45,2021-05-05 01:19:05,2.65,ft,A
2021-05-05 01:16:44,2021-05-05 01:17:05,2.45,ft,A
2021-05-05 00:25:45,2021-05-05 00:26:05,2.65,ft,A
2021-05-05 00:24:45,2021-05-05 00:25:05,2.45,ft,A
2021-05-05 00:04:45,2021-05-05 00:05:05,2.65,ft,A
2021-05-05 00:02:44,2021-05-05 00:03:05,2.45,ft,A
2021-05-04 22:47:44,2021-05-04 22:48:05,2.65,ft,A
2021-05-04 20:23:44,2021-05-04 20:24:05,2.65,ft,A
2021-05-04 20:22:44,2021-05-04 20:23:05,2.45,ft,A
2021-05-04 19:45:44,2021-05-04 19:46:05,2.65,ft,A
2021-05-04 19:43:44,2021-05-04 19:44:05,2.45,ft,A
2021-05-04 19:09:43,2021-05-04 19:10:05,2.65,ft,A
2021-05-04 19:01:43,2021-05-04 19:02:05,2.45,ft,A
2021-05-04 17:48:44,2021-05-04 17:49:05,2.45,ft,A
2021-05-04 17:47:43,2021-05-04 17:48:05,2.65,ft,A
2021-05-04 16:47:43,2021-05-04 16:48:05,2.45,ft,A
2021-05-04 16:21:43,2021-05-04 16:22:05,2.35,ft,A
2021-05-04 16:20:43,2021-05-04 16:21:05,2.55,ft,A
2021-05-04 16:16:43,2021-05-04 16:17:05,2.35,ft,A
2021-05-04 16:06:44,2021-05-04 16:07:05,2.55,ft,A
2021-05-04 10:47:43,2021-05-04 10:48:05,2.35,ft,A
2021-05-04 08:10:42,2021-05-04 08:11:05,2.35,ft,A
2021-05-04 08:07:42,2021-05-04 08:08:05,2.55,ft,A
2021-05-04 07:36:42,2021-05-04 07:37:05,2.35,ft,A
2021-05-04 07:33:43,2021-05-04 07:34:05,2.55,ft,A
2021-05-04 07:12:42,2021-05-04 07:13:05,2.35,ft,A
2021-05-04 06:35:42,2021-05-04 06:36:05,2.55,ft,A
2021-05-04 06:31:42,2021-05-04 06:32:05,2.35,ft,A
2021-05-04 04:47:42,2021-05-04 04:48:05,2.55,ft,A
2021-05-04 00:49:41,2021-05-04 00:50:05,2.45,ft,A
2021-05-04 00:48:41,2021-05-04 00:49:05,2.65,ft,A
2021-05-03 22:47:40,2021-05-03 22:48:05,2.45,ft,A
2021-05-03 20:45:40,2021-05-03 20:46:05,2.45,ft,A
2021-05-03 20:44:40,2021-05-03 20:45:05,2.65,ft,A
2021-05-03 16:47:39,2021-05-03 16:48:05,2.45,ft,A
2021-05-03 08:01:38,2021-05-03 08:02:05,2.45,ft,A
2021-05-03 07:58:38,2021-05-03 07:59:05,2.65,ft,A
2021-05-03 06:12:37,2021-05-03 06:13:05,2.45,ft,A
2021-05-03 06:09:38,2021-05-03 06:10:05,2.65,ft,A
2021-05-03 04:47:38,2021-05-03 04:48:05,2.45,ft,A
2021-05-03 04:45:47,2021-05-03 04:46:05,2.65,ft,A
2021-05-03 04:00:37,2021-05-03 04:01:05,2.45,ft,A
2021-05-03 03:16:37,2021-05-03 03:17:05,2.65,ft,A
2021-05-03 03:10:37,2021-05-03 03:11:05,2.45,ft,A
2021-05-03 03:09:37,2021-05-03 03:10:05,2.65,ft,A
2021-05-03 02:47:37,2021-05-03 02:48:05,2.45,ft,A
2021-05-03 02:34:37,2021-05-03 02:35:05,2.65,ft,A
2021-05-03 02:29:37,2021-05-03 02:30:05,2.45,ft,A
2021-05-03 02:03:37,2021-05-03 02:04:05,2.65,ft,A
2021-05-03 01:59:37,2021-05-03 02:00:05,2.45,ft,A
2021-05-03 01:54:37,2021-05-03 01:55:05,2.65,ft,A
2021-05-02 22:47:37,2021-05-02 22:48:05,2.45,ft,A
2021-05-02 18:42:36,2021-05-02 18:43:05,2.45,ft,A
2021-05-02 18:38:36,2021-05-02 18:39:05,2.25,ft,A
2021-05-02 18:29:36,2021-05-02 18:30:05,2.45,ft,A
2021-05-02 16:47:35,2021-05-02 16:48:05,2.25,ft,A
2021-05-02 10:47:35,2021-05-02 10:48:05,2.25,ft,A
2021-05-02 09:33:35,2021-05-02 09:34:05,2.35,ft,A
2021-05-02 09:15:35,2021-05-02 09:16:05,2.15,ft,A
2021-05-02 04:47:35,2021-05-02 04:47:35,2.35,ft,A
2021-05-01 16:47:32,2021-05-01 16:47:35,2.25,ft,A
2021-05-01 10:47:31,2021-05-01 10:47:35,2.15,ft,A
2021-05-01 08:41:31,2021-05-01 08:41:35,2.15,ft,A
2021-05-01 08:39:31,2021-05-01 08:39:35,2.35,ft,A
2021-05-01 08:27:31,2021-05-01 08:27:35,2.15,ft,A
2021-05-01 04:47:30,2021-05-01 04:47:35,2.35,ft,A
2021-04-30 23:37:30,2021-04-30 23:37:35,2.35,ft,A
2021-04-30 23:36:30,2021-04-30 23:36:35,2.55,ft,A
2021-04-30 23:11:29,2021-04-30 23:11:35,2.55,ft,A
2021-04-30 23:08:29,2021-04-30 23:08:35,2.35,ft,A
2021-04-30 22:51:29,2021-04-30 22:51:35,2.55,ft,A
2021-04-30 22:47:29,2021-04-30 22:47:35,2.35,ft,A
2021-04-30 22:42:29,2021-04-30 22:42:35,2.35,ft,A
2021-04-30 22:31:29,2021-04-30 22:31:35,2.55,ft,A
2021-04-30 22:27:29,2021-04-30 22:27:35,2.35,ft,A
2021-04-30 21:53:29,2021-04-30 21:53:35,2.55,ft,A
2021-04-30 21:49:29,2021-04-30 21:49:35,2.35,ft,A
2021-04-30 21:46:29,2021-04-30 21:46:35,2.55,ft,A
2021-04-30 21:33:29,2021-04-30 21:33:35,2.35,ft,A
2021-04-30 21:27:29,2021-04-30 21:27:35,2.55,ft,A
2021-04-30 21:22:29,2021-04-30 21:22:35,2.35,ft,A
2021-04-30 21:21:29,2021-04-30 21:21:35,2.55,ft,A
2021-04-30 21:19:29,2021-04-30 21:19:35,2.35,ft,A
2021-04-30 21:14:29,2021-04-30 21:14:35,2.55,ft,A
2021-04-30 20:55:29,2021-04-30 20:55:35,2.35,ft,A
2021-04-30 20:53:29,2021-04-30 20:53:35,2.55,ft,A
2021-04-30 20:47:29,2021-04-30 20:47:35,2.35,ft,A
2021-04-30 20:33:29,2021-04-30 20:33:35,2.55,ft,A
2021-04-30 17:52:29,2021-04-30 17:52:35,2.35,ft,A
2021-04-30 17:49:29,2021-04-30 17:49:35,2.15,ft,A
2021-04-30 17:43:29,2021-04-30 17:43:35,2.35,ft,A
2021-04-30 17:29:28,2021-04-30 17:29:35,2.15,ft,A
2021-04-30 17:25:29,2021-04-30 17:25:35,2.35,ft,A
2021-04-30 16:47:28,2021-04-30 16:47:35,2.15,ft,A
2021-04-30 15:59:28,2021-04-30 16:00:05,2.25,ft,A
2021-04-30 14:45:28,2021-04-30 14:45:35,2.05,ft,A
2021-04-30 14:44:28,2021-04-30 14:44:35,2.25,ft,A
2021-04-30 10:47:28,2021-04-30 10:47:35,2.05,ft,A
2021-04-30 10:35:28,2021-04-30 10:36:05,2.15,ft,A
2021-04-30 10:34:28,2021-04-30 10:34:35,1.95,ft,A
2021-04-30 09:04:27,2021-04-30 09:05:05,2.15,ft,A
2021-04-30 09:03:27,2021-04-30 09:03:35,1.95,ft,A
2021-04-30 04:47:27,2021-04-30 04:47:35,2.15,ft,A
2021-04-30 03:09:26,2021-04-30 03:09:35,2.35,ft,A
2021-04-30 02:49:26,2021-04-30 02:49:35,2.15,ft,A
2021-04-30 02:48:26,2021-04-30 02:48:35,2.35,ft,A
2021-04-30 02:36:26,2021-04-30 02:36:35,2.15,ft,A
2021-04-30 01:57:26,2021-04-30 01:57:35,2.35,ft,A
2021-04-30 01:56:26,2021-04-30 01:56:35,2.15,ft,A
2021-04-30 01:44:26,2021-04-30 01:44:35,2.35,ft,A
2021-04-30 01:42:26,2021-04-30 01:42:35,2.15,ft,A
2021-04-29 22:47:25,2021-04-29 22:47:35,2.35,ft,A
2021-04-29 19:22:26,2021-04-29 19:22:35,2.35,ft,A
2021-04-29 19:17:26,2021-04-29 19:17:35,2.15,ft,A
2021-04-29 19:15:26,2021-04-29 19:15:35,2.35,ft,A
2021-04-29 16:47:25,2021-04-29 16:47:35,2.15,ft,A
2021-04-29 16:36:25,2021-04-29 16:36:35,2.05,ft,A
2021-04-29 16:33:25,2021-04-29 16:33:35,2.25,ft,A
2021-04-29 16:01:25,2021-04-29 16:01:35,2.05,ft,A
2021-04-29 15:51:25,2021-04-29 15:51:35,2.25,ft,A
2021-04-29 10:47:24,2021-04-29 10:47:35,2.05,ft,A
2021-04-29 08:22:24,2021-04-29 08:22:35,2.05,ft,A
2021-04-29 04:47:22,2021-04-29 04:47:35,2.25,ft,A
2021-04-29 02:55:23,2021-04-29 02:55:35,2.15,ft,A
2021-04-29 02:54:23,2021-04-29 02:54:35,2.35,ft,A
2021-04-29 02:09:23,2021-04-29 02:09:35,2.35,ft,A
2021-04-29 02:02:22,2021-04-29 02:02:35,2.15,ft,A
2021-04-29 01:52:23,2021-04-29 01:52:35,2.35,ft,A
2021-04-29 01:51:23,2021-04-29 01:51:35,2.15,ft,A
2021-04-29 01:50:22,2021-04-29 01:50:35,2.35,ft,A
2021-04-29 01:22:23,2021-04-29 01:22:35,2.15,ft,A
2021-04-29 01:15:23,2021-04-29 01:15:35,2.35,ft,A
2021-04-29 00:50:23,2021-04-29 00:50:35,2.15,ft,A
2021-04-28 22:47:22,2021-04-28 22:47:35,2.35,ft,A
2021-04-28 19:49:21,2021-04-28 19:49:35,2.25,ft,A
2021-04-28 18:56:21,2021-04-28 18:56:35,2.05,ft,A
2021-04-28 18:54:21,2021-04-28 18:54:35,2.25,ft,A
2021-04-28 16:47:21,2021-04-28 16:47:35,2.05,ft,A
2021-04-28 13:03:21,2021-04-28 13:03:35,1.95,ft,A
2021-04-28 12:56:21,2021-04-28 12:56:35,1.75,ft,A
2021-04-28 11:59:20,2021-04-28 11:59:35,1.95,ft,A
2021-04-28 11:18:20,2021-04-28 11:18:35,1.75,ft,A
2021-04-28 11:13:20,2021-04-28 11:13:35,1.95,ft,A
2021-04-28 10:47:19,2021-04-28 10:47:35,1.75,ft,A
2021-04-28 04:47:18,2021-04-28 04:47:35,1.85,ft,A
2021-04-27 22:47:18,2021-04-27 22:47:35,1.85,ft,A
2021-04-27 16:47:17,2021-04-27 16:47:35,1.75,ft,A
2021-04-27 10:47:16,2021-04-27 10:47:35,1.75,ft,A
2021-04-27 04:47:14,2021-04-27 04:47:35,1.75,ft,A
2021-04-26 22:47:14,2021-04-26 22:47:35,1.85,ft,A
2021-04-26 19:29:13,2021-04-26 19:29:35,1.85,ft,A
2021-04-26 16:47:13,2021-04-26 16:47:35,1.65,ft,A
2021-04-26 10:47:12,2021-04-26 10:47:35,1.65,ft,A
2021-04-26 04:47:11,2021-04-26 04:47:35,1.75,ft,A
2021-04-25 22:47:10,2021-04-25 22:47:35,1.85,ft,A
2021-04-25 20:41:09,2021-04-25 20:41:35,1.85,ft,A
2021-04-25 16:47:09,2021-04-25 16:47:35,1.65,ft,A
2021-04-25 04:47:08,2021-04-25 04:47:35,1.85,ft,A
2021-04-24 16:47:05,2021-04-24 16:47:35,1.75,ft,A
2021-04-24 10:47:05,2021-04-24 10:47:05,1.75,ft,A
2021-04-24 04:47:04,2021-04-24 04:47:05,1.85,ft,A
2021-04-23 22:47:02,2021-04-23 22:47:05,1.75,ft,A
2021-04-23 16:47:01,2021-04-23 16:47:05,1.75,ft,A
2021-04-23 10:47:00,2021-04-23 10:47:05,1.65,ft,A
