ID,Number,Stream,Sample_Name,Site_Code,Date,Time,BOTTLE_NOTES,SAMPLE_TTYPE,Temp,Chla,Turbidity,DOC,DTN,pH,ANC,SC,Na,NH4,K,Mg,Ca,F,Cl,NO3,PO4,SO4,LAB_NOTES,POINT_X,POINT_Y
FCW 100,100,Hourglass Reservoir Outflow,Hourglass Reservoir Outflow,HORO,8/21/2020,NA,No TSS,NORM,NA,NA,NA,2.78,0.23,6.69,238.75,24.95,1.1,0.02,0.42,0.77,3.52,0.04,0.24,0.11,0,0.89,NA,-105.6309523,40.58287424
FCW 161,161,Long Draw Reservoir,LNGR_102020,LNGR,10/20/2020,NA,No TSS,NORM,NA,NA,NA,2.39,0.34,6.9,203.46,27.52,1.01,0.02,0.59,1.19,1.94,0.22,0.14,0.09,0,1.98,NA,-105.7725203,40.50086976
FCW 162,162,Peterson Reservoir,PTRR_102020,PTRR,10/20/2020,NA,No TSS,NORM,NA,NA,NA,9.37,0.48,6.92,268.85,40.12,1.35,0.01,1.07,0.47,4.06,0.02,0.29,0.16,0,7.34,NA,-105.793993,40.55935863
FCW 164,164,Barnes Meadow Reservoir Outflow,BMD_102020,BMR,10/20/2020,NA,No TSS,NORM,NA,NA,NA,9.61,0.5,7.33,375.6,42.43,1.93,0.02,1.04,0.66,5.65,0.05,0.66,0.11,0,1.75,NA,-105.8369518,40.6006939
FCW 214,214,Chambers Lake Outflow,Chambers Lake Outflow,CHR,11/16/2020,10:30:00,No TSS,NORM,NA,NA,NA,2.69,0.25,7.55,445.98,50.64,2,0.02,0.87,1.36,5.56,0.07,0.4,0.08,0,2.73,NA,-105.8375231,40.6005806
FCW 240,240,Barnes Meadow Reservoir Outflow,BMD_040721,BMR,4/7/2021,NA,No TSS,NORM,NA,NA,6,10.2,0.4,7.65,397.12,49.91,2.1,0.12,1.06,0.69,5.42,0.03,0.61,0.15,0,2.07,NA,-105.8369518,40.6006939
FCW 241,241,Barnes Meadow Reservoir Outflow,BMD_041221,BMD,4/12/2021,9:04:00,No TSS,NORM,NA,NA,NA,8.83,0.56,7,444.24,51.48,2.12,0.08,1.01,0.63,5.68,0.04,0.7,0.08,0,1.85,NA,-105.8363862,40.60059258
FCW 250,250,Chambers Lake Inflow,CBRI_041321,CBRI,4/13/2021,9:07:00,NA,NORM,1,NA,1.8,3.18,0.3,7.3,460.9,54.26,1.96,0.01,0.85,1.22,5.94,0.08,0.54,0.09,0,1.95,NA,-105.8572669,40.57794629
FCW 250,250,Chambers Lake Inflow,CBRI_041321,CBRI,4/13/2021,9:07:00,NA,NORM,1,NA,1.8,3.18,0.3,7.3,460.9,54.26,1.96,0.01,0.85,1.22,5.94,0.08,0.54,0.09,0,1.95,NA,-105.8572669,40.57794629
FCW 261,261,Chambers Lake Inflow,CBRI_041921,CBRI,4/19/2021,9:11:00,NA,NORM,0,NA,2,2.61,0.24,7.32,443.42,55.19,2.01,0.01,0.84,1.18,5.98,0.06,0.59,0.1,0,1.93,NA,-105.8572669,40.57794629
FCW 261,261,Chambers Lake Inflow,CBRI_041921,CBRI,4/19/2021,9:11:00,NA,NORM,0,NA,2,2.61,0.24,7.32,443.42,55.19,2.01,0.01,0.84,1.18,5.98,0.06,0.59,0.1,0,1.93,NA,-105.8572669,40.57794629
FCW 262,262,Barnes Meadow Reservoir Outflow,BMD_041921,BMR,4/19/2021,9:29:00,NA,NORM,2,NA,12,9.67,0.77,7.48,369.75,43.28,2.13,0.09,0.96,0.65,5.42,0.04,0.68,0.09,0,2.01,NA,-105.8369518,40.6006939
FCW 263,263,Chambers Lake Outflow,CHR_041921,CHR,4/19/2021,9:38:00,NA,NORM,1,NA,2.4,2.94,0.36,7.28,509.69,60.2,2.13,0.01,0.92,1.32,6.48,0.06,0.85,0.05,0,2.54,NA,-105.8375231,40.6005806
FCW 281,281,Chambers Lake Inflow,CBRI_042621,CBRI,4/26/2021,9:45:00,NA,NORM,1,NA,2,2.76,0.31,7.13,450.52,50.11,1.99,0.01,0.92,1.24,5.94,0.06,0.64,0.07,0,1.92,NA,-105.8572669,40.57794629
FCW 281,281,Chambers Lake Inflow,CBRI_042621,CBRI,4/26/2021,9:45:00,NA,NORM,1,NA,2,2.76,0.31,7.13,450.52,50.11,1.99,0.01,0.92,1.24,5.94,0.06,0.64,0.07,0,1.92,NA,-105.8572669,40.57794629
FCW 282,282,Chambers Lake Outflow,CHD_042621,CHD,4/26/2021,10:24:00,NA,NORM,2,NA,1.5,3.03,0.36,6.99,505.86,56.8,2.55,0.02,0.97,1.36,6.74,0.06,0.75,0.04,0,2.5,NA,-105.8427182,40.60232576
FCW 283,283,Barnes Meadow Reservoir Outflow,BMD_042621,BMD,4/26/2021,10:46:00,NA,NORM,3.4,NA,15,10.51,1,7.14,444.5,51.04,3.15,0.09,0.91,0.78,5.66,0.03,0.76,0.11,0,1.95,NA,-105.8363862,40.60059258
FCW 321,321,Chambers Lake Inflow,CBRI_050321,CBRI,5/3/2021,9:37:00,Water temperature error.,NORM,-6,NA,1.6,5.23,0.52,7.36,112.21,49.14,1.84,0.01,0.85,1.01,4.85,0.06,0.59,0.8,0,13.72,NA,-105.8572669,40.57794629
FCW 321,321,Chambers Lake Inflow,CBRI_050321,CBRI,5/3/2021,9:37:00,Water temperature error.,NORM,-6,NA,1.6,5.23,0.52,7.36,112.21,49.14,1.84,0.01,0.85,1.01,4.85,0.06,0.59,0.8,0,13.72,NA,-105.8572669,40.57794629
FCW 322,322,Chambers Lake Outflow,CHD_050321,CHD,5/3/2021,10:00:00,Water temperature error.,NORM,-5,NA,1,2.96,0.28,7.1,470.21,64.36,2.33,0.02,0.84,1.34,6.04,0.07,0.99,0.26,0,8.42,NA,-105.8427182,40.60232576
FCW 323,323,Barnes Meadow Reservoir Outflow,BMD_050321,BMD,5/3/2021,10:20:00,Water temperature error.,NORM,-3,NA,9,10.05,0.73,7.01,142.61,56.42,3.06,0.08,0.92,0.76,5.44,0.06,1.38,0.12,0,14.54,NA,-105.8363862,40.60059258
FCW 345,345,Chambers Lake Inflow,CBRI_051021,CBRI,5/10/2021,9:30:00,NA,NORM,NA,NA,1.75,4.2,0.39,7.16,469.68,65.04,1.46,0.01,0.83,1.06,6.19,0.06,2.15,0.74,0.1,11.22,NA,-105.8572669,40.57794629
FCW 345,345,Chambers Lake Inflow,CBRI_051021,CBRI,5/10/2021,9:30:00,NA,NORM,NA,NA,1.75,4.2,0.39,7.16,469.68,65.04,1.46,0.01,0.83,1.06,6.19,0.06,2.15,0.74,0.1,11.22,NA,-105.8572669,40.57794629
FCW 346,346,Chambers Lake Outflow,CHD_051021,CHD,5/10/2021,9:55:00,NA,NORM,1.6,NA,1.25,3.34,0.34,7.02,465.58,62.25,1.01,0.02,0.77,1.16,5.74,0.06,1.53,0.66,0.05,9.4,NA,-105.8427182,40.60232576
FCW 347,347,Barnes Meadow Reservoir Outflow,BMD_051021,BMD,5/10/2021,10:15:00,NA,NORM,2.86,NA,5.5,9.28,0.66,7.14,702.12,97.33,1.31,0.08,1.07,1.5,9.59,0.05,2.37,0.35,0.09,23.68,NA,-105.8363862,40.60059258
FCW 381,381,Chambers Lake Inflow,CBRI_051721,CBRI,5/17/2021,9:30:00,NA,NORM,NA,NA,0.8,4.82,0.46,7.44,445.48,65.93,1.5,0.01,1.03,1.51,7.82,0.05,1.49,0.8,0.31,11.04,NA,-105.8572669,40.57794629
FCW 381,381,Chambers Lake Inflow,CBRI_051721,CBRI,5/17/2021,9:30:00,NA,NORM,NA,NA,0.8,4.82,0.46,7.44,445.48,65.93,1.5,0.01,1.03,1.51,7.82,0.05,1.49,0.8,0.31,11.04,NA,-105.8572669,40.57794629
FCW 382,382,Chambers Lake Outflow,CHD_051721,CHD,5/17/2021,9:45:00,NA,NORM,NA,NA,3,4.2,0.36,7.46,484.32,64.08,1.47,0.03,0.93,1.29,6.07,0.05,1.66,0.51,0.27,8.52,NA,-105.8427182,40.60232576
FCW 383,383,Barnes Meadow Reservoir Outflow,BMD_051721,BMD,5/17/2021,10:00:00,NA,NORM,NA,NA,3.4,9.61,0.8,7.77,795.89,103.53,1.85,0.21,1.33,1.83,10.98,0.05,1.99,0.56,0.33,26.93,NA,-105.8363862,40.60059258
FCW 394,394,Chambers Lake Inflow,CBRI_052421,CBRI,5/24/2021,9:30:00,NA,NORM,NA,NA,1,5.06,0.4,7.17,422.3,77.79,2.06,0.02,1.2,2.35,9.21,0.09,1.83,0.79,0.43,12.89,NA,-105.8572669,40.57794629
FCW 394,394,Chambers Lake Inflow,CBRI_052421,CBRI,5/24/2021,9:30:00,NA,NORM,NA,NA,1,5.06,0.4,7.17,422.3,77.79,2.06,0.02,1.2,2.35,9.21,0.09,1.83,0.79,0.43,12.89,NA,-105.8572669,40.57794629
FCW 395,395,Chambers Lake Outflow,CHD_052421,CHD,5/24/2021,9:50:00,NA,NORM,2.42,NA,1.9,4.62,0.45,7.18,443.67,64.14,1.97,0.02,0.92,2.02,7.22,0.09,1.02,0.52,0.28,10.45,NA,-105.8427182,40.60232576
FCW 396,396,Barnes Meadow Reservoir Outflow,BMD_052421,BMD,5/24/2021,10:00:00,No TSS,NORM,3.585,NA,2.1,7.59,0.48,6.89,491.76,84.37,2.43,0.1,1.25,1.65,10.52,0.03,1.54,0.24,0,12.67,NA,-105.8363862,40.60059258
FCW 425,425,Chambers Lake Inflow,CBRI_060121,CBRI,6/1/2021,11:00:00,NA,NORM,NA,NA,2.5,5.32,0.47,7.24,380.57,47.78,1.84,0.02,0.89,1.1,6.25,0.04,0.75,0.45,0.01,5.36,NA,-105.8572669,40.57794629
FCW 425,425,Chambers Lake Inflow,CBRI_060121,CBRI,6/1/2021,11:00:00,NA,NORM,NA,NA,2.5,5.32,0.47,7.24,380.57,47.78,1.84,0.02,0.89,1.1,6.25,0.04,0.75,0.45,0.01,5.36,NA,-105.8572669,40.57794629
FCW 426,426,Chambers Lake Outflow,CHD_060121,CHD,6/1/2021,11:00:00,NA,NORM,NA,NA,2,4.03,0.36,7.17,436.78,64.81,1.71,0.03,0.98,1.43,7.03,0.04,1.01,0.37,0,6.71,NA,-105.8427182,40.60232576
FCW 427,427,Barnes Meadow Reservoir Outflow,BMD_060121,BMD,6/1/2021,11:10:00,NA,NORM,NA,NA,3.5,7.64,0.4,6.99,446.33,75.68,2.26,0.05,1.19,1.52,9.75,0.03,1.41,0.22,0,11.24,NA,-105.8363862,40.60059258
FCW 442,442,Long Draw Reservoir,LNGR_060221,LNGR,6/2/2021,9:56:00,NA,NORM,NA,0.27,NA,9.45,0.59,6.77,157.14,27.29,0.86,0.03,0.53,0.7,4.04,0.09,0.32,0.4,0,2.97,NA,-105.7725203,40.50086976
FCW 443,443,Long Draw Reservoir Outflow,LNGO_060221,LNGO,6/2/2021,10:30:00,NA,NORM,NA,0.04,NA,8.93,0.6,6.59,88.64,19.78,0.9,0.03,0.44,0.51,2.16,0.02,0.52,0.52,0,1.53,NA,-105.7709356,40.50367919
FCW 444,444,Peterson Reservoir,PTRR_060221,PTRR,6/2/2021,11:16:00,NA,NORM,NA,1.54,NA,7.02,0.65,6.82,169.77,41.8,1.49,0.11,1.35,0.82,4.97,0.03,0.88,0.32,0,7.85,NA,-105.793993,40.55935863
FCW 445,445,Joe Wright Reservoir Inflow,JOEI_060221,JOEI,6/2/2021,12:05:00,NA,NORM,NA,0.14,NA,4.37,0.36,6.99,275.59,32.21,1.22,0.02,0.4,1.16,4.2,0.02,1.02,0.02,0,1.35,NA,-105.8831594,40.5401245
FCW 446,446,Joe Wright Reservoir,JOER_060221,JOER,6/2/2021,12:25:00,NA,NORM,NA,0.37,NA,3.05,0.39,7.01,379.11,43.77,1.41,0.05,0.63,1.27,5.85,0.06,0.72,0.1,0,3.6,NA,-105.8749515,40.55593093
FCW 447,447,Chambers Lake Inflow,CBRI_060221,CBRI,6/2/2021,12:51:00,NA,NORM,NA,0.21,NA,4.23,0.46,7.12,321.42,46.12,2.06,0.02,0.58,0.95,6.37,0.06,0.48,0.38,0,3.01,NA,-105.8572669,40.57794629
FCW 447,447,Chambers Lake Inflow,CBRI_060221,CBRI,6/2/2021,12:51:00,NA,NORM,NA,0.21,NA,4.23,0.46,7.12,321.42,46.12,2.06,0.02,0.58,0.95,6.37,0.06,0.48,0.38,0,3.01,NA,-105.8572669,40.57794629
FCW 448,448,Barnes Meadow Reservoir Outflow,BMD_060221,BMD,6/2/2021,13:30:00,NA,NORM,NA,1.04,NA,7.38,0.55,7.17,355.03,69.65,2.33,0.06,1.24,1.51,9.55,0.03,1.41,0.16,0,11.59,NA,-105.8363862,40.60059258
FCW 449,449,Barnes Meadow Reservoir,BRNR_060221,BRNR,6/2/2021,13:53:00,NA,NORM,NA,1.45,NA,7.34,0.46,7.21,386.18,68.37,2.3,0.05,1.23,1.51,9.81,0.03,1.44,0.02,0,11.42,NA,-105.8333281,40.60085972
FCW 450,450,Chambers Lake Outflow,CHD_060221,CHD,6/2/2021,14:15:00,Sample taken directly upstream of Barnes Diversions.,NORM,NA,2.1,NA,3.73,0.45,7.23,378.79,58.52,1.69,0.02,1.01,1.43,7.21,0.04,0.92,0.28,0,6.65,NA,-105.8427182,40.60232576
FCW 451,451,Chambers Lake Outflow,CHD_060221,CHD,6/2/2021,14:15:00,Sample taken directly upstream of Barnes Diversions.,DUPLICATE,NA,2.01,NA,3.67,0.42,7.22,373.8,55.85,1.7,0.03,1,1.43,7.17,0.04,0.93,0.29,0,6.58,NA,-105.8427182,40.60232576
FCW 452,452,Chambers Lake,CBRR_060221,CBRR,6/2/2021,14:40:00,NA,NORM,NA,2.64,NA,3.9,0.42,7.2,349.32,54.44,1.71,0.04,1,1.38,7.13,0.04,0.91,0.19,0,6.47,NA,-105.8432594,40.60437763
FCW 453,453,Chambers Lake Inflow,CBRI_060721,CBRI,6/7/2021,11:25:00,NO TSS,NORM,NA,NA,5,3.99,0.36,6.81,304.73,44.7,1.42,0.05,0.62,1.49,5.85,0.06,0.64,0.35,0,3.39,NA,-105.8572669,40.57794629
FCW 453,453,Chambers Lake Inflow,CBRI_060721,CBRI,6/7/2021,11:25:00,NO TSS,NORM,NA,NA,5,3.99,0.36,6.81,304.73,44.7,1.42,0.05,0.62,1.49,5.85,0.06,0.64,0.35,0,3.39,NA,-105.8572669,40.57794629
FCW 454,454,Chambers Lake Outflow,CHD_060721,CHD,6/7/2021,11:45:00,NO TSS,NORM,NA,NA,3.75,3.88,0.46,6.93,375.91,51.22,1.68,0.08,0.94,1.24,6.28,0.04,0.91,0.25,0,5.84,NA,-105.8427182,40.60232576
FCW 455,455,Barnes Meadow Reservoir Outflow,BMD_060721,BMD,6/7/2021,11:55:00,NO TSS,NORM,NA,NA,4,7.42,0.54,6.86,395.63,75.49,2.28,0.06,1.17,1.45,10.19,0.03,1.44,0.1,0,11.39,NA,-105.8363862,40.60059258
FCW 481,481,Long Draw Reservoir,LNGR_060921,LNGR,6/9/2021,9:45:00,NA,NORM,4.9,0.48,4.1,5.28,0.53,6.69,175.94,30.63,0.8,0.02,0.48,0.71,4.62,0.11,0.55,0.53,0,3.1,NA,-105.7725203,40.50086976
FCW 482,482,Long Draw Reservoir Outflow,LNGO_060921,LNGO,6/9/2021,10:15:00,NA,NORM,5.8,0.64,3,4.32,0.53,6.82,218.84,33.55,0.81,0,0.48,0.76,4.79,0.09,0.34,0.52,0,3.5,NA,-105.7709356,40.50367919
FCW 483,483,Peterson Reservoir Outflow,PTRO_060921,PTRO,6/9/2021,11:00:00,NA,NORM,13.8,4.6,2.5,7.14,0.44,6.79,163.76,41.51,1.39,0.01,1.22,0.86,5.65,0.01,0.68,0.01,0,6.52,NA,-105.7928918,40.56063222
FCW 484,484,Peterson Reservoir,PTRR_060921,PTRR,6/9/2021,11:21:00,NA,NORM,15.7,4.79,3.4,7,0.48,6.8,178.19,39.37,1.37,0.01,1.19,0.77,5.05,0.03,0.67,0.01,0,6.61,NA,-105.793993,40.55935863
FCW 485,485,Joe Wright Reservoir Inflow,JOEI_060921,JOEI,6/9/2021,12:12:00,NA,NORM,9,0.18,3.9,4.38,0.33,6.96,269.76,32.2,1.07,0,0.49,1,4.33,0.06,0.26,0.18,0,1.98,NA,-105.8831594,40.5401245
FCW 486,486,Joe Wright Reservoir,JOER_060921,JOER,6/9/2021,12:54:00,NA,NORM,6.4,0.47,3,3.61,0.34,6.97,371.16,45.22,1.41,0,0.59,1.26,5.83,0.03,0.53,0.04,0,3.22,NA,-105.8749515,40.55593093
FCW 487,487,Chambers Lake Inflow,CBRI_060921,CBRI,6/9/2021,13:31:00,NA,NORM,7.5,0.36,3.6,3.97,0.43,6.97,296.85,39.22,1.34,0.03,0.64,0.95,5.14,0.05,0.41,0.14,0,2.66,NA,-105.8572669,40.57794629
FCW 487,487,Chambers Lake Inflow,CBRI_060921,CBRI,6/9/2021,13:31:00,NA,NORM,7.5,0.36,3.6,3.97,0.43,6.97,296.85,39.22,1.34,0.03,0.64,0.95,5.14,0.05,0.41,0.14,0,2.66,NA,-105.8572669,40.57794629
FCW 488,488,Barnes Meadow Reservoir Outflow,BMD_060921,BMD,6/9/2021,13:52:00,NA,NORM,NA,2.17,6.4,7.43,0.68,6.91,429.3,75.84,2.22,0.17,1.15,1.46,9.08,0.03,1.27,0.06,0,10.25,NA,-105.8363862,40.60059258
FCW 489,489,Barnes Meadow Reservoir,BRNR_060921,BRNR,6/9/2021,14:22:00,NA,NORM,NA,1.83,3,7.39,0.5,7.09,426.01,68.78,2.22,0.02,1.17,1.53,9.51,0.02,1.28,0.03,0,10.33,NA,-105.8333281,40.60085972
FCW 490,490,Chambers Lake,CBRR_060921,CBRR,6/9/2021,15:00:00,NA,NORM,NA,1.18,3.1,4.18,0.74,7.03,351.74,51.85,1.45,0.02,0.86,1.3,6.59,0.02,0.69,0.01,0,4.98,NA,-105.8432594,40.60437763
FCW 491,491,Chambers Lake Outflow,CHD_060921,CHD,6/9/2021,15:15:00,NA,NORM,NA,1.54,3.5,4.08,0.46,7.02,332.64,47.93,1.46,0.01,0.84,1.17,6.12,0.03,0.77,0.3,0,4.7,NA,-105.8427182,40.60232576
FCW 492,492,Chambers Lake Outflow,CHD_060921,CHD,6/9/2021,15:15:00,NA,DUPLICATE,NA,1.56,3.8,4.03,0.44,7.01,350.57,49.31,1.47,0.01,0.83,1.18,6.25,0.03,0.64,0.29,0,4.7,NA,-105.8427182,40.60232576
FCW 509,509,Long Draw Reservoir,LNGR_061621,LNGR,6/16/2021,9:40:00,NA,NORM,NA,0.47,NA,4.41,0.54,6.59,202.93,32.63,0.84,0.03,0.5,0.78,4.84,0.21,0.23,0.57,0,3.95,NA,-105.7725203,40.50086976
FCW 510,510,Long Draw Reservoir Outflow,LNGO_061621,LNGO,6/16/2021,10:15:00,NA,NORM,NA,0.72,3.3,4.35,0.5,6.6,194,31.76,0.75,0.03,0.46,0.71,4.41,0.17,0.19,0.56,0,3.69,NA,-105.7709356,40.50367919
FCW 511,511,Peterson Reservoir Outflow,PTRO_061621,PTRO,6/16/2021,11:14:00,NA,NORM,NA,2.6,3,7.69,0.48,6.72,163.9,40.78,1.41,0.06,1.27,0.75,4.93,0.02,0.78,0.01,0,6.85,NA,-105.7928918,40.56063222
FCW 512,512,Peterson Reservoir,PTRR_061621,PTRR,6/16/2021,11:33:00,NA,NORM,NA,4.11,3,8,0.55,6.68,164.27,41.22,1.44,0.09,1.28,0.81,5.01,0.03,0.8,0.01,0,6.89,NA,-105.793993,40.55935863
FCW 513,513,Joe Wright Reservoir Inflow,JOEI_061621,JOEI,6/16/2021,12:27:00,NA,NORM,NA,0.27,2.5,4.02,0.31,6.82,299.66,40.87,1.21,0.02,0.5,1.18,5.05,0.1,0.32,0.12,0,3.46,NA,-105.8831594,40.5401245
FCW 514,514,Joe Wright Reservoir Inflow,JOEI_061621,JOEI,6/16/2021,12:27:00,NA,DUPLICATE,NA,0.25,2.5,4.03,0.27,6.78,304.41,42.31,1.23,0.01,0.5,1.14,5.04,0.11,0.33,0.12,0,3.54,NA,-105.8831594,40.5401245
FCW 515,515,Joe Wright Reservoir,JOER_0616621,JOER,6/16/2021,13:15:00,NA,NORM,NA,0.63,2.5,3.76,0.32,6.74,339.54,43.21,1.33,0.03,0.61,1.21,5.49,0.07,0.58,0.05,0,3.23,NA,-105.8749515,40.55593093
FCW 516,516,Chambers Lake Inflow,CBRI_061621,CBRI,6/16/2021,13:50:00,NA,NORM,NA,0.32,2.8,3.44,0.28,6.82,302.57,39.32,1.4,0.03,0.69,0.98,5.02,0.06,0.48,0.13,0,2.69,NA,-105.8572669,40.57794629
FCW 516,516,Chambers Lake Inflow,CBRI_061621,CBRI,6/16/2021,13:50:00,NA,NORM,NA,0.32,2.8,3.44,0.28,6.82,302.57,39.32,1.4,0.03,0.69,0.98,5.02,0.06,0.48,0.13,0,2.69,NA,-105.8572669,40.57794629
FCW 517,517,Barnes Meadow Reservoir Outflow,BMD_061621,BMD,6/16/2021,14:20:00,NA,NORM,NA,2.98,10,7.69,0.58,6.71,398.7,68.7,2.34,0.17,1.22,1.55,9.72,0.04,1.43,0.06,0,11.23,NA,-105.8363862,40.60059258
FCW 518,518,Barnes Meadow Reservoir,BRNR_061621,BRNR,6/16/2021,14:30:00,NA,NORM,NA,1.66,3.6,7.61,0.55,7.01,405.16,71.97,2.38,0.06,1.26,1.56,9.43,0.04,1.43,0.01,0,11.8,NA,-105.8333281,40.60085972
FCW 519,519,Chambers Lake,CBRR_061621,CBRR,6/16/2021,15:16:00,NA,NORM,NA,1.56,3.5,4.11,0.4,6.91,313.61,43.6,1.35,0.08,0.83,1.08,5.64,0.05,0.65,0.01,0,4.4,NA,-105.8432594,40.60437763
FCW 520,520,Chambers Lake Outflow,CHD_061621,CHD,6/16/2021,15:33:00,NA,NORM,NA,0.96,2.9,3.76,0.34,6.81,346.47,46.47,1.53,0.04,0.86,1.07,5.98,0.05,0.61,0.11,0,4.18,NA,-105.8427182,40.60232576
FCW 546,546,Long Draw Reservoir Outflow,LNGO_062321,LNGO,6/23/2021,10:34:00,NO CHLA,NORM,10,NA,2.9,3.79,0.52,6.99,225.38,36.74,0.79,0.04,0.46,0.81,4.95,0.11,0.18,0.58,0,4.59,NA,-105.7709356,40.50367919
FCW 547,547,Long Draw Reservoir,LNGR_062321,LNGR,6/23/2021,10:00:00,No TSS,NORM,12.1,NA,4.7,3.84,0.49,6.98,222.44,38.44,0.85,0.03,0.51,0.91,5.26,0.21,0.19,0.54,0,4.51,NA,-105.7725203,40.50086976
FCW 548,548,Peterson Reservoir Outflow,PTRO_062321,PTRO,6/23/2021,11:30:00,NO CHLA,NORM,16.9,NA,3,7.62,0.52,7.07,186.6,42.83,1.42,0.19,1.21,0.76,5.04,0.02,0.73,0.01,0,6.48,NA,-105.7928918,40.56063222
FCW 549,549,Peterson Reservoir,PTRR_062321,PTRR,6/23/2021,11:43:00,NO CHLA,NORM,17.2,NA,NA,7.58,0.52,7.1,176.92,41.72,1.42,0.1,1.18,0.75,4.83,0.01,0.75,0.02,0,6.51,NA,-105.793993,40.55935863
FCW 550,550,Joe Wright Reservoir Inflow,JOEI_062321,JOEI,6/23/2021,12:45:00,NO CHLA,NORM,12.3,NA,1.6,2,0.33,7.15,376.97,50.43,1.27,0.02,0.45,1.23,5.98,0.07,0.3,0.21,0,4.53,NA,-105.8831594,40.5401245
FCW 551,551,Joe Wright Reservoir,JOER_062321,JOER,6/23/2021,13:15:00,NO CHLA,NORM,14.2,NA,1.5,3.51,0.3,7.13,335.87,41.91,1.21,0.02,0.55,1.07,5.27,0.05,0.49,0.01,0,2.98,NA,-105.8749515,40.55593093
FCW 552,552,Chambers Lake Inflow,CBRI_062321,CBRI,6/23/2021,13:50:00,NO CHLA,NORM,9.2,NA,4.5,3.05,0.43,7.21,349.32,45.05,1.52,0.02,0.67,1.03,5.51,0.07,0.56,0.1,0,2.96,NA,-105.8572669,40.57794629
FCW 552,552,Chambers Lake Inflow,CBRI_062321,CBRI,6/23/2021,13:50:00,NO CHLA,NORM,9.2,NA,4.5,3.05,0.43,7.21,349.32,45.05,1.52,0.02,0.67,1.03,5.51,0.07,0.56,0.1,0,2.96,NA,-105.8572669,40.57794629
FCW 553,553,Barnes Meadow Reservoir Outflow,BMD_062321,BMD,6/23/2021,14:05:00,NO CHLA,NORM,8.7,NA,5,7.29,0.45,7.1,409.22,75.93,2.32,0.04,1.14,1.46,9.27,0.04,1.38,0.15,0,10.86,NA,-105.8363862,40.60059258
FCW 554,554,Barnes Meadow Reservoir,BRNR_062321,BRNR,6/23/2021,14:20:00,No TSS,NORM,18.5,NA,4.5,7.52,0.7,7.32,430.99,85.43,2.39,0.04,1.2,1.49,9.25,0.04,1.38,0.01,0,11.15,NA,-105.8333281,40.60085972
FCW 555,555,Barnes Meadow Reservoir,BRNR_062321,BRNR,6/23/2021,14:20:00,No TSS,DUPLICATE,18.5,NA,5.5,7.53,0.71,7.28,424.26,80.71,2.39,0.05,1.2,1.51,9.26,0.04,1.39,0.01,0,11.2,NA,-105.8333281,40.60085972
FCW 556,556,Chambers Lake,CBRR_062321,CBRR,6/23/2021,15:00:00,No TSS,NORM,16.6,NA,3,3.92,0.51,7.16,298.52,43.69,1.32,0.03,0.84,0.99,5.54,0.05,0.58,0.01,0,4,NA,-105.8432594,40.60437763
FCW 557,557,Chambers Lake Outflow,CHD_062321,CHD,6/23/2021,15:20:00,NO CHLA,NORM,9.3,NA,5,3.42,0.42,7.14,344.81,48.59,1.52,0.03,0.83,1.06,6.21,0.05,0.58,0.09,0,3.99,NA,-105.8427182,40.60232576
FCW 607,607,Long Draw Reservoir,LNGR_063021,LNGR,6/30/2021,9:30:00,NA,NORM,11,0.51,11,3.55,0.99,7.15,448.99,45.88,0.83,0.02,0.47,0.8,5.2,0.22,0.18,0.45,0,4.54,NA,-105.7725203,40.50086976
FCW 608,608,Long Draw Reservoir Outflow,LNGO_063021,LNGO,6/30/2021,9:50:00,NA,NORM,7,0.43,7,3.26,0.95,6.94,257.88,41.36,0.87,0.02,0.49,1.03,5.9,0.24,0.18,0.61,0,5.2,NA,-105.7709356,40.50367919
FCW 609,609,Peterson Reservoir Outflow,PTRO_063021,PTRO,6/30/2021,10:33:00,NA,NORM,13,2.34,13,7.54,0.98,6.92,210.85,39.86,1.51,0.09,1.25,0.73,5.16,0.06,0.71,0,0,6.28,NA,-105.7928918,40.56063222
FCW 610,610,Peterson Reservoir,PTRR_063021,PTRR,6/30/2021,10:54:00,NA,NORM,15.5,2.17,15.5,7.73,0.97,6.95,179.26,38.2,1.47,0.08,1.21,0.73,4.93,0.04,0.76,0.01,0,6.27,NA,-105.793993,40.55935863
FCW 611,611,Joe Wright Reservoir Inflow,JOEI_063021,JOEI,6/30/2021,11:38:00,NA,NORM,9.5,0.36,9.5,1.78,0.84,6.97,388.1,47.05,1.31,0.01,0.38,1.33,6.61,0.13,0.28,0.13,0,4.44,NA,-105.8831594,40.5401245
FCW 612,612,Joe Wright Reservoir,JOER_063021,JOER,6/30/2021,12:00:00,NA,NORM,11.5,0.89,11.5,3.64,0.73,7.08,394.74,46.72,1.35,0.01,0.6,1.17,5.64,0.11,0.52,0.01,0,3.06,NA,-105.8749515,40.55593093
FCW 613,613,Chambers Lake Inflow,CBRI_063021,CBRI,6/30/2021,12:30:00,NA,NORM,7,0.51,7,2.73,0.74,7.12,288.93,40.15,1.52,0.02,0.62,0.98,5.27,0.09,0.47,0.04,0,2.48,NA,-105.8572669,40.57794629
FCW 613,613,Chambers Lake Inflow,CBRI_063021,CBRI,6/30/2021,12:30:00,NA,NORM,7,0.51,7,2.73,0.74,7.12,288.93,40.15,1.52,0.02,0.62,0.98,5.27,0.09,0.47,0.04,0,2.48,NA,-105.8572669,40.57794629
FCW 614,614,Barnes Meadow Reservoir Outflow,BMD_063021,BMD,6/30/2021,12:45:00,Likely water temperature error.,NORM,7,0.81,7,7.01,0.7,7.11,377.93,74.78,2.31,0.08,1.17,1.51,10.26,0.03,1.37,0.07,0,10.16,NA,-105.8363862,40.60059258
FCW 615,615,Barnes Meadow Reservoir,BRNR_063021,BRNR,6/30/2021,13:20:00,NA,NORM,16,1.1,16,7.19,0.7,7.1,405,67.26,2.38,0.06,1.21,1.51,10.27,0.03,1.37,0.01,0,10.54,NA,-105.8333281,40.60085972
FCW 616,616,Chambers Lake,CBRR_063021,CBRR,6/30/2021,13:48:00,NA,NORM,12,3.47,12,3.3,0.53,7.19,310.29,40.11,1.25,0.05,0.7,0.92,5.18,0.08,0.45,0.01,0,3.11,NA,-105.8432594,40.60437763
FCW 617,617,Chambers Lake Outflow,CHD_063021_DUPE,CHD,6/30/2021,14:15:00,NA,NORM,8,1.05,8,3.1,0.83,7.1,356.2,46.71,1.65,0.05,0.87,1.04,6.56,0.09,0.51,0.01,0,3.47,NA,-105.8427182,40.60232576
FCW 618,618,Chambers Lake Outflow,CHD_063021,CHD,6/30/2021,14:15:00,NA,DUPLICATE,8,1.01,8,2.98,0.82,7.12,355.33,45.55,1.61,0.04,0.85,1.02,6.5,0.08,0.5,0.01,0,3.39,NA,-105.8427182,40.60232576
FCW 619,619,Long Draw Reservoir,LNGR_070721,LNGR,7/7/2021,10:00:00,NA,NORM,11,0.92,11,3.34,0.31,6.97,212.52,38.44,0.92,0.02,0.47,0.86,5.11,0.18,0.16,0.49,0,4.88,NA,-105.7725203,40.50086976
FCW 620,620,Long Draw Reservoir Outflow,LNGO_070721,LNGO,7/7/2021,10:30:00,NA,NORM,7,0.38,7,3,0.39,6.81,238.69,42.45,0.92,0.03,0.45,0.93,5.75,0.2,0.14,0.69,0,5.75,NA,-105.7709356,40.50367919
FCW 621,621,Peterson Reservoir,PTRR_070721,PTRR,7/7/2021,11:40:00,NA,NORM,13,0.49,13,7.51,0.62,6.74,171.36,40.99,1.58,0.16,1.18,0.76,4.87,0.02,0.74,0.11,0,6.48,NA,-105.793993,40.55935863
FCW 622,622,Peterson Reservoir Outflow,PTRO_070721,PTRO,7/7/2021,11:20:00,NA,NORM,1.8,0.51,1.8,7.22,0.55,7,136.86,40.25,1.64,0.15,1.24,0.76,5.21,0.02,0.76,0.12,0,6.53,NA,-105.7928918,40.56063222
FCW 623,623,Joe Wright Reservoir Inflow,JOEI_070721,JOEI,7/7/2021,12:20:00,NA,NORM,11,0.35,11,1.29,0.24,6.95,407.85,54.74,1.4,0.02,0.36,1.39,7.18,0.11,0.21,0.36,0,5.44,NA,-105.8831594,40.5401245
FCW 624,624,Joe Wright Reservoir,JOER_070721,JOER,7/7/2021,12:50:00,NA,NORM,11,0.69,11,3.28,0.27,6.99,321.8,43.86,1.43,0.03,0.57,1.18,5.5,0.09,0.47,0.01,0,3.24,NA,-105.8749515,40.55593093
FCW 625,625,Joe Wright Reservoir,JOER_070721,JOER,7/7/2021,12:50:00,NA,DUPLICATE,11,0.88,11,3.19,0.23,7,319.44,44.33,1.43,0.03,0.58,1.19,5.62,0.09,0.48,0.01,0,3.25,NA,-105.8749515,40.55593093
FCW 626,626,Chambers Lake Inflow,CBRI_070721,CBRI,7/7/2021,13:30:00,NA,NORM,7,0.56,7,2.76,0.28,7.06,354.5,44.29,1.65,0.04,0.65,1.1,5.97,0.04,0.51,0.19,0,2.89,NA,-105.8572669,40.57794629
FCW 626,626,Chambers Lake Inflow,CBRI_070721,CBRI,7/7/2021,13:30:00,NA,NORM,7,0.56,7,2.76,0.28,7.06,354.5,44.29,1.65,0.04,0.65,1.1,5.97,0.04,0.51,0.19,0,2.89,NA,-105.8572669,40.57794629
FCW 627,627,Barnes Meadow Reservoir Outflow,BMD_070721,BMD,7/7/2021,13:50:00,NA,NORM,13,0.5,13,7.03,0.51,6.81,415.86,76.7,2.36,0.15,1.17,1.49,9.96,0.04,1.67,0.18,0,10.53,NA,-105.8363862,40.60059258
FCW 628,628,Barnes Meadow Reservoir,BRNR_070721,BRNR,7/7/2021,14:25:00,NA,NORM,19,1.23,19,7.16,0.4,7.2,427.88,79.26,2.41,0.04,1.27,1.72,10,0.06,1.75,0.15,0,10.86,NA,-105.8333281,40.60085972
FCW 629,629,Chambers Lake,CBRR_070721,CBRR,7/7/2021,15:15:00,NA,NORM,17,2.13,17,3.14,0.23,7.33,297.13,42.25,1.39,0.04,0.72,1.05,5.54,0.07,0.48,0.11,0,3.2,NA,-105.8432594,40.60437763
FCW 630,630,Chambers Lake Outflow,CHD_070721,CHD,7/7/2021,15:30:00,No TSS,NORM,10,1.22,10,2.7,0.17,6.98,383.65,52.49,1.9,0.04,0.98,1.27,7.41,0.04,0.61,0.17,0,3.76,NA,-105.8427182,40.60232576
FCW 631,631,Hourglass Reservoir Outflow,HORO_070921,HORO,7/9/2021,10:13:00,NO TSS; 500 mL chla,NORM,14,1.7,14,2.58,0.21,6.74,116.01,18.61,1.12,0.04,0.32,0.44,2.31,0.02,0.29,0.11,0,1.38,NA,-105.6309523,40.58287424
FCW 632,632,Hourglass Reservoir,HORR_070932,HORR,7/9/2021,10:25:00,NO TSS,NORM,14,1.36,14,2.55,0.21,6.71,110.49,17.49,1.1,0.03,0.31,0.44,2.08,0.02,0.16,0.18,0,1.36,NA,-105.6314023,40.58203201
FCW 633,633,Comanche Reservoir Inflow,COMI_070921,COMI,7/9/2021,11:31:00,NO TSS; 500 mL chla,NORM,9,0.43,9,2.75,0.22,6.74,123.96,18.97,1.36,0.02,0.24,0.46,2.36,0.02,0.21,0.27,0,1.33,NA,-105.6626,40.5858963
FCW 634,634,Comanche Reservoir,COMR_070921,COMR,7/9/2021,12:20:00,NO TSS,NORM,13,0.29,13,2.91,0.27,6.75,171.14,24.5,1.54,0.1,0.35,0.59,2.86,0.02,0.24,0.35,0,1.94,NA,-105.6455009,40.58530862
FCW 635,635,Hourglass Reservoir Inflow,HORI_070921,HORI,7/9/2021,12:31:00,NO TSS; 500 mL chla,NORM,8,0.7,8,1.89,0.21,6.66,108.86,16.55,1.08,0.01,0.26,0.39,1.79,0.02,0.13,0.26,0,1.19,NA,-105.6409321,40.58050908
FCW 636,636,Comanche Reservoir Outflow,COMO_070921,COMO,7/9/2021,12:47:00,NO TSS; 500 mL chla,NORM,12,2.33,12,2.85,0.28,6.77,154.21,23.99,1.47,0.04,0.32,0.57,2.71,0.02,0.2,0.36,0,1.77,NA,-105.6440011,40.58460484
FCW 655,655,Long Draw Reservoir,LNGR_071421,LNGR,7/14/2021,9:40:00,No TSS,NORM,15.2,1.97,3,3.18,0.25,6.97,221.2,41.57,0.96,0.02,0.49,1.03,5.75,0.19,0.16,0.41,0,5.25,NA,-105.7725203,40.50086976
FCW 656,656,Long Draw Reservoir Outflow,LNGO_071421,LNGO,7/14/2021,10:05:00,NA,NORM,11.2,1.17,NA,2.96,0.3,6.91,235.62,42.57,0.96,0.02,0.48,1.1,6.13,0.2,0.14,0.58,0,5.97,NA,-105.7709356,40.50367919
FCW 657,657,Peterson Reservoir Outflow,PTRO_071421,PTRO,7/14/2021,10:55:00,NA,DUPLICATE,17.1,0.5,5.5,7.13,0.56,7.01,212.95,45.2,1.78,0.15,1.39,0.88,5.89,0.02,0.78,0.17,0,6.65,NA,-105.7928918,40.56063222
FCW 658,658,Peterson Reservoir Outflow,PTRO_071421,PTRO,7/14/2021,10:55:00,NA,NORM,17.1,0.52,3,7.23,0.54,6.99,202.02,45.57,1.77,0.14,1.39,0.87,5.97,0.03,0.77,0.17,0,6.66,NA,-105.7928918,40.56063222
FCW 659,659,Peterson Reservoir,PTRR_071421,PTRR,7/14/2021,11:15:00,NA,NORM,16.5,0.54,NA,7.28,0.49,6.87,184.52,42.55,1.67,0.15,1.22,0.82,5.02,0.06,0.78,0.14,0,6.56,NA,-105.793993,40.55935863
FCW 660,660,Joe Wright Reservoir Inflow,JOEI_071421,JOEI,7/14/2021,12:00:00,No TSS,NORM,9,0.52,2.5,1.14,0.17,7.08,454.32,56.67,1.53,0.04,0.37,1.42,7.36,0.07,0.27,0.39,0,6.1,NA,-105.8831594,40.5401245
FCW 661,661,Joe Wright Reservoir,JOER_071421,JOER,7/14/2021,12:20:00,No TSS,NORM,14.1,1.43,1.5,3.16,0.18,7.11,316.98,45.57,1.57,0.03,0.57,1.29,6.03,0.05,0.55,0.01,0,3.39,NA,-105.8749515,40.55593093
FCW 662,662,Chambers Lake Inflow,CBRI_071421,CBRI,7/14/2021,12:45:00,No TSS,NORM,7.3,0.4,2,2.63,0.21,7.11,390.19,47.26,1.79,0.03,0.67,1.12,5.88,0.07,0.53,0.19,0,2.89,NA,-105.8572669,40.57794629
FCW 662,662,Chambers Lake Inflow,CBRI_071421,CBRI,7/14/2021,12:45:00,No TSS,NORM,7.3,0.4,2,2.63,0.21,7.11,390.19,47.26,1.79,0.03,0.67,1.12,5.88,0.07,0.53,0.19,0,2.89,NA,-105.8572669,40.57794629
FCW 663,663,Barnes Meadow Reservoir Outflow,BMD_071421,BMD,7/14/2021,13:02:00,NA,NORM,7.1,1.39,15,7.19,0.62,6.81,409.34,78.97,2.43,0.29,1.2,1.48,9.62,0.03,1.67,0.23,0,10.76,NA,-105.8363862,40.60059258
FCW 664,664,Barnes Meadow Reservoir,BRNR_071421,BRNR,7/14/2021,13:28:00,No TSS,NORM,17.4,2.19,4.5,7.1,0.31,7.19,467.15,80.81,2.47,0.03,1.23,1.55,9.83,0.03,1.69,0.18,0,11.8,NA,-105.8333281,40.60085972
FCW 665,665,Chambers Lake,CBRR_071421,CBRR,7/14/2021,13:57:00,No TSS,NORM,15.6,1.69,4,2.89,0.19,7.21,316.75,44.45,1.44,0.03,0.68,0.97,5.48,0.06,0.44,0.14,0,3.14,NA,-105.8432594,40.60437763
FCW 666,666,Chambers Lake Outflow,CHD_071421,CHD,7/14/2021,14:15:00,NA,NORM,10.7,1.29,2.5,2.57,0.19,7.05,421.53,52.25,1.83,0.02,0.94,1.17,7.15,0.06,0.49,0.17,0,3.41,NA,-105.8427182,40.60232576
FCW 733,733,Long Draw Reservoir,LNGR_072821,LNGR,7/28/2021,9:40:00,NA,NORM,16.7,0.3,5,4.21,0.24,7.02,218.2,39.04,0.95,0.02,0.49,0.94,5.64,0.19,0.17,0.4,0,5.01,NA,-105.7725203,40.50086976
FCW 734,734,Long Draw Reservoir,LNGR_072821_DUPE,LNGR,7/28/2021,9:40:00,NA,DUPLICATE,16.7,0.31,4.5,4.67,0.24,6.88,236.02,41.31,0.93,0.04,0.54,1.05,5.99,0.17,0.21,0.42,0,5.92,NA,-105.7725203,40.50086976
FCW 735,735,Long Draw Reservoir Outflow,LNGO_072821,LNGO,7/28/2021,10:15:00,NA,NORM,12,0.54,3.5,5.39,0.29,6.95,232.1,42.04,0.97,0.02,0.48,1.02,5.95,0.09,0.14,0.54,0,5.78,NA,-105.7709356,40.50367919
FCW 736,736,Peterson Reservoir Outflow,PTRO_072821,PTRO,7/28/2021,10:55:00,NA,NORM,NA,0.17,5,9.11,0.53,7.02,208.61,44.99,1.68,0.06,1.29,0.82,5.85,0.01,0.74,0.02,0,6.55,NA,-105.7928918,40.56063222
FCW 737,737,Peterson Reservoir,PTRR_072821,PTRR,7/28/2021,11:15:00,NA,NORM,NA,0.44,6,9.62,0.46,6.92,183.99,40.5,1.63,0.08,1.08,0.73,4.73,0.03,0.72,0.01,0,6.33,NA,-105.793993,40.55935863
FCW 738,738,Joe Wright Reservoir Inflow,JOEI_072821,JOEI,7/28/2021,12:00:00,NA,NORM,NA,0.23,1,5.8,0.15,7.09,398.9,53.21,1.47,0.02,0.34,1.37,7.04,0.07,0.25,0.27,0,5.98,NA,-105.8831594,40.5401245
FCW 739,739,Joe Wright Reservoir,JOER_072821,JOER,7/28/2021,12:18:00,NA,NORM,NA,0.51,2.75,6.74,0.17,7.08,320.99,42.81,1.48,0.03,0.55,1.11,5.88,0.04,0.51,0.01,0,3.12,NA,-105.8749515,40.55593093
FCW 740,740,Chambers Lake Inflow,CBRI_072821,CBRI,7/28/2021,12:45:00,NA,NORM,NA,0.42,3,6.8,0.18,7.12,388.51,47.2,1.64,0.03,0.64,1.08,5.73,0.04,0.48,0.18,0,2.79,NA,-105.8572669,40.57794629
FCW 740,740,Chambers Lake Inflow,CBRI_072821,CBRI,7/28/2021,12:45:00,NA,NORM,NA,0.42,3,6.8,0.18,7.12,388.51,47.2,1.64,0.03,0.64,1.08,5.73,0.04,0.48,0.18,0,2.79,NA,-105.8572669,40.57794629
FCW 741,741,Barnes Meadow Reservoir Outflow,BMD_072821,BMD,7/28/2021,13:00:00,NA,NORM,NA,3.37,11,12.94,0.49,6.92,419.6,73.97,2.31,0.18,1.18,1.37,9.4,0.03,1.48,0.18,0,10.2,NA,-105.8363862,40.60059258
FCW 742,742,Barnes Meadow Reservoir,BRNR_072821,BRNR,7/28/2021,13:25:00,NA,NORM,NA,2.98,3.75,12.21,0.33,7.1,446.51,75.4,2.41,0.03,1.19,1.54,9.3,0.03,1.69,0.15,0,10.85,NA,-105.8333281,40.60085972
FCW 743,743,Chambers Lake,CBRR_072821,CBRR,7/28/2021,13:55:00,NA,NORM,NA,1.74,3.5,6.25,0.15,7.28,328.11,41.75,1.37,0.03,0.64,0.95,5.38,0.05,0.45,0.09,0,3.09,NA,-105.8432594,40.60437763
FCW 744,744,Chambers Lake Outflow,CHD_072821,CHD,7/28/2021,14:20:00,NA,NORM,NA,2.02,3.5,6.55,0.16,7.03,433.83,51.21,1.81,0.02,0.93,1.09,7.02,0.04,0.48,0.16,0,3.31,NA,-105.8427182,40.60232576
FCW 808,808,Long Draw Road Washout,LNG1_080421,LNG1,8/4/2021,9:30:00,No coordinates provided.,NORM,NA,0,75,8.42,0.59,6.77,104.13,36.51,1.36,0.04,1.09,0.73,3.53,0.05,1.95,1.28,0,6.71,NA,NA,NA
FCW 809,809,Long Draw Reservoir,LNGR_080421,LNGR,8/4/2021,9:50:00,NA,NORM,NA,0.32,NA,5.8,0.25,6.88,237.68,41.91,0.89,0.03,0.52,0.99,6.07,0.23,0.18,0.4,0,6.2,NA,-105.7725203,40.50086976
FCW 811,811,Long Draw Reservoir Outflow,LNGO_080421,LNGO,8/4/2021,10:11:00,NA,NORM,NA,0.21,3,5.69,0.31,6.88,195.97,36.31,0.94,0.05,0.52,0.77,4.68,0.26,0.16,0.56,0,7.44,NA,-105.7709356,40.50367919
FCW 813,813,Peterson Reservoir Outflow,PTRO_080421,PTRO,8/4/2021,10:55:00,NA,NORM,NA,0.13,4.5,10.28,0.56,6.73,182,44.32,1.48,0.13,1.27,0.63,5.9,0.04,0.87,0.42,0,7.4,NA,-105.7928918,40.56063222
FCW 814,814,Peterson Reservoir Outflow,PTRO_080421,PTRO,8/4/2021,10:55:00,NA,DUPLICATE,NA,0.1,NA,10.38,0.57,6.74,192.36,44.09,1.49,0.15,1.27,0.62,5.98,0.04,0.87,0.42,0,7.41,NA,-105.7928918,40.56063222
FCW 816,816,Peterson Reservoir,PTRR_080421,PTRR,8/4/2021,11:20:00,NA,NORM,NA,0.22,2.25,9.76,0.5,6.79,186.58,35.13,1.56,0.12,1.27,0.62,4.05,0.05,0.77,0.17,0,6.89,NA,-105.793993,40.55935863
FCW 817,817,Joe Wright Reservoir Inflow,JOEI_080421,JOEI,8/4/2021,12:07:00,NA,NORM,NA,0.27,2.5,6.95,0.24,7.12,422.1,51.38,1.48,0.01,0.47,1.16,5.89,0.13,0.29,0.38,0,6.34,NA,-105.8831594,40.5401245
FCW 818,818,Joe Wright Reservoir,JOER_080421,JOER,8/4/2021,12:30:00,NA,NORM,NA,0.83,2.5,6.85,0.17,7.04,324.09,40.82,1.39,0.01,0.62,0.9,5.25,0.09,0.47,0.02,0,3.83,NA,-105.8749515,40.55593093
FCW 819,819,Chambers Lake Inflow,CBRI_080421,CBRI,8/4/2021,12:50:00,NA,NORM,NA,0.47,3.25,8.46,0.24,7.11,367.5,39.08,1.77,0.01,0.78,0.9,4.78,0.07,0.63,0.1,0,3.34,NA,-105.8572669,40.57794629
FCW 819,819,Chambers Lake Inflow,CBRI_080421,CBRI,8/4/2021,12:50:00,NA,NORM,NA,0.47,3.25,8.46,0.24,7.11,367.5,39.08,1.77,0.01,0.78,0.9,4.78,0.07,0.63,0.1,0,3.34,NA,-105.8572669,40.57794629
FCW 820,820,Barnes Meadow Reservoir Outflow,BMD_080421,BMD,8/4/2021,13:00:00,NA,NORM,NA,3.75,11,13.22,0.59,6.96,432.13,68.75,2.32,0.25,1.2,1.1,7.19,0.05,1.72,0.3,0,10.41,NA,-105.8363862,40.60059258
FCW 821,821,Barnes Meadow Reservoir,BRNR_080421,BRNR,8/4/2021,13:40:00,NA,NORM,NA,3.09,5,12.68,0.45,7.23,427.66,69.75,2.43,0.03,1.25,1.43,9.49,0.05,1.7,0.02,0,12.06,NA,-105.8333281,40.60085972
FCW 822,822,Chambers Lake,CBRR_080421,CBRR,8/4/2021,14:10:00,NA,NORM,NA,2.53,3.75,7.56,0.32,7.17,295.52,34.22,1.34,0.01,0.75,0.72,4.07,0.07,0.43,0.01,0,3.31,NA,-105.8432594,40.60437763
FCW 823,823,Chambers Lake Outflow,CHD_080421,CHD,8/4/2021,14:35:00,NA,NORM,NA,1.72,4.75,7.35,0.22,6.99,392.59,47.02,1.58,0.04,0.91,1.05,6.23,0.07,0.54,0.03,0,3.17,NA,-105.8427182,40.60232576
FCW 870,870,Long Draw Reservoir,LNGO_081121,LNGR,8/11/2021,9:23:00,NA,NORM,NA,0.42,4,5.67,0.26,6.99,265.52,43.88,0.95,0.03,0.56,1.11,6.85,0.23,0.17,0.44,0,6.45,NA,-105.7725203,40.50086976
FCW 871,871,Long Draw Reservoir Outflow,LNGO_081121,LNGO,8/11/2021,9:50:00,NA,NORM,NA,0.38,2.5,5.41,0.3,6.95,292.49,44.66,0.96,0.03,0.55,1.03,6.56,0.28,0.16,0.52,0,7,NA,-105.7709356,40.50367919
FCW 872,872,Peterson Reservoir Outflow,PTRO_081121,PTRO,8/11/2021,10:31:00,NA,NORM,NA,0.61,4,9.62,0.59,6.84,187.25,41.24,1.62,0.11,1.35,0.59,5.37,0.04,0.79,0.28,0,6.69,NA,-105.7928918,40.56063222
FCW 873,873,Peterson Reservoir,PTRR_081121,PTRR,8/11/2021,10:45:00,NA,NORM,NA,0.47,2,9.54,0.62,6.82,202.01,41.5,1.64,0.11,1.35,0.65,5.32,0.06,0.78,0.29,0,6.64,NA,-105.793993,40.55935863
FCW 874,874,Joe Wright Reservoir Inflow,JOEI_081121,JOEI,8/11/2021,11:33:00,NA,NORM,NA,0.21,3,5.03,0.26,7.23,454.77,62.74,1.65,0.02,0.47,1.58,8.71,0.14,0.3,0.55,0,7.2,NA,-105.8831594,40.5401245
FCW 875,875,Joe Wright Reservoir,JOER_081121,JOER,8/11/2021,12:02:00,NA,NORM,NA,0.83,3,6.55,0.29,7.16,376.78,45.27,1.46,0.02,0.65,1.27,6.38,0.1,0.45,0.01,0,3.87,NA,-105.8749515,40.55593093
FCW 876,876,Chambers Lake Inflow,CBRI_081121,CBRI,8/11/2021,12:29:00,NA,NORM,NA,0.35,2.5,6.77,0.38,7.18,385.95,48.79,1.79,0.04,0.78,1.22,6.56,0.09,0.57,0.06,0,3.24,NA,-105.8572669,40.57794629
FCW 876,876,Chambers Lake Inflow,CBRI_081121,CBRI,8/11/2021,12:29:00,NA,NORM,NA,0.35,2.5,6.77,0.38,7.18,385.95,48.79,1.79,0.04,0.78,1.22,6.56,0.09,0.57,0.06,0,3.24,NA,-105.8572669,40.57794629
FCW 877,877,Barnes Meadow Reservoir Outflow,BMD_081121,BMD,8/11/2021,12:50:00,NA,NORM,NA,8.58,15.5,12.58,0.64,6.94,464.18,72.7,2.57,0.3,1.31,1.52,7.56,0.07,1.75,0.13,0,10,NA,-105.8363862,40.60059258
FCW 878,878,Barnes Meadow Reservoir,BRNR_081121,BRNR,8/11/2021,13:19:00,NA,NORM,NA,4.81,4.5,11.96,0.32,7.3,478.83,84.04,2.74,0.03,1.38,1.58,11.11,0.05,1.79,0.01,0,11.61,NA,-105.8333281,40.60085972
FCW 879,879,Chambers Lake,CBRR_081121,CBRR,8/11/2021,14:00:00,NA,NORM,NA,2.47,4,6.61,0.2,7.23,352.37,46.78,1.54,0.02,0.88,1.03,6.34,0.06,0.55,0.03,0,3.41,NA,-105.8432594,40.60437763
FCW 880,880,Chambers Lake Outflow,CHD_081121,CHD,8/11/2021,14:25:00,NA,NORM,NA,1.91,3.5,6.57,0.18,7.17,376.66,47.69,1.51,0.02,0.85,1.05,6.21,0.08,0.47,0.03,0,3.4,NA,-105.8427182,40.60232576
FCW 887,887,Long Draw Reservoir,LNGR_081821,LNGR,8/18/2021,9:30:00,NA,NORM,NA,0.79,3.75,5.76,0.31,6.96,244.19,44.94,0.99,0.02,0.58,1.09,7.02,0.27,0.22,0.51,0,7.09,NA,-105.7725203,40.50086976
FCW 888,888,Long Draw Reservoir Outflow,LNGO_081821,LNGO,8/18/2021,10:00:00,NA,NORM,NA,0.49,3.25,5.49,0.27,6.96,365.62,55.32,1.01,0.04,0.57,1.09,7.93,0.28,0.18,0.53,0,7.4,NA,-105.7709356,40.50367919
FCW 889,889,Long Draw Reservoir Outflow,LNGO_081821,LNGO,8/18/2021,10:00:00,NA,DUPLICATE,NA,0.51,3,5.43,0.29,6.98,368.97,55.03,1.02,0.04,0.6,1.07,7.89,0.29,0.2,0.58,0,7.5,NA,-105.7709356,40.50367919
FCW 890,890,Peterson Reservoir Outflow,PTRO_081821,PTRO,8/18/2021,10:45:00,NA,NORM,NA,1.06,3.5,9.51,0.44,6.96,206.72,43.22,1.71,0.06,1.4,0.62,5.9,0.07,0.82,0.32,0,6.71,NA,-105.7928918,40.56063222
FCW 891,891,Peterson Reservoir,PTRR_081821,PTRR,8/18/2021,11:30:00,NA,NORM,NA,1.5,2,9.41,0.46,6.5,217.31,42.73,1.69,0.08,1.38,0.56,5.5,0.06,0.82,0.53,0,6.97,NA,-105.793993,40.55935863
FCW 892,892,Joe Wright Reservoir Inflow,JOEI_081821,JOEI,8/18/2021,12:02:00,NA,NORM,NA,0.37,2.5,5.36,0.24,7.18,480.29,68.19,1.8,0.05,0.55,1.69,9.15,0.17,0.32,0.59,0,7.9,NA,-105.8831594,40.5401245
FCW 893,893,Joe Wright Reservoir,JOER_081821,JOER,8/18/2021,12:12:00,NA,NORM,NA,1.19,4.35,6.61,0.18,6.98,394.72,49.08,1.49,0.04,0.67,1.31,6.55,0.12,0.45,0.02,0,4.02,NA,-105.8749515,40.55593093
FCW 894,894,Chambers Lake Inflow,CBRI_081821,CBRI,8/18/2021,12:26:00,NA,NORM,NA,0.47,3.25,7.11,0.15,7.12,443.48,53.35,2.06,0.07,0.86,1.28,7.17,0.06,0.61,0.05,0,3.3,NA,-105.8572669,40.57794629
FCW 894,894,Chambers Lake Inflow,CBRI_081821,CBRI,8/18/2021,12:26:00,NA,NORM,NA,0.47,3.25,7.11,0.15,7.12,443.48,53.35,2.06,0.07,0.86,1.28,7.17,0.06,0.61,0.05,0,3.3,NA,-105.8572669,40.57794629
FCW 895,895,Barnes Meadow Reservoir Outflow,BMD_081821,BMD,8/18/2021,12:35:00,NA,NORM,NA,9.42,14,7.09,0.55,6.67,446.91,63.94,2.44,0.36,1.27,1.48,7.07,0.06,1.75,0.04,0,9.32,NA,-105.8363862,40.60059258
FCW 896,896,Barnes Meadow Reservoir,BRNR_081821,BRNR,8/18/2021,12:55:00,NA,NORM,NA,2.29,4,13.56,0.39,6.97,455.52,80.48,2.65,0.06,1.36,1.58,9.48,0.04,1.84,0.01,0,11.22,NA,-105.8333281,40.60085972
FCW 897,897,Chambers Lake,CBRR_081821,CBRR,8/18/2021,13:20:00,NA,NORM,NA,2.2,4.25,6.7,0.24,6.94,321.09,39.55,1.5,0.06,0.83,1.02,4.23,0.06,0.46,0.01,0,3.1,NA,-105.8432594,40.60437763
FCW 898,898,Chambers Lake Outflow,CHD_081821,CHD,8/18/2021,13:40:00,NA,NORM,NA,1.76,3,6.72,0.19,6.98,376.8,45.12,1.55,0.04,0.85,1.07,5.61,0.05,0.46,0.01,0,3.21,NA,-105.8427182,40.60232576
FCW 959,959,Long Draw Reservoir,LNGR_082521,LNGR,8/25/2021,9:20:00,NA,NORM,13,0.47,3.5,5.65,0.27,7.03,282.06,50.84,1.1,0.05,0.57,0.97,6.67,0.26,0.19,0.54,0.04,7.57,NA,-105.7725203,40.50086976
FCW 960,960,Long Draw Reservoir Outflow,LNGO_082521,LNGO,8/25/2021,9:50:00,NA,NORM,14,0.66,3.75,5.56,0.28,6.89,344.07,52.14,1.05,0.07,0.58,0.95,7.56,0.25,0.16,0.54,0,7.52,NA,-105.7709356,40.50367919
FCW 961,961,Peterson Reservoir Outflow,PTRO_082521,PTRO,8/25/2021,10:50:00,NA,NORM,14,2.69,3.5,9.31,0.38,6.81,193.7,43.89,1.76,0.08,1.37,0.43,5.97,0.02,0.93,0.41,0,6.83,NA,-105.7928918,40.56063222
FCW 962,962,Peterson Reservoir,PTRR_082521,PTRR,8/25/2021,11:20:00,NA,NORM,14.5,3.03,1.75,9.57,0.42,6.73,210.53,41.41,1.72,0.06,1.39,0.42,5.18,0.03,0.97,0.44,0,7.43,NA,-105.793993,40.55935863
FCW 963,963,Joe Wright Reservoir Inflow,JOEI_0782521,JOEI,8/25/2021,12:10:00,NA,NORM,11,0.23,3,5.02,0.23,7.26,482.02,67.53,1.81,0.04,0.55,1.6,8.79,0.14,0.31,0.71,0,7.94,NA,-105.8831594,40.5401245
FCW 964,964,Joe Wright Reservoir Inflow,JOEI_0782521,JOEI,8/25/2021,12:10:00,NA,DUPLICATE,11,0.23,3.25,5.21,0.26,7.28,466.49,65.75,1.8,0.04,0.54,1.51,8.83,0.1,0.31,0.71,0,7.92,NA,-105.8831594,40.5401245
FCW 965,965,Joe Wright Reservoir,JOER_082521,JOER,8/25/2021,12:45:00,NA,NORM,13,1.51,2.5,6.3,0.2,7.16,381.23,48.45,1.44,0.03,0.6,1.21,6.3,0.09,0.47,0.03,0,3.99,NA,-105.8749515,40.55593093
FCW 966,966,Chambers Lake Inflow,CBRI_082521,CBRI,8/25/2021,13:05:00,NA,NORM,10,0.45,3.5,7.02,0.18,7.21,456.88,54.51,1.96,0.04,0.82,1.01,7.33,0.05,0.65,0.12,0,3.46,NA,-105.8572669,40.57794629
FCW 966,966,Chambers Lake Inflow,CBRI_082521,CBRI,8/25/2021,13:05:00,NA,NORM,10,0.45,3.5,7.02,0.18,7.21,456.88,54.51,1.96,0.04,0.82,1.01,7.33,0.05,0.65,0.12,0,3.46,NA,-105.8572669,40.57794629
FCW 967,967,Barnes Meadow Reservoir Outflow,BMD_082521,BMD,8/25/2021,13:20:00,NA,NORM,9,8.42,13,6.55,0.49,6.86,441.77,68.56,2.32,0.38,1.23,1.48,7.83,0.04,1.65,0.15,0,8.75,NA,-105.8363862,40.60059258
FCW 968,968,Barnes Meadow Reservoir,BRNR_082521,BRNR,8/25/2021,13:40:00,NA,NORM,16.5,1.91,4.2,14.03,0.41,7.15,478.99,80.92,2.64,0.02,1.29,1.63,9.59,0.03,1.79,0.02,0,11.09,NA,-105.8333281,40.60085972
FCW 969,969,Chambers Lake,CBRR_082521,CBRR,8/25/2021,14:05:00,NA,NORM,18,0.69,4.25,6.61,0.24,6.99,311.07,41.53,1.54,0.03,0.89,1.03,5.2,0.07,0.49,0.03,0,3.41,NA,-105.8432594,40.60437763
FCW 970,970,Chambers Lake Outflow,CHD_082521,CHD,8/25/2021,14:30:00,NA,NORM,14,1.26,2.75,6.53,0.23,6.92,359.27,45.5,1.58,0.04,0.91,1.12,5.22,0.04,0.51,0.05,0,3.33,NA,-105.8427182,40.60232576
FCW 985,985,Long Draw Reservoir,LNGR_090121,LNGR,9/1/2021,9:45:00,NA,NORM,13,0.77,3.75,5.77,0.28,6.9,299.4,48.71,1.03,0.02,0.6,1.03,6.51,0.3,0.18,0.5,0,7.49,NA,-105.7725203,40.50086976
FCW 986,986,Long Draw Reservoir Outflow,LNGO_090121,LNGO,9/1/2021,10:10:00,NA,NORM,12.5,0.97,4,5.31,0.24,7.04,344.48,52.71,1.02,0.04,0.59,1.01,7.45,0.25,0.17,0.48,0,7.34,NA,-105.7709356,40.50367919
FCW 987,987,Peterson Reservoir Outflow,PTRO_090121,PTRO,9/1/2021,11:00:00,NA,NORM,13,2.53,3.7,8.67,0.38,7,274,44.78,1.73,0.06,1.38,0.52,5.4,0.03,0.84,0.36,0,6.75,NA,-105.7928918,40.56063222
FCW 988,988,Peterson Reservoir,PTRR_090121,PTRR,9/1/2021,11:30:00,NA,NORM,14,3.46,2.5,8.23,0.4,6.87,196.75,40.47,1.68,0.08,1.38,0.55,5.23,0.03,0.86,0.39,0,7.23,NA,-105.793993,40.55935863
FCW 989,989,Joe Wright Reservoir Inflow,JOEI_090121,JOEI,9/1/2021,12:15:00,NA,NORM,9,0.21,4,4.93,0.27,7.35,470.45,65.03,1.78,0.03,0.48,1.54,8.4,0.14,0.29,0.58,0,7.8,NA,-105.8831594,40.5401245
FCW 990,990,Joe Wright Reservoir,JOER_090121,JOER,9/1/2021,12:40:00,NA,NORM,13,1.51,2.5,6.21,0.19,7.21,387.54,47.32,1.48,0.02,0.6,1.12,6.31,0.08,0.48,0.04,0,3.71,NA,-105.8749515,40.55593093
FCW 991,991,Chambers Lake Inflow,CBRI_090121,CBRI,9/1/2021,13:05:00,NA,NORM,8,0.29,4,6.83,0.21,7.12,442.21,53.21,1.98,0.03,0.82,1.1,6.98,0.05,0.66,0.09,0,3.45,NA,-105.8572669,40.57794629
FCW 991,991,Chambers Lake Inflow,CBRI_090121,CBRI,9/1/2021,13:05:00,NA,NORM,8,0.29,4,6.83,0.21,7.12,442.21,53.21,1.98,0.03,0.82,1.1,6.98,0.05,0.66,0.09,0,3.45,NA,-105.8572669,40.57794629
FCW 992,992,Barnes Meadow Reservoir Outflow,BMD_090121,BMD,9/1/2021,13:20:00,NA,NORM,7,1.23,13,7.02,0.53,6.9,421.2,65.39,2.41,0.31,1.09,1.51,7.33,0.03,1.56,0.22,0,9.36,NA,-105.8363862,40.60059258
FCW 993,993,Barnes Meadow Reservoir Outflow,BMD_090121,BMD,9/1/2021,13:20:00,NA,BLANK,7,0.02,0.01,0.05,0.01,5.51,3.97,1.46,0.01,0,0,0,0.02,0,0,0.01,0,0,NA,-105.8363862,40.60059258
FCW 994,994,Barnes Meadow Reservoir,BRNR_090121,BRNR,9/1/2021,14:00:00,NA,NORM,15.5,2.6,4,13.96,0.43,7.22,494.3,78.45,2.68,0.04,1.32,1.77,9.66,0.03,1.81,0.03,0,10.23,NA,-105.8333281,40.60085972
FCW 995,995,Chambers Lake,CBRR_090121,CBRR,9/1/2021,15:00:00,NA,NORM,8,1.11,5,6.55,0.26,7.02,341.2,43.21,1.55,0.06,0.92,1,5.51,0.07,0.45,0.04,0,3.54,NA,-105.8432594,40.60437763
FCW 996,996,Chambers Lake Outflow,CHD_090121,CHD,9/1/2021,15:10:00,NA,NORM,14,1.3,3,6.49,0.24,7.02,355.4,44.31,1.59,0.04,0.94,1.07,5.4,0.04,0.54,0.06,0,3.41,NA,-105.8427182,40.60232576
FCW 997,997,Long Draw Reservoir,LNGR_090821,LNGR,9/8/2021,9:30:00,NA,NORM,12,1.07,6,5.37,0.3,6.96,273.78,43.22,1.09,0.03,0.58,0.92,5.04,0.28,0.17,0.47,0,8.58,NA,-105.7725203,40.50086976
FCW 998,998,Long Draw Reservoir Outflow,LNGO_090821,LNGO,9/8/2021,10:10:00,NA,NORM,11,1.2,7,4.38,0.29,6.93,296.38,51.7,1.1,0.04,0.58,0.9,6.92,0.27,0.16,0.46,0,8.52,NA,-105.7709356,40.50367919
FCW 999,999,Peterson Reservoir Outflow,PTRO_090821,PTRO,9/8/2021,11:05:00,NA,NORM,15,1.98,10,5.66,0.35,6.88,289.65,39.54,2.16,0.03,1.28,0.48,4.45,0.03,1.13,0.11,0,4.65,NA,-105.7928918,40.56063222
FCW 1000,1000,Peterson Reservoir,PTRR_090821,PTRR,9/8/2021,11:30:00,NA,NORM,16,1.59,9.8,7.14,0.46,6.8,186.51,37.03,1.68,0.04,1.31,0.44,3.85,0.03,1.02,0.08,0,7.63,NA,-105.793993,40.55935863
FCW 1001,1001,Peterson Reservoir,PTRR_090821,PTRR,9/8/2021,11:30:00,NA,DUPLICATE,16,1.51,9.9,7.11,0.46,6.81,183.82,37.41,1.72,0.08,1.35,0.46,3.93,0.03,1.06,0.09,0,7.74,NA,-105.793993,40.55935863
FCW 1002,1002,Joe Wright Reservoir Inflow,JOEI_090821,JOEI,9/8/2021,12:50:00,NA,NORM,11,0.14,3,4.1,0.18,7.09,647.17,68.14,2.67,0.01,0.62,1.23,7.38,0.12,1.39,0.22,0,4.11,pH and ions confirmed,-105.8831594,40.5401245
FCW 1003,1003,Joe Wright Reservoir,JOER_090821,JOER,9/8/2021,13:15:00,NA,NORM,12,1.21,3.5,4.57,0.19,6.97,373.4,50.97,1.49,0,0.64,1.36,7.02,0.11,0.48,0.03,0,3.91,NA,-105.8749515,40.55593093
FCW 1004,1004,Chambers Lake Inflow,CBRI_090821,CBRI,9/8/2021,13:45:00,NA,NORM,NA,0.37,3.4,4.34,0.23,6.99,441.15,53.77,2.12,0.01,0.89,1.29,7.52,0.08,0.7,0.1,0,2.92,NA,-105.8572669,40.57794629
FCW 1004,1004,Chambers Lake Inflow,CBRI_090821,CBRI,9/8/2021,13:45:00,NA,NORM,NA,0.37,3.4,4.34,0.23,6.99,441.15,53.77,2.12,0.01,0.89,1.29,7.52,0.08,0.7,0.1,0,2.92,NA,-105.8572669,40.57794629
FCW 1005,1005,Barnes Meadow Reservoir Outflow,BMD_090821,BMD,9/8/2021,14:05:00,NA,NORM,NA,4.82,14,7.85,0.6,6.86,408.09,62.84,2.497,0.3258,1.088,1.177,6.374,0.03,1.7014,0.0858,0,8.5733,NA,-105.8363862,40.60059258
FCW 1006,1006,Barnes Meadow Reservoir,BRNR_090821,BRNR,9/8/2021,14:30:00,NA,NORM,NA,2.36,8,11.86,0.42,6.98,425.66,72.15,2.61,0.302,1.291,1.0568,9.738,0.036,1.6694,0.0787,0.0871,8.5896,NA,-105.8333281,40.60085972
FCW 1007,1007,Chambers Lake,CBRR_090821,CBRR,9/8/2021,15:00:00,NA,NORM,NA,0.98,5.1,6.65,0.2,6.98,382.51,61.43,1.66,0.011,1.307,1.642,10.32,0.063,1.7024,0.0322,0,3.4,NA,-105.8432594,40.60437763
FCW 1008,1008,Chambers Lake Outflow,CHD_090821,CHD,9/8/2021,15:30:00,NA,NORM,NA,1.38,5.6,5.59,0.19,6.93,402.33,45.38,1.61,0.008,0.878,1.19,5.176,0.0322,0.5664,0.1144,0,3.2505,NA,-105.8427182,40.60232576
FCW 1045,1045,Long Draw Reservoir,LNGR_091521,LNGR,9/15/2021,9:30:00,NA,NORM,NA,1.49,5.2,4.56,0.3,7.03,294.03,48.97,1.23,0.05,0.68,0.84,5.54,0.27,0.18,0.42,0,8.8,NA,-105.7725203,40.50086976
FCW 1046,1046,Long Draw Reservoir Outflow,LNGO_091521,LNGO,9/15/2021,10:10:00,NA,NORM,NA,1.8,6.7,3.89,0.24,7.05,292.56,49.26,1.17,0.03,0.66,0.85,6.03,0.27,0.18,0.39,0,8.76,NA,-105.7709356,40.50367919
FCW 1047,1047,Peterson Reservoir Outflow,PTRO_091521,PTRO,9/15/2021,11:05:00,NA,NORM,NA,1.64,13.5,4.21,0.31,7.18,338.97,47.43,2.52,0.13,1.45,0.55,4.72,0.05,1.17,0.16,0,4.23,NA,-105.7928918,40.56063222
FCW 1048,1048,Peterson Reservoir,PTRR_091521,PTRR,9/15/2021,11:45:00,NA,NORM,NA,1.03,9,4.81,0.43,6.95,200.06,39.13,1.86,0.13,1.45,0.56,3.2,0.03,1.16,0.12,0,7.91,NA,-105.793993,40.55935863
FCW 1049,1049,Joe Wright Reservoir Inflow,JOEI_091521,JOEI,9/15/2021,12:30:00,NA,NORM,NA,0.16,2.5,4,0.12,7.63,644.45,71.18,3.24,0.01,0.75,1.69,7.01,0.1,1.98,0.16,0,3.36,pH and ions confirmed,-105.8831594,40.5401245
FCW 1050,1050,Joe Wright Reservoir,JOER_091521,JOER,9/15/2021,12:50:00,NA,NORM,NA,1.75,4.1,3.27,0.16,7.16,370.39,52.16,1.57,0.05,0.74,1.53,7,0.1,0.52,0.04,0,3.98,NA,-105.8749515,40.55593093
FCW 1051,1051,Chambers Lake Inflow,CBRI_091521,CBRI,9/15/2021,13:15:00,NA,NORM,NA,0.58,5.5,4.51,0.21,7.15,345.49,48.1,1.58,0.01,0.76,1.4,6.45,0.08,0.64,0.22,0,3.37,NA,-105.8572669,40.57794629
FCW 1051,1051,Chambers Lake Inflow,CBRI_091521,CBRI,9/15/2021,13:15:00,NA,NORM,NA,0.58,5.5,4.51,0.21,7.15,345.49,48.1,1.58,0.01,0.76,1.4,6.45,0.08,0.64,0.22,0,3.37,NA,-105.8572669,40.57794629
FCW 1052,1052,Chambers Lake Inflow,CBRI_091521,CBRI,9/15/2021,13:15:00,NA,DUPLICATE,NA,0.53,4,4.44,0.21,7.13,353.04,47.7,1.6,0.01,0.77,1.4,6.53,0.08,0.68,0.24,0,3.38,NA,-105.8572669,40.57794629
FCW 1052,1052,Chambers Lake Inflow,CBRI_091521,CBRI,9/15/2021,13:15:00,NA,DUPLICATE,NA,0.53,4,4.44,0.21,7.13,353.04,47.7,1.6,0.01,0.77,1.4,6.53,0.08,0.68,0.24,0,3.38,NA,-105.8572669,40.57794629
FCW 1053,1053,Barnes Meadow Reservoir Outflow,BMD_091521,BMD,9/15/2021,13:40:00,NA,NORM,NA,1.16,10,6.53,0.58,7.05,407.25,64.67,2.53,0.38,1.44,1.17,6.64,0.05,1.69,0.17,0,7.93,NA,-105.8363862,40.60059258
FCW 1054,1054,Barnes Meadow Reservoir,BRNR_091521,BRNR,9/15/2021,14:00:00,NA,NORM,NA,3.2,5.4,6.29,0.31,7.27,457.45,73.96,2.62,0,1.39,1.08,9,0.06,1.72,0.01,0,11.09,NA,-105.8333281,40.60085972
FCW 1055,1055,Chambers Lake,CBRR_091521,CBRR,9/15/2021,14:25:00,NA,NORM,NA,1.08,5.8,5.66,0.2,7.24,379.9,42.71,1.72,0.04,0.93,1.01,4.2,0.07,0.87,0.1,0,3.32,NA,-105.8432594,40.60437763
FCW 1056,1056,Chambers Lake Outflow,CHD_091521,CHD,9/15/2021,14:40:00,NA,NORM,NA,1.37,3.8,4.55,0.2,7.27,411.76,52.83,1.73,0,0.95,1.08,5.47,0.07,0.59,0.07,0,3.3,NA,-105.8427182,40.60232576
FCW 1063,1063,Comanche Reservoir Inflow,COMI_092121,COMI,9/21/2021,8:46:00,NA,NORM,NA,0.17,2.1,2.34,0.19,6.95,211.21,28.83,2.06,0.02,0.38,0.61,3.14,0.02,0.4,0.49,0,1.96,NA,-105.6626,40.5858963
FCW 1064,1064,Comanche Reservoir,COMR_092121,COMR,9/21/2021,9:11:00,NA,NORM,NA,0.68,10.1,1.96,0.17,7.32,376.72,35.7,2.34,0.02,0.47,0.46,2.56,0.03,0.46,0.15,0,2.47,NA,-105.6455009,40.58530862
FCW 1065,1065,Hourglass Reservoir Inflow,HORI_092121,HORI,9/21/2021,9:25:00,NA,NORM,NA,0.18,2.1,1.04,0.26,6.57,142.36,19.34,1.51,0.03,0.36,0.33,1.65,0.02,0.25,0.6,0,1.48,NA,-105.6409321,40.58050908
FCW 1066,1066,Comanche Reservoir Outflow,COMO_092121,COMO,9/21/2021,9:35:00,NA,NORM,NA,2.68,10,2.45,0.24,6.74,253.07,35.43,2.32,0.01,0.49,0.64,3.95,0.03,0.45,0.21,0,2.36,NA,-105.6440011,40.58460484
FCW 1067,1067,Hourglass Reservoir,HORR_092121,HORR,9/21/2021,10:00:00,NA,NORM,NA,3.02,3.5,1.51,0.16,6.57,160.61,19.82,1.38,0.01,0.38,0.27,1.64,0.04,0.21,0.13,0,1.62,NA,-105.6314023,40.58203201
FCW 1068,1068,Hourglass Reservoir Outflow,HORO_092121,HORO,9/21/2021,10:23:00,NA,NORM,NA,2.69,3.1,0.99,0.16,6.59,164.89,19.83,1.37,0.04,0.39,0.38,1.85,0.04,0.22,0.15,0,1.64,NA,-105.6309523,40.58287424
FCW 1085,1085,Long Draw Reservoir,LNGR_092221,LNGR,9/22/2021,9:10:00,NA,NORM,NA,2.27,5.5,4.31,0.28,6.97,309.51,48.47,1.21,0.03,0.65,0.9,5.66,0.27,0.17,0.31,0,8.41,NA,-105.7725203,40.50086976
FCW 1086,1086,Long Draw Reservoir Outflow,LNGO_092221,LNGO,9/22/2021,9:45:00,NA,NORM,NA,2.57,6,3.77,0.23,6.96,309.08,49.74,1.23,0.06,0.64,0.87,6.41,0.27,0.18,0.3,0,8.44,NA,-105.7709356,40.50367919
FCW 1087,1087,Long Draw Reservoir Outflow,LNGO_092221,LNGO,9/22/2021,9:45:00,NA,DUPLICATE,NA,2.55,6.5,3.74,0.21,6.98,319.32,49.38,1.23,0.05,0.64,0.82,6.26,0.27,0.21,0.3,0,8.47,NA,-105.7709356,40.50367919
FCW 1088,1088,Peterson Reservoir Outflow,PTRO_092221,PTRO,9/22/2021,10:45:00,NA,NORM,NA,3.55,10.5,4.06,0.32,7.04,338.97,42.77,2.6,0.06,1.41,0.47,3.68,0.06,1.33,0.13,0,3.75,NA,-105.7928918,40.56063222
FCW 1089,1089,Peterson Reservoir,PTRR_092221,PTRR,9/22/2021,11:00:00,NA,NORM,NA,1.12,7.4,4.73,0.52,6.8,200.15,37.59,1.79,0.13,1.43,0.52,3.12,0.03,1.07,0.12,0,7.84,NA,-105.793993,40.55935863
FCW 1090,1090,Joe Wright Reservoir Inflow,JOEI_092221,JOEI,9/22/2021,11:30:00,NA,NORM,NA,0.1,2.3,4.05,0.13,7.33,691.02,71.48,3.34,0.02,0.66,1.65,6.98,0.09,2.12,0.2,0,3.22,pH and ions confirmed,-105.8831594,40.5401245
FCW 1091,1091,Joe Wright Reservoir,JOER_092221,JOER,9/22/2021,12:00:00,NA,NORM,NA,1.77,2.8,3.34,0.15,7.05,355.97,49.47,1.55,0.01,0.67,1.45,7.06,0.1,0.51,0.06,0,3.99,NA,-105.8749515,40.55593093
FCW 1092,1092,Chambers Lake Inflow,CBRI_092221,CBRI,9/22/2021,12:30:00,NA,NORM,NA,0.92,4,4.61,0.2,7.02,334.98,46.96,1.58,0.01,0.71,1.33,6.56,0.08,0.63,0.21,0,3.38,NA,-105.8572669,40.57794629
FCW 1092,1092,Chambers Lake Inflow,CBRI_092221,CBRI,9/22/2021,12:30:00,NA,NORM,NA,0.92,4,4.61,0.2,7.02,334.98,46.96,1.58,0.01,0.71,1.33,6.56,0.08,0.63,0.21,0,3.38,NA,-105.8572669,40.57794629
FCW 1093,1093,Barnes Meadow Reservoir Outflow,BMD_092221,BMD,9/22/2021,12:55:00,NA,NORM,NA,0.96,6.6,6.96,0.57,7,317.14,51.09,2.39,0.34,1.18,1.09,4.31,0.07,1.91,0.06,0,6.53,NA,-105.8363862,40.60059258
FCW 1094,1094,Barnes Meadow Reservoir,BRNR_092221,BRNR,9/22/2021,13:15:00,NA,NORM,NA,3.47,4,7.6,0.3,7.12,440.88,75.08,2.52,0.02,1.26,1.1,8.82,0.05,1.82,0,0,11.06,NA,-105.8333281,40.60085972
FCW 1095,1095,Chambers Lake,CBRR_092221,CBRR,9/22/2021,13:45:00,NA,NORM,NA,0.91,3.6,5.51,0.18,7.13,393.6,43.34,1.6,0.02,0.83,0.99,4.04,0.07,0.63,0.04,0,3.48,NA,-105.8432594,40.60437763
FCW 1096,1096,Chambers Lake Outflow,CHD_092221,CHD,9/22/2021,14:10:00,NA,NORM,NA,1.47,3.5,4.31,0.18,7.07,386.35,43.05,1.62,0.06,0.84,1,5.21,0.07,0.64,0,0,3.63,NA,-105.8427182,40.60232576
FCW 1097,1097,Long Draw Reservoir,LNGR_092821,LNGR,9/28/2021,9:45:00,NA,NORM,NA,1.69,5.9,4.29,0.3,6.97,293.01,45.88,1.15,0.06,0.61,0.9,5.12,0.29,0.24,0.2,0,8.32,NA,-105.7725203,40.50086976
FCW 1098,1098,Long Draw Reservoir Outflow,LNGO_092821,LNGO,9/28/2021,10:05:00,NA,NORM,NA,1.97,10.6,3.55,0.19,7,311.06,46.46,1.13,0.05,0.61,0.83,5.7,0.29,0.21,0.19,0,8.39,NA,-105.7709356,40.50367919
FCW 1099,1099,Peterson Reservoir Outflow,PTRO_092821,PTRO,9/28/2021,11:00:00,NA,NORM,NA,3.25,11.5,4.06,0.31,7.12,335.4,42.07,2.6,0.09,1.3,0.47,3.53,0.05,1.33,0.02,0.03,3.79,NO3 Confirmed,-105.7928918,40.56063222
FCW 1100,1100,Peterson Reservoir,PTRR_092821,PTRR,9/28/2021,11:15:00,NA,NORM,NA,0.8,9.3,5.22,0.49,6.77,181.45,39.35,1.68,0.13,1.33,0.53,3.95,0.05,1.05,0.09,0,7.93,NA,-105.793993,40.55935863
FCW 1101,1101,Joe Wright Reservoir Inflow,JOEI_092821,JOEI,9/28/2021,12:05:00,NA,NORM,NA,0.5,2,3.89,0.14,7.49,713.06,68.41,3.64,0.03,0.62,1.49,6.14,0.1,1.97,0.1,0,2.76,pH and ions confirmed,-105.8831594,40.5401245
FCW 1102,1102,Joe Wright Reservoir,JOER_092821,JOER,9/28/2021,12:30:00,NA,DUPLICATE,NA,1.42,2.2,3.45,0.16,7,363.18,51.42,1.4,0.02,0.64,1.43,6.99,0.1,0.47,0.01,0,3.84,NA,-105.8749515,40.55593093
FCW 1103,1103,Joe Wright Reservoir,JOER_092821,JOER,9/28/2021,12:30:00,NA,NORM,NA,1.45,2.5,3.51,0.15,6.98,361.96,50.49,1.43,0.02,0.64,1.41,6.93,0.1,0.51,0.01,0,3.85,NA,-105.8749515,40.55593093
FCW 1104,1104,Chambers Lake Inflow,CBRI_092821,CBRI,9/28/2021,13:00:00,NA,NORM,NA,1.18,3.6,4.33,0.18,6.98,343.68,48.86,1.46,0.03,0.68,1.34,6.72,0.08,0.58,0.15,0,3.36,NA,-105.8572669,40.57794629
FCW 1104,1104,Chambers Lake Inflow,CBRI_092821,CBRI,9/28/2021,13:00:00,NA,NORM,NA,1.18,3.6,4.33,0.18,6.98,343.68,48.86,1.46,0.03,0.68,1.34,6.72,0.08,0.58,0.15,0,3.36,NA,-105.8572669,40.57794629
FCW 1105,1105,Barnes Meadow Reservoir Outflow,BMD_092821,BMD,9/28/2021,13:30:00,NA,NORM,NA,2.05,9.3,6.11,0.6,7.03,349.87,56.95,2.4,0.28,1.29,1.07,5.01,0.05,1.74,0.04,0,7.73,NA,-105.8363862,40.60059258
FCW 1106,1106,Barnes Meadow Reservoir,BRNR_092821,BRNR,9/28/2021,13:45:00,NA,NORM,NA,3.1,3.2,7.33,0.3,7.18,457.34,68.84,2.65,0.02,1.32,1.01,8.11,0.05,1.95,0.02,0,11.2,NA,-105.8333281,40.60085972
FCW 1107,1107,Chambers Lake,CBRR_092821,CBRR,9/28/2021,14:10:00,NA,NORM,NA,0.72,5,5.22,0.17,7.08,391.67,43.46,1.57,0.04,0.83,0.93,4.43,0.07,0.61,0.01,0,3.58,NA,-105.8432594,40.60437763
FCW 1108,1108,Chambers Lake Outflow,CHD_092821,CHD,9/28/2021,14:25:00,NA,NORM,NA,1.15,3.1,4.22,0.19,7.02,402.75,42.77,1.6,0.03,0.85,0.95,4.46,0.07,0.61,0.02,0,3.61,NA,-105.8427182,40.60232576
FCW 1164,1164,Long Draw Reservoir,LNGR_101321,LNGR,10/13/2021,NA,NA,NORM,NA,2.18,12,4.31,0.27,6.98,290.69,44.06,1.22,0.02,0.61,0.82,4.93,0.26,0.23,0.21,0,7.66,NA,-105.7725203,40.50086976
FCW 1165,1165,Long Draw Reservoir Outflow,LNGO_101321,LNGO,10/13/2021,NA,NA,NORM,NA,1.05,14,3.41,0.2,7.01,329.23,46.64,1.74,0.09,0.77,0.99,5.27,0.22,0.35,0.15,0,6.41,Salt contamination?,-105.7709356,40.50367919
FCW 1166,1166,Peterson Reservoir Outflow,PTRO_101321,PTRO,10/13/2021,NA,NA,NORM,NA,2.35,9.5,3.96,0.3,7.07,285.02,37.69,2.47,0.03,1.31,0.44,3.22,0.04,1.33,0.26,0,3.42,NA,-105.7928918,40.56063222
FCW 1167,1167,Peterson Reservoir,PTRR_101321,PTRR,10/13/2021,NA,NA,NORM,NA,1.53,11,5.41,0.47,6.89,192.31,39.53,1.73,0.12,1.31,0.51,3.51,0.04,1.08,0.13,0,7.82,NA,-105.793993,40.55935863
FCW 1168,1168,Joe Wright Reservoir Inflow,JOEI_101321,JOEI,10/13/2021,NA,NA,NORM,NA,0.29,1.3,3.77,0.15,7.27,549.03,67.64,2.41,0.01,0.65,1.32,6.56,0.12,1.37,0.56,0,7.54,pH and ions confirmed,-105.8831594,40.5401245
FCW 1169,1169,Joe Wright Reservoir,JOER_101321,JOER,10/13/2021,NA,NA,NORM,NA,2.78,4.5,3.23,0.15,7.18,394.35,51.46,1.5,0.01,0.63,1.44,6.59,0.09,0.57,0.01,0,3.87,NA,-105.8749515,40.55593093
FCW 1170,1170,Chambers Lake Inflow,CBRI_101321,CBRI,10/13/2021,NA,NA,NORM,NA,1.58,3.9,3.96,0.18,7.22,471.8,60.74,2.29,0.03,0.85,1.47,7.59,0.08,1.1,0.06,0,3.37,Possible salt contamination?,-105.8572669,40.57794629
FCW 1170,1170,Chambers Lake Inflow,CBRI_101321,CBRI,10/13/2021,NA,NA,NORM,NA,1.58,3.9,3.96,0.18,7.22,471.8,60.74,2.29,0.03,0.85,1.47,7.59,0.08,1.1,0.06,0,3.37,Possible salt contamination?,-105.8572669,40.57794629
FCW 1171,1171,Barnes Meadow Reservoir Outflow,BMD_101321,BMD,10/13/2021,NA,NA,NORM,NA,1.97,10.5,5.98,0.57,7.2,372.75,62.07,2.54,0.21,1.29,1.07,5.75,0.05,1.8,0,0,10.81,NA,-105.8363862,40.60059258
FCW 1172,1172,Barnes Meadow Reservoir,BRNR_101321,BRNR,10/13/2021,NA,NA,NORM,NA,4.6,5,7.09,0.34,7.24,476.04,74.96,2.61,0.03,1.27,1.09,8.05,0.07,1.87,0.01,0,10.62,NA,-105.8333281,40.60085972
FCW 1173,1173,Barnes Meadow Reservoir,BRNR_101321,BRNR,10/13/2021,NA,NA,DUPLICATE,NA,4.49,7,7.11,0.34,7.23,453.94,71.26,2.57,0.03,1.28,1.09,7.95,0.04,1.86,0.03,0,10.61,NA,-105.8333281,40.60085972
FCW 1174,1174,Chambers Lake,CBRR_101321,CBRR,10/13/2021,NA,NA,NORM,NA,1.61,35.8,4.99,0.18,7.23,425.54,43.81,1.65,0.01,0.82,0.93,3.95,0.08,0.68,0.02,0,3.85,NA,-105.8432594,40.60437763
FCW 1175,1175,Chambers Lake Outflow,CMD_101321,CHD,10/13/2021,NA,NA,NORM,NA,2.23,6.9,3.87,0.18,7.2,414.3,44.97,1.74,0.04,0.82,0.87,4.23,0.1,0.82,0.02,0,3.87,NA,-105.8427182,40.60232576
FCW 1207,1207,Joe Wright Reservoir Inflow,JOEI_102621,JOEI,10/26/2021,9:15:00,NA,NORM,NA,0.28,1.5,4.14,0.24,7.12,582.73,64.39,2.24,0.01,0.65,1.07,4.95,0.18,0.92,0.68,0,9.47,NA,-105.8831594,40.5401245
FCW 1208,1208,Joe Wright Reservoir Inflow,JOEI_102621,JOEI,10/26/2021,9:15:00,NA,DUPLICATE,NA,0.26,1.5,4.02,0.23,7.12,593.54,65.59,2.26,0,0.65,1.09,4.93,0.17,0.92,0.67,0,9.44,NA,-105.8831594,40.5401245
FCW 1209,1209,Joe Wright Reservoir,JOER_102621,JOER,10/26/2021,9:45:00,NA,NORM,NA,2.24,4,4.01,0.14,6.99,423.31,50.32,1.52,0.01,0.69,1.42,6.27,0.15,0.56,0.05,0,3.93,NA,-105.8749515,40.55593093
FCW 1210,1210,Chambers Lake Inflow,CBRI_102621,CBRI,10/26/2021,10:15:00,NA,NORM,NA,1.22,3.5,4.67,0.2,7.24,541.29,60.19,2.3,0.01,0.93,1.38,6.18,0.08,1.06,0.3,0,3.66,NA,-105.8572669,40.57794629
FCW 1210,1210,Chambers Lake Inflow,CBRI_102621,CBRI,10/26/2021,10:15:00,NA,NORM,NA,1.22,3.5,4.67,0.2,7.24,541.29,60.19,2.3,0.01,0.93,1.38,6.18,0.08,1.06,0.3,0,3.66,NA,-105.8572669,40.57794629
FCW 1211,1211,Barnes Meadow Reservoir Outflow,BMD_102621,BMD,10/26/2021,10:35:00,NA,NORM,NA,1.01,15,7.46,0.38,6.99,518.47,66.97,2.57,0.03,1.36,0.84,5.38,0.07,1.79,0.15,0,11.25,NA,-105.8363862,40.60059258
FCW 1212,1212,Barnes Meadow Reservoir,BRNR_102621,BRNR,10/26/2021,11:15:00,NA,NORM,NA,3.34,4,7.58,0.34,7.08,523.99,71.34,2.55,0.02,1.35,0.85,6.45,0.05,1.77,0.01,0,11.03,NA,-105.8333281,40.60085972
FCW 1213,1213,Chambers Lake,CBRR_102621,CBRR,10/26/2021,11:45:00,NA,NORM,NA,2.08,5.5,4.33,0.18,7.15,459.11,44.74,1.69,0.01,0.9,0.71,3.65,0.08,0.76,0.09,0,4.08,NA,-105.8432594,40.60437763
FCW 1214,1214,Chambers Lake Outflow,CHD_102621,CHD,10/26/2021,12:20:00,NA,NORM,NA,2.41,3.5,4.49,0.2,7.19,468.46,46.51,1.74,0.01,0.92,0.73,3.73,0.07,0.75,0.09,0,4.12,NA,-105.8427182,40.60232576
