Date,Snow_depth_cm,accumulation,melt
10/26/2015,0,,
10/27/2015,0,,
10/28/2015,0,,
10/29/2015,0,,
10/30/2015,0,,
10/31/2015,0,,
11/1/2015,0,,
11/2/2015,0,,
11/3/2015,0,,
11/4/2015,0,,
11/5/2015,0,,
11/6/2015,0,,
11/7/2015,0,,
11/8/2015,0,,
11/9/2015,0,,
11/10/2015,0,,
11/11/2015,7.5,accumulation,melt
11/12/2015,0,,melt
11/13/2015,0,,
11/14/2015,0,,
11/15/2015,0,,
11/16/2015,0,,
11/17/2015,4,accumulation,melt
11/18/2015,0,,
11/19/2015,3,accumulation,melt
11/20/2015,0,,
11/21/2015,2.5,accumulation,melt
11/22/2015,0,,
11/23/2015,0,,
11/24/2015,0,,
11/25/2015,0,,
11/26/2015,20,accumulation,
11/27/2015,22.5,accumulation,
11/28/2015,20,,
11/29/2015,15,,melt
11/30/2015,9,,melt
12/1/2015,9,,
12/2/2015,7.5,,melt
12/3/2015,2.5,,melt
12/4/2015,0,,melt
12/5/2015,0,,melt
12/6/2015,0,,
12/7/2015,0,,
12/8/2015,0,,
12/9/2015,0,,
12/10/2015,0,,
12/11/2015,0,,
12/12/2015,15,accumulation,
12/13/2015,11,,melt
12/14/2015,7,,melt
12/15/2015,18,accumulation,
12/16/2015,15,,
12/17/2015,13,,
12/18/2015,12,,melt
12/19/2015,10,,
12/20/2015,9,,
12/21/2015,8,,
12/22/2015,8,,melt
12/23/2015,10,,
12/24/2015,9,,melt
12/25/2015,9,,
12/26/2015,13,accumulation,
12/27/2015,13,,
12/28/2015,12,,
12/29/2015,12,,
12/30/2015,12,,
12/31/2015,11,,melt
1/1/2016,10,,melt
1/2/2016,10,,
1/3/2016,9,,melt
1/4/2016,9,,melt
1/5/2016,8,,melt
1/6/2016,7,,melt
1/7/2016,5,,melt
1/8/2016,25,accumulation,
1/9/2016,23,,
1/10/2016,22,,
1/11/2016,20,,
1/12/2016,18,,
1/13/2016,15,,
1/14/2016,12,,
1/15/2016,12,,
1/16/2016,12,,
1/17/2016,12,,
1/18/2016,12,,
1/19/2016,10,,melt
1/20/2016,8,,melt
1/21/2016,7,,melt
1/22/2016,5,,melt
1/23/2016,4,,melt
1/24/2016,3,,melt
1/25/2016,3,,melt
1/26/2016,3,,melt
1/27/2016,3,,melt
1/28/2016,0,,melt
1/29/2016,0,,
1/30/2016,0,,
1/31/2016,4,accumulation,melt
2/1/2016,13,accumulation,
2/2/2016,43,accumulation,
2/3/2016,37,,melt
2/4/2016,30,,melt
2/5/2016,28,,
2/6/2016,23,,
2/7/2016,20,,
2/8/2016,19,,melt
2/9/2016,13,,melt
2/10/2016,7,,melt
2/11/2016,0,,melt
2/12/2016,0,,melt
2/13/2016,0,,
2/14/2016,0,,
2/15/2016,0,,
2/16/2016,0,,
2/17/2016,0,,
2/18/2016,0,,
2/19/2016,0,,
2/20/2016,0,,
2/21/2016,0,,
2/22/2016,0,,
2/23/2016,8,accumulation,melt
2/24/2016,0,,melt
2/25/2016,0,,
2/26/2016,0,,
2/27/2016,0,,
2/28/2016,0,,
2/29/2016,0,,
3/1/2016,0,,
3/2/2016,0,,
3/3/2016,0,,
3/4/2016,0,,
3/5/2016,0,,
3/6/2016,0,,
3/7/2016,0,,
3/8/2016,0,,
3/9/2016,0,,
3/10/2016,0,,
3/11/2016,0,,
3/12/2016,0,,
3/13/2016,0,,
3/14/2016,0,,
3/15/2016,0,,
3/16/2016,0,,
3/17/2016,2.5,accumulation,melt
3/18/2016,20,accumulation,melt
3/19/2016,15,,melt
3/20/2016,7.5,,melt
3/21/2016,0,,melt
3/22/2016,0,,
3/23/2016,32.5,accumulation,
3/24/2016,25,,melt
3/25/2016,18.5,,melt
3/26/2016,15,,melt
3/27/2016,10,,melt
3/28/2016,2.5,,melt
3/29/2016,0,,melt
3/30/2016,0,,
3/31/2016,0,,
4/1/2016,0,,
4/2/2016,0,,
4/3/2016,0,,
4/4/2016,0,,
4/5/2016,0,,
4/6/2016,0,,
4/7/2016,0,,
4/8/2016,0,,
4/9/2016,0,,
5/5/2016,0,,
5/6/2016,0,,
5/7/2016,0,,
5/8/2016,0,,
5/9/2016,0,,
5/10/2016,0,,
5/11/2016,0,,
5/12/2016,0,,
5/13/2016,0,,
5/14/2016,0,,
5/15/2016,0,,
5/16/2016,0,,
5/17/2016,0,,
5/18/2016,0,,
5/19/2016,0,,
5/20/2016,0,,
5/21/2016,0,,
5/22/2016,0,,
5/23/2016,0,,
5/24/2016,0,,
5/25/2016,0,,
5/26/2016,0,,
5/27/2016,0,,
5/28/2016,0,,
5/29/2016,0,,
5/30/2016,0,,
5/31/2016,0,,
6/1/2016,0,,
6/2/2016,0,,
6/3/2016,0,,
6/4/2016,0,,
6/5/2016,0,,
6/6/2016,0,,
6/7/2016,0,,
6/8/2016,0,,
6/9/2016,0,,
6/10/2016,0,,
6/11/2016,0,,
6/12/2016,0,,
6/13/2016,0,,
6/14/2016,0,,
6/15/2016,0,,
6/16/2016,0,,
6/17/2016,0,,
6/18/2016,0,,
6/19/2016,0,,
6/20/2016,0,,
6/21/2016,0,,
6/22/2016,0,,
6/23/2016,0,,
6/24/2016,0,,
6/25/2016,0,,
6/26/2016,0,,
6/27/2016,0,,
6/28/2016,0,,
6/29/2016,0,,
6/30/2016,0,,
7/1/2016,0,,
7/2/2016,0,,
7/3/2016,0,,
7/4/2016,0,,
7/5/2016,0,,
7/6/2016,0,,
7/7/2016,0,,
7/8/2016,0,,
7/9/2016,0,,
7/10/2016,0,,
7/11/2016,0,,
7/12/2016,0,,
7/13/2016,0,,
7/14/2016,0,,
7/15/2016,0,,
7/16/2016,0,,
7/17/2016,0,,
7/18/2016,0,,
7/19/2016,0,,
7/20/2016,0,,
7/21/2016,0,,
7/22/2016,0,,
7/23/2016,0,,
7/24/2016,0,,
7/25/2016,0,,
7/26/2016,0,,
7/27/2016,0,,
7/28/2016,0,,
7/29/2016,0,,
7/30/2016,0,,
7/31/2016,0,,
8/1/2016,0,,
8/2/2016,0,,
8/3/2016,0,,
8/4/2016,0,,
8/5/2016,0,,
8/6/2016,0,,
8/7/2016,0,,
8/8/2016,0,,
8/9/2016,0,,
8/10/2016,0,,
8/11/2016,0,,
8/12/2016,0,,
8/13/2016,0,,
8/14/2016,0,,
8/15/2016,0,,
8/16/2016,0,,
8/17/2016,0,,
8/18/2016,0,,
8/19/2016,0,,
8/20/2016,0,,
8/21/2016,0,,
8/22/2016,0,,
8/23/2016,0,,
8/24/2016,0,,
8/25/2016,0,,
8/26/2016,0,,
8/27/2016,0,,
8/28/2016,0,,
8/29/2016,0,,
8/30/2016,0,,
8/31/2016,0,,
9/1/2016,0,,
9/2/2016,0,,
9/3/2016,0,,
9/4/2016,0,,
9/5/2016,0,,
9/6/2016,0,,
9/7/2016,0,,
9/8/2016,0,,
9/9/2016,0,,
9/10/2016,0,,
9/11/2016,0,,
9/12/2016,0,,
9/13/2016,0,,
9/14/2016,0,,
9/15/2016,0,,
9/16/2016,0,,
9/17/2016,0,,
9/18/2016,0,,
9/19/2016,0,,
9/20/2016,0,,
9/21/2016,0,,
9/22/2016,0,,
9/23/2016,0,,
9/24/2016,0,,
9/25/2016,0,,
9/26/2016,0,,
9/27/2016,0,,
9/28/2016,0,,
9/29/2016,0,,
9/30/2016,0,,
10/1/2016,0,,
10/2/2016,0,,
10/3/2016,0,,
10/4/2016,0,,
10/5/2016,0,,
10/6/2016,0,,
10/7/2016,0,,
10/8/2016,0,,
10/9/2016,0,,
10/10/2016,0,,
10/11/2016,0,,
10/12/2016,0,,
10/13/2016,0,,
10/14/2016,0,,
10/15/2016,0,,
10/16/2016,0,,
10/17/2016,0,,
10/18/2016,0,,
10/19/2016,0,,
10/20/2016,0,,
10/21/2016,0,,
10/22/2016,0,,
10/23/2016,0,,
10/24/2016,0,,
10/25/2016,0,,
10/26/2016,0,,
10/27/2016,0,,
10/28/2016,0,,
10/29/2016,0,,
10/30/2016,0,,
10/31/2016,0,,
11/1/2016,0,,
11/2/2016,0,,
11/3/2016,0,,
11/4/2016,0,,
11/5/2016,0,,
11/6/2016,0,,
11/7/2016,0,,
11/8/2016,0,,
11/9/2016,0,,
11/10/2016,0,,
11/11/2016,0,,
11/12/2016,0,,
11/13/2016,0,,
11/14/2016,0,,
11/15/2016,0,,
11/16/2016,0,,
11/17/2016,10,accumulation,
11/18/2016,12.5,accumulation,
11/19/2016,10,,
11/20/2016,7.5,,
11/21/2016,2.5,,melt
11/22/2016,0,,
11/23/2016,0,,
11/24/2016,0,,
11/25/2016,0,,
11/26/2016,0,,
11/27/2016,0,,
11/28/2016,0,,
11/29/2016,0,,
11/30/2016,0,,
12/1/2016,0,,
12/2/2016,5,accumulation,
12/3/2016,2.5,,
12/4/2016,2.5,,melt
12/5/2016,0,,melt
12/6/2016,0,,
12/7/2016,25,accumulation,
12/8/2016,20,,
12/9/2016,15,,melt
12/10/2016,10,,
12/11/2016,12.5,accumulation,
12/12/2016,10,,
12/13/2016,10,,
12/14/2016,10,,
12/15/2016,10,,
12/16/2016,10,,
12/17/2016,25,accumulation,
12/18/2016,22.5,,
12/19/2016,20,,melt
12/20/2016,17.5,,
12/21/2016,17.5,,
12/22/2016,17.5,,
12/23/2016,17.5,,
12/24/2016,17.5,,
12/25/2016,17.5,,
12/26/2016,15,,
12/27/2016,15,,
12/28/2016,15,,
12/29/2016,15,,
12/30/2016,12.5,,
12/31/2016,12.5,,
1/1/2017,12.5,,
1/2/2017,12.5,,
1/3/2017,17.5,,
1/4/2017,22.5,accumulation,
1/5/2017,35,accumulation,
1/6/2017,32.5,,
1/7/2017,30,,
1/8/2017,25,,
1/9/2017,20,,
1/10/2017,12.5,,
1/11/2017,10,,
1/12/2017,10,,
1/13/2017,7.5,,
1/14/2017,7.5,,
1/15/2017,7.5,,melt
1/16/2017,17.5,accumulation,melt
1/17/2017,15,,
1/18/2017,15,,
1/19/2017,15,,
1/20/2017,12.5,,
1/21/2017,12.5,,
1/22/2017,12.5,,
1/23/2017,12.5,,
1/24/2017,17.5,accumulation,
1/25/2017,20,,
1/26/2017,17.5,,
1/27/2017,17.5,,
1/28/2017,15,,
1/29/2017,12.5,,melt
1/30/2017,12.5,,
1/31/2017,12.5,,
2/1/2017,12.5,,
2/2/2017,15,accumulation,
2/3/2017,15,,
2/4/2017,12.5,,melt
2/5/2017,10,,
2/6/2017,10,,
2/7/2017,5,,melt
2/8/2017,2.5,,
2/9/2017,0,,melt
2/10/2017,0,,melt
2/11/2017,0,,
2/12/2017,0,,
2/13/2017,0,,
2/14/2017,0,,
2/15/2017,0,,
2/16/2017,0,,
2/17/2017,0,,
2/18/2017,0,,
2/19/2017,0,,
2/20/2017,0,,
2/21/2017,0,,
2/22/2017,0,,
2/23/2017,25,accumulation,
2/24/2017,25,,
2/25/2017,20,,melt
2/26/2017,17.5,,melt
2/27/2017,15,,melt
2/28/2017,15,,
3/1/2017,15,,melt
3/2/2017,12.5,,
3/3/2017,10,,melt
3/4/2017,5,,melt
3/5/2017,2.5,,melt
3/6/2017,2.5,,melt
3/7/2017,2.5,,melt
3/8/2017,0,,melt
3/9/2017,0,,
3/10/2017,0,,
3/11/2017,0,,
3/12/2017,0,,
3/13/2017,0,,
3/14/2017,0,,
3/15/2017,0,,
3/16/2017,0,,
3/17/2017,0,,
3/18/2017,0,,
3/19/2017,0,,
3/20/2017,0,,
3/21/2017,0,,
3/22/2017,0,,
3/23/2017,0,,
3/24/2017,0,,
3/25/2017,0,,
3/26/2017,0,,
3/27/2017,0,,
3/28/2017,0,,
3/29/2017,0,,
3/30/2017,0,,
3/31/2017,2.5,accumulation,
4/1/2017,5,accumulation,melt
4/2/2017,0,,
4/3/2017,0,,
4/4/2017,15,accumulation,melt
4/5/2017,2.5,,melt
4/6/2017,0,,
4/7/2017,0,,
4/8/2017,0,,
4/9/2017,0,,
4/10/2017,0,,
4/11/2017,0,,
4/12/2017,0,,
4/13/2017,0,,
4/14/2017,0,,
4/15/2017,0,,
4/16/2017,0,,
4/17/2017,0,,
4/18/2017,0,,
4/19/2017,0,,
4/20/2017,0,,
4/21/2017,0,,
4/22/2017,0,,
4/23/2017,0,,
4/24/2017,0,,
4/25/2017,0,,
4/26/2017,0,,
4/27/2017,0,,
4/28/2017,10,accumulation,
4/29/2017,25,accumulation,
4/30/2017,20,,melt
5/1/2017,2.5,,melt
5/2/2017,0,,
5/3/2017,0,,
5/4/2017,0,,
5/5/2017,0,,
5/6/2017,0,,
5/7/2017,0,,
5/8/2017,0,,
5/9/2017,0,,
5/10/2017,0,,
5/11/2017,0,,
5/12/2017,0,,
5/13/2017,0,,
5/14/2017,0,,
5/15/2017,0,,
5/16/2017,0,,
5/17/2017,0,,
5/18/2017,30,accumulation,
5/19/2017,20,,melt
5/20/2017,10,,melt
5/21/2017,2.5,,melt
5/22/2017,0,,melt
5/23/2017,0,,
5/24/2017,0,,
5/25/2017,0,,
5/26/2017,0,,
5/27/2017,0,,
5/28/2017,0,,
5/29/2017,0,,
5/30/2017,0,,
5/31/2017,0,,
6/1/2017,0,,
6/2/2017,0,,
6/3/2017,0,,
6/4/2017,0,,
6/5/2017,0,,
6/6/2017,0,,
6/7/2017,0,,
6/8/2017,0,,
6/9/2017,0,,
6/10/2017,0,,
6/11/2017,0,,
6/12/2017,0,,
6/13/2017,0,,
6/14/2017,0,,
6/15/2017,0,,
6/16/2017,0,,
6/17/2017,0,,
6/18/2017,0,,
6/19/2017,0,,
6/20/2017,0,,
6/21/2017,0,,
6/22/2017,0,,
6/23/2017,0,,
6/24/2017,0,,
6/25/2017,0,,
6/26/2017,0,,
6/27/2017,0,,
6/28/2017,0,,
6/29/2017,0,,
6/30/2017,0,,
7/1/2017,0,,
7/2/2017,0,,
7/3/2017,0,,
7/4/2017,0,,
7/5/2017,0,,
7/6/2017,0,,
7/7/2017,0,,
7/8/2017,0,,
7/9/2017,0,,
7/10/2017,0,,
7/11/2017,0,,
7/12/2017,0,,
7/13/2017,0,,
7/14/2017,0,,
7/15/2017,0,,
7/16/2017,0,,
7/17/2017,0,,
7/18/2017,0,,
7/19/2017,0,,
7/20/2017,0,,
7/21/2017,0,,
7/22/2017,0,,
7/23/2017,0,,
7/24/2017,0,,
7/25/2017,0,,
7/26/2017,0,,
7/27/2017,0,,
7/28/2017,0,,
7/29/2017,0,,
7/30/2017,0,,
7/31/2017,0,,
8/1/2017,0,,
8/2/2017,0,,
8/3/2017,0,,
8/4/2017,0,,
8/5/2017,0,,
8/6/2017,0,,
8/7/2017,0,,
8/8/2017,0,,
8/9/2017,0,,
8/10/2017,0,,
8/11/2017,0,,
8/12/2017,0,,
8/13/2017,0,,
8/14/2017,0,,
8/15/2017,0,,
8/16/2017,0,,
8/17/2017,0,,
8/18/2017,0,,
8/19/2017,0,,
8/20/2017,0,,
8/21/2017,0,,
8/22/2017,0,,
8/23/2017,0,,
8/24/2017,0,,
8/25/2017,0,,
8/26/2017,0,,
8/27/2017,0,,
8/28/2017,0,,
8/29/2017,0,,
8/30/2017,0,,
8/31/2017,0,,
9/1/2017,0,,
9/2/2017,0,,
9/3/2017,0,,
9/4/2017,0,,
9/5/2017,0,,
9/6/2017,0,,
9/7/2017,0,,
9/8/2017,0,,
9/9/2017,0,,
9/10/2017,0,,
9/11/2017,0,,
9/12/2017,0,,
9/13/2017,0,,
9/14/2017,0,,
9/15/2017,0,,
9/16/2017,0,,
9/17/2017,0,,
9/18/2017,0,,
9/19/2017,0,,
9/20/2017,0,,
9/21/2017,0,,
9/22/2017,0,,
9/23/2017,0,,
9/24/2017,0,,
9/25/2017,0,,
9/26/2017,0,,
9/27/2017,0,,
9/28/2017,0,,
9/29/2017,0,,
9/30/2017,0,,
10/1/2017,0,,
10/2/2017,0,,
10/3/2017,0,,
10/4/2017,0,,
10/5/2017,0,,
10/6/2017,0,,
10/7/2017,0,,
10/8/2017,0,,
10/9/2017,0,,
10/10/2017,0,,
10/11/2017,0,,
10/12/2017,0,,
10/13/2017,0,,
10/14/2017,0,,
10/15/2017,0,,
10/16/2017,0,,
10/17/2017,0,,
10/18/2017,0,,
10/19/2017,0,,
10/20/2017,0,,
10/21/2017,0,,
10/22/2017,0,,
10/23/2017,0,,
10/24/2017,0,,
10/25/2017,0,,
10/26/2017,2.5,accumulation,
10/27/2017,1,,melt
10/28/2017,0,,
10/29/2017,0,,
10/30/2017,2.5,accumulation,melt
10/31/2017,1,,melt
11/1/2017,0,,
11/2/2017,0,,
11/3/2017,0,,
11/4/2017,0,,
11/5/2017,0,,
11/6/2017,0,,
11/7/2017,20,accumulation,
11/8/2017,10,,
11/9/2017,9,,
11/10/2017,8,,melt
11/11/2017,2,,melt
11/12/2017,0,,
11/13/2017,0,,
11/14/2017,0,,
11/15/2017,0,,
11/16/2017,0,,
11/17/2017,0,,
11/18/2017,0,,
11/19/2017,0,,
11/20/2017,0,,
11/21/2017,0,,
11/22/2017,0,,
11/23/2017,0,,
11/24/2017,0,,
11/25/2017,0,,
11/26/2017,0,,
11/27/2017,0,,
11/28/2017,0,,
11/29/2017,0,,
11/30/2017,0,,
12/1/2017,0,,
12/2/2017,0,,
12/3/2017,0,,
12/4/2017,0,,
12/5/2017,0,,
12/6/2017,0,,
12/7/2017,0,,
12/8/2017,0,,
12/9/2017,0,,
12/10/2017,0,,
12/11/2017,0,,
12/12/2017,0,,
12/13/2017,0,,
12/14/2017,14,accumulation,
12/15/2017,10,,
12/16/2017,8,,
12/17/2017,6,,
12/18/2017,5,,melt
12/19/2017,5,,
12/20/2017,5,,
12/21/2017,10,accumulation,
12/22/2017,10,,
12/23/2017,9,,
12/24/2017,6,,
12/25/2017,6,,
12/26/2017,6,,
12/27/2017,10,,
12/28/2017,8,,
12/29/2017,5,,
12/30/2017,4,,
12/31/2017,20,accumulation,
1/1/2018,15,,
1/2/2018,10,,
1/3/2018,5,,
1/4/2018,5,,
1/5/2018,5,,
1/6/2018,3,,melt
1/7/2018,3,,
1/8/2018,2,,
1/9/2018,2,,
1/10/2018,1,,melt
1/11/2018,1,,
1/12/2018,1,,
1/13/2018,0,,melt
1/14/2018,0,,
1/15/2018,14,accumulation,
1/16/2018,10,,
1/17/2018,8,,melt
1/18/2018,4,,melt
1/19/2018,2,,melt
1/20/2018,0,,
1/21/2018,20,accumulation,
1/22/2018,18,,melt
1/23/2018,18,,melt
1/24/2018,10,,melt
1/25/2018,10,,melt
1/26/2018,9,,
1/27/2018,14,,
1/28/2018,12,,
1/29/2018,10,,
1/30/2018,10,,
1/31/2018,5,,
2/1/2018,5,,
2/2/2018,15,,
2/3/2018,15,,
2/4/2018,15,,
2/5/2018,10,,
2/6/2018,10,,
2/7/2018,5,,
2/8/2018,5,,
2/9/2018,2.5,,
2/10/2018,0,,
2/11/2018,0,,
2/12/2018,0,,
2/13/2018,0,,
2/14/2018,0,,
2/15/2018,0,,
2/16/2018,0,,
2/17/2018,0,,
2/18/2018,0,,
2/19/2018,0,,
2/20/2018,0,,
2/21/2018,0,,
2/22/2018,0,,
2/23/2018,10,,
2/24/2018,18,accumulation,
2/25/2018,12,,
2/26/2018,10,,
2/27/2018,6,,melt
2/28/2018,6,,melt
3/1/2018,6,,melt
3/2/2018,4,,melt
3/3/2018,2,,melt
3/4/2018,0,,
3/5/2018,0,,
3/6/2018,0,,
3/7/2018,0,,
3/8/2018,0,,
3/9/2018,0,,
3/10/2018,0,,
3/11/2018,0,,
3/12/2018,0,,
3/13/2018,0,,
3/14/2018,0,,
3/15/2018,0,,
3/16/2018,0,,
3/17/2018,0,,
3/18/2018,0,,
3/19/2018,2,accumulation,melt
3/20/2018,0,,
3/21/2018,0,,
3/22/2018,0,,
3/23/2018,0,,
3/24/2018,0,,
3/25/2018,0,,
3/26/2018,1,accumulation,
3/27/2018,0,,
3/28/2018,10,accumulation,
3/29/2018,6,,melt
3/30/2018,0,,melt
3/31/2018,0,,
4/1/2018,1,accumulation,melt
4/2/2018,0,,
4/3/2018,0,,
4/4/2018,0,,
4/5/2018,0,,
4/6/2018,11,accumulation,
4/7/2018,5,,melt
4/8/2018,0,,
4/9/2018,0,,
4/10/2018,0,,
4/11/2018,0,,
4/12/2018,0,,
4/13/2018,0,,
4/14/2018,0,,
4/15/2018,0,,
4/16/2018,0,,
4/17/2018,0,,
4/18/2018,0,,
4/19/2018,0,,
4/20/2018,0,,
4/21/2018,5,accumulation,melt
4/22/2018,2.5,,melt
4/23/2018,0,,
4/24/2018,0,,
4/25/2018,0,,
4/26/2018,0,,
4/27/2018,0,,
4/28/2018,0,,
4/29/2018,0,,
4/30/2018,0,,
5/1/2018,0,,
5/2/2018,0,,
5/3/2018,0,,
5/4/2018,0,,
5/5/2018,0,,
5/6/2018,0,,
5/7/2018,0,,
5/8/2018,0,,
5/9/2018,0,,
5/10/2018,0,,
5/11/2018,0,,
5/12/2018,0,,
5/13/2018,0,,
5/14/2018,0,,
5/15/2018,0,,
5/16/2018,0,,
5/17/2018,0,,
5/18/2018,0,,
5/19/2018,0,,
5/20/2018,0,,
5/21/2018,0,,
5/22/2018,0,,
5/23/2018,0,,
5/24/2018,0,,
5/25/2018,0,,
5/26/2018,0,,
5/27/2018,0,,
5/28/2018,0,,
5/29/2018,0,,
5/30/2018,0,,
5/31/2018,0,,
6/1/2018,0,,
6/2/2018,0,,
6/3/2018,0,,
6/4/2018,0,,
6/5/2018,0,,
6/6/2018,0,,
6/7/2018,0,,
6/8/2018,0,,
6/9/2018,0,,
6/10/2018,0,,
6/11/2018,0,,
6/12/2018,0,,
6/13/2018,0,,
6/14/2018,0,,
6/15/2018,0,,
6/16/2018,0,,
6/17/2018,0,,
6/18/2018,0,,
6/19/2018,0,,
6/20/2018,0,,
6/21/2018,0,,
6/22/2018,0,,
6/23/2018,0,,
6/24/2018,0,,
6/25/2018,0,,
6/26/2018,0,,
6/27/2018,0,,
6/28/2018,0,,
6/29/2018,0,,
6/30/2018,0,,
7/1/2018,0,,
7/2/2018,0,,
7/3/2018,0,,
7/4/2018,0,,
7/5/2018,0,,
7/6/2018,0,,
7/7/2018,0,,
7/8/2018,0,,
7/9/2018,0,,
7/10/2018,0,,
7/11/2018,0,,
7/12/2018,0,,
7/13/2018,0,,
7/14/2018,0,,
7/15/2018,0,,
7/16/2018,0,,
7/17/2018,0,,
7/18/2018,0,,
7/19/2018,0,,
7/20/2018,0,,
7/21/2018,0,,
7/22/2018,0,,
7/23/2018,0,,
7/24/2018,0,,
7/25/2018,0,,
7/26/2018,0,,
7/27/2018,0,,
7/28/2018,0,,
7/29/2018,0,,
7/30/2018,0,,
7/31/2018,0,,
8/1/2018,0,,
8/2/2018,0,,
8/3/2018,0,,
8/4/2018,0,,
8/5/2018,0,,
8/6/2018,0,,
8/7/2018,0,,
8/8/2018,0,,
8/9/2018,0,,
8/10/2018,0,,
8/11/2018,0,,
8/12/2018,0,,
8/13/2018,0,,
8/14/2018,0,,
8/15/2018,0,,
8/16/2018,0,,
8/17/2018,0,,
8/18/2018,0,,
8/19/2018,0,,
8/20/2018,0,,
8/21/2018,0,,
8/22/2018,0,,
8/23/2018,0,,
8/24/2018,0,,
8/25/2018,0,,
8/26/2018,0,,
8/27/2018,0,,
8/28/2018,0,,
8/29/2018,0,,
8/30/2018,0,,
8/31/2018,0,,
9/1/2018,0,,
9/2/2018,0,,
9/3/2018,0,,
9/4/2018,0,,
9/5/2018,0,,
9/6/2018,0,,
9/7/2018,0,,
9/8/2018,0,,
9/9/2018,0,,
9/10/2018,0,,
9/11/2018,0,,
9/12/2018,0,,
9/13/2018,0,,
9/14/2018,0,,
9/15/2018,0,,
9/16/2018,0,,
9/17/2018,0,,
9/18/2018,0,,
9/19/2018,0,,
9/20/2018,0,,
9/21/2018,0,,
9/22/2018,0,,
9/23/2018,0,,
9/24/2018,0,,
9/25/2018,0,,
9/26/2018,0,,
9/27/2018,0,,
9/28/2018,0,,
9/29/2018,0,,
9/30/2018,0,,
10/1/2018,0,,
10/2/2018,0,,
10/3/2018,0,,
10/4/2018,0,,
10/5/2018,0,,
10/6/2018,0,,
10/7/2018,0,,
10/8/2018,0,,
10/9/2018,0,,
10/10/2018,0,,
10/11/2018,0,,
10/12/2018,0,,
10/13/2018,0,,
10/14/2018,0,,
10/15/2018,0,,
10/16/2018,0,,
10/17/2018,0,,
10/18/2018,0,,
10/19/2018,0,,
10/20/2018,0,,
10/21/2018,0,,
10/22/2018,0,,
10/23/2018,0,,
10/24/2018,0,,
10/25/2018,0,,
10/26/2018,0,,
10/27/2018,0,,
10/28/2018,0,,
10/29/2018,0,,
10/30/2018,0,,
10/31/2018,0,,
11/1/2018,0,,
11/2/2018,0,,
11/3/2018,0,,
11/4/2018,0,,
11/5/2018,0,,
11/6/2018,0,,
11/7/2018,0,,
11/8/2018,0,,
11/9/2018,0,,
11/10/2018,0,,
11/11/2018,15,accumulation,
11/12/2018,12.5,,
11/13/2018,5,,
11/14/2018,5,,
11/15/2018,2.5,,melt
11/16/2018,0,,melt
11/17/2018,10,accumulation,
11/18/2018,5,,
11/19/2018,5,,
11/20/2018,5,,
11/21/2018,5,,
11/22/2018,5,,
11/23/2018,2.5,,melt
11/24/2018,2.5,,
11/25/2018,2.5,,
11/26/2018,1,,melt
11/27/2018,1,,melt
11/28/2018,0,,melt
11/29/2018,0,,
11/30/2018,1,accumulation,
12/1/2018,0,,melt
12/2/2018,0,,
12/3/2018,5,accumulation,
12/4/2018,5,,
12/5/2018,5,,
12/6/2018,5,,
12/7/2018,10,,
12/8/2018,5,,
12/9/2018,5,,
12/10/2018,5,,
12/11/2018,2.5,,
12/12/2018,1,,
12/13/2018,1,,
12/14/2018,1,,
12/15/2018,1,,
12/16/2018,1,,
12/17/2018,0.5,,melt
12/18/2018,0.5,,
12/19/2018,0.5,,
12/20/2018,0.5,,
12/21/2018,0.5,,
12/22/2018,0.5,,
12/23/2018,0.5,,
12/24/2018,0.5,,
12/25/2018,0.5,,
12/26/2018,0.5,,
12/27/2018,0.5,,
12/28/2018,1,accumulation,
12/29/2018,1,,
12/30/2018,0.5,,
12/31/2018,7.5,accumulation,
1/1/2019,5,,
1/2/2019,5,,
1/3/2019,10,,
1/4/2019,5,,
1/5/2019,2.5,,melt
1/6/2019,1,,melt
1/7/2019,1,,
1/8/2019,1,,
1/9/2019,1,,
1/10/2019,0.5,,
1/11/2019,5,accumulation,
1/12/2019,10,accumulation,
1/13/2019,5,,
1/14/2019,5,,
1/15/2019,5,,
1/16/2019,2.5,,melt
1/17/2019,2.5,,
1/18/2019,5,accumulation,
1/19/2019,5,,
1/20/2019,2.5,,
1/21/2019,2.5,,
1/22/2019,5,,
1/23/2019,5,,
1/24/2019,10,accumulation,
1/25/2019,10,,
4/23/2019,0,,
4/24/2019,0,,
4/25/2019,0,,
4/26/2019,0,,
4/27/2019,0,,
4/28/2019,0,,
4/29/2019,10,accumulation,
4/30/2019,10,,
5/1/2019,0,,melt
5/2/2019,0,,melt
5/3/2019,0,,
5/4/2019,0,,
5/5/2019,0,,
5/6/2019,0,,
5/7/2019,0,,
5/8/2019,0,,
5/9/2019,1,accumulation,melt
5/10/2019,0,,melt
5/11/2019,0,,
5/12/2019,0,,
5/13/2019,0,,
5/14/2019,0,,
5/15/2019,0,,
5/16/2019,0,,
5/17/2019,0,,
5/18/2019,0,,
5/19/2019,0,,
5/20/2019,1,accumulation,melt
5/21/2019,10,accumulation,melt
5/22/2019,0,,melt
5/23/2019,0,,
5/24/2019,0,,
11/15/2019,0,,
11/16/2019,0,,
11/17/2019,0,,
11/18/2019,0,,
11/19/2019,0,,
11/20/2019,1,accumulation,
11/21/2019,5,accumulation,
11/22/2019,5,,
11/23/2019,,,
11/24/2019,,,
11/25/2019,,,
11/26/2019,,,
11/27/2019,50,accumulation,
11/28/2019,45,,
11/29/2019,40,,
11/30/2019,35,,
12/1/2019,35,,
12/2/2019,30,,
12/3/2019,25,,
12/4/2019,22,,
12/5/2019,20,,
12/6/2019,17,,
12/7/2019,17,,
12/8/2019,16,,
12/9/2019,16,,
12/10/2019,17,,
12/11/2019,17,,
12/12/2019,15,,
12/13/2019,15,,
12/14/2019,20,accumulation,
12/15/2019,20,,
12/16/2019,20,,
12/17/2019,20,,
12/18/2019,20,,
12/19/2019,20,,
12/20/2019,20,,
12/21/2019,15,,
12/22/2019,15,,
12/23/2019,15,,
12/24/2019,15,,
12/25/2019,15,,
12/26/2019,15,,
12/27/2019,15,,
12/28/2019,17,accumulation,
12/29/2019,15,,
12/30/2019,15,,
12/31/2019,15,,
1/1/2020,15,,
1/2/2020,15,,
1/3/2020,15,,
1/4/2020,15,,
1/5/2020,15,,
1/6/2020,15,,
1/7/2020,15,,
1/8/2020,15,,
1/9/2020,15,,
1/10/2020,15,,
1/11/2020,15,,
1/12/2020,15,,
1/13/2020,15,,
1/14/2020,,,
1/15/2020,,,
1/16/2020,,,
1/17/2020,,,
1/18/2020,,,
1/19/2020,,,
1/20/2020,,,
1/21/2020,,,
1/22/2020,,,
1/23/2020,,,
1/24/2020,,,
1/25/2020,,,
1/26/2020,,,
1/27/2020,,,
1/28/2020,,,
1/29/2020,,,
1/30/2020,,,
1/31/2020,,,
2/1/2020,,,
2/2/2020,,,
2/3/2020,,,
2/4/2020,,,
2/5/2020,25,,
2/6/2020,,,
2/7/2020,,,
2/8/2020,,,
2/9/2020,,,
2/10/2020,,,
2/11/2020,25,,
2/12/2020,25,,
2/13/2020,27,accumulation,
2/14/2020,20,,
2/15/2020,20,,
2/16/2020,20,,
2/17/2020,15,,
2/18/2020,15,,
2/19/2020,25,accumulation,
2/20/2020,25,,
2/21/2020,20,,
2/22/2020,15,,
2/23/2020,15,,
2/24/2020,15,,
2/25/2020,,,
2/26/2020,,,
2/27/2020,12,,
2/28/2020,10,,
2/29/2020,10,,
3/1/2020,,,
3/2/2020,,,
3/3/2020,,,
3/4/2020,,,
3/5/2020,,,
3/6/2020,,,
3/7/2020,,,
3/8/2020,,,
3/9/2020,,,
3/10/2020,,,
3/11/2020,,,
3/12/2020,,,
4/6/2020,0,,
4/8/2020,0,,
4/9/2020,0,,
4/10/2020,0,,
